FACILITY ID,WDID,FACILITY NAME,PROGRAM CATEGORY,Reclassification,COMMUNITY TYPE,FEDERAL FACILITY,GW ASSESSMENT,NPDES ASSESSMENT,WDR ASSESSMENT,CS ASSESSMENT
656643,#N/A,"850 Jefferson Avenue, Redwood City On Broadway",NPDESWW,NR,n/a,FALSE,No,No,No,No
234156,#N/A,A.K. Warren Water Resource Facility,NPDESWW,i,COMMUNITY,FALSE,No,Yes,No,No
205325,#N/A,Alturas Municipal WWTP,NPDESWW,i,COMMUNITY,FALSE,No,Yes,No,No
205477,#N/A,American Canyon Water Reclamation Facility (WRF) (formerly WWTP),NPDESWW,i,COMMUNITY,FALSE,No,Yes,No,No
251217,#N/A,American Valley WWTP,NPDESWW,i,COMMUNITY,FALSE,No,Yes,No,No
205741,#N/A,Anderson WPCP,NPDESWW,i,COMMUNITY,FALSE,No,Yes,No,No
205793,#N/A,Angels City WWTP,NPDESWW,i,COMMUNITY,FALSE,No,Yes,No,No
206164,#N/A,Arcata City WWTF,NPDESWW,i,COMMUNITY,FALSE,No,Yes,No,No
747519,#N/A,Atwater Regional WWTF,NPDESWW,i,COMMUNITY,FALSE,No,Yes,No,No
839916,#N/A,Atwater WWTF Mun WW Disch that Meet Obj/Criteria at the Point of Discharge,NPDESWW,i,COMMUNITY,FALSE,No,Yes,No,No
206733,#N/A,Auburn WWTP,NPDESWW,i,COMMUNITY,FALSE,No,Yes,No,No
208276,#N/A,Avalon WWTF,NPDESWW,i,COMMUNITY,FALSE,No,Yes,No,No
206888,#N/A,Avila WWTP,NPDESWW,i,COMMUNITY,FALSE,No,Yes,No,No
252771,#N/A,Beach Wastewater Treatment Facility,NPDESWW,i,COMMUNITY,FALSE,No,Yes,No,No
273161,#N/A,Bear Valley CSD WWTP,NPDESWW,i,COMMUNITY,FALSE,No,Yes,No,No
209035,#N/A,Bear Valley WWTF,NPDESWW,i,COMMUNITY,FALSE,No,Yes,No,No
259170,#N/A,Beaumont WWTP No. 1,NPDESWW,i,COMMUNITY,FALSE,No,Yes,No,No
209253,#N/A,Benicia WWTP,NPDESWW,i,COMMUNITY,FALSE,No,Yes,No,No
209484,#N/A,Big Basin Redwoods SP WWTP,NPDESWW,RE,TRANSIENT,FALSE,No,No,No,No
209509,#N/A,Big Creek Powerhouse No 1 WWTF,NPDESWW,i,COMMUNITY,FALSE,No,Yes,No,No
210272,#N/A,Brawley City WWTP,NPDESWW,i,COMMUNITY,FALSE,No,Yes,No,No
210322,#N/A,Brentwood WWTP,NPDESWW,i,COMMUNITY,FALSE,No,Yes,No,No
212135,#N/A,Burbank WRP,NPDESWW,i,COMMUNITY,FALSE,No,Yes,No,No
210839,#N/A,Burlingame WWTP,NPDESWW,i,COMMUNITY,FALSE,No,Yes,No,No
213850,#N/A,CA Dept of Corrections Centinela WWTP,NPDESWW,i,COMMUNITY,FALSE,No,Yes,No,No
212585,#N/A,Calera Creek Water Recycling Plant,NPDESWW,i,COMMUNITY,FALSE,No,Yes,No,No
212589,#N/A,Calexico City WWTP,NPDESWW,i,COMMUNITY,FALSE,No,Yes,No,No
212681,#N/A,California Men's Colony WWTP,NPDESWW,i,COMMUNITY,FALSE,No,Yes,No,No
212739,#N/A,Calipatria City WWTP,NPDESWW,i,COMMUNITY,FALSE,No,Yes,No,No
212750,#N/A,Calistoga City Dunaweal WWTP,NPDESWW,i,COMMUNITY,FALSE,No,Yes,No,No
216719,#N/A,Camarillo WRP,NPDESWW,i,COMMUNITY,FALSE,No,Yes,No,No
216832,#N/A,Camrosa Water Reclamation Facility,NPDESWW,i,COMMUNITY,FALSE,No,Yes,No,No
213281,#N/A,Carmel Area WWTP,NPDESWW,i,COMMUNITY,FALSE,No,Yes,No,No
213332,#N/A,Carpinteria SD WWTP,NPDESWW,i,COMMUNITY,FALSE,No,Yes,No,No
213432,#N/A,Cascade Shores WWTP,NPDESWW,i,COMMUNITY,FALSE,No,Yes,No,No
824400,#N/A,Cayucos SD WWTP,NPDESWW,i,COMMUNITY,FALSE,No,Yes,No,No
213875,#N/A,Central Contra Costa SD WWTP,NPDESWW,i,COMMUNITY,FALSE,No,Yes,No,No
213889,#N/A,Central Marin San. Agcy. WWTP,NPDESWW,i,COMMUNITY,FALSE,No,Yes,No,No
214199,#N/A,Chester STP,NPDESWW,i,COMMUNITY,FALSE,No,Yes,No,No
271805,#N/A,Chico Water Pollution Control Plant,NPDESWW,i,COMMUNITY,FALSE,No,Yes,No,No
215106,#N/A,City of Colfax WWTP,NPDESWW,i,COMMUNITY,FALSE,No,Yes,No,No
215225,#N/A,City of Colusa WWTP,NPDESWW,i,COMMUNITY,FALSE,No,Yes,No,No
215750,#N/A,City of Corning WWTP,NPDESWW,i,COMMUNITY,FALSE,No,Yes,No,No
219223,#N/A,City of Davis WWTP,NPDESWW,i,COMMUNITY,FALSE,No,Yes,No,No
214642,#N/A,City of Jackson WWTP,NPDESWW,i,COMMUNITY,FALSE,No,Yes,No,No
271781,#N/A,City of Lathrop Consolidated Treatment Facility,NPDESWW,i,COMMUNITY,FALSE,No,Yes,No,No
237195,#N/A,City of Livermore Water Reclamation Plant,NPDESWW,i,COMMUNITY,FALSE,No,Yes,No,No
239343,#N/A,City of Manteca WW Quality Control Facility,NPDESWW,i,COMMUNITY,FALSE,No,Yes,No,No
241146,#N/A,City of Modesto WQCF,NPDESWW,i,COMMUNITY,FALSE,No,Yes,No,No
882248,#N/A,City of Morro Bay Water Reclamation Facility,NPDESWW,i,COMMUNITY,FALSE,No,Yes,No,No
217831,#N/A,City of Pinole WWTP,NPDESWW,i,COMMUNITY,FALSE,No,Yes,No,No
255218,#N/A,City of San Clemente WRP,NPDESWW,i,COMMUNITY,FALSE,No,Yes,No,No
850597,#N/A,City of San Diego North City Pure Water Facility,NPDESWW,i,COMMUNITY,FALSE,No,Yes,No,No
214802,#N/A,Clear Creek WWTP,NPDESWW,i,COMMUNITY,FALSE,No,Yes,No,No
214888,#N/A,Cloverdale City WWTP,NPDESWW,i,COMMUNITY,FALSE,No,Yes,No,No
214899,#N/A,Clovis WWTF,NPDESWW,i,COMMUNITY,FALSE,No,Yes,No,No
214933,#N/A,Coachella SD WWTP,NPDESWW,i,COMMUNITY,FALSE,No,Yes,No,No
216446,#N/A,Coachella Valley WD WWTP,NPDESWW,i,COMMUNITY,FALSE,No,Yes,No,No
259146,#N/A,Colton WRF,NPDESWW,i,COMMUNITY,FALSE,No,Yes,No,No
259178,#N/A,"Colton/San Bernadino STP, RIX",NPDESWW,i,COMMUNITY,FALSE,No,Yes,No,No
255003,#N/A,Copper Cove WWRF,NPDESWW,i,COMMUNITY,FALSE,No,Yes,No,No
259171,#N/A,Corona WWRF #1,NPDESWW,i,COMMUNITY,FALSE,No,Yes,No,No
259174,#N/A,Corona WWRF #3,NPDESWW,i,COMMUNITY,FALSE,No,Yes,No,No
215903,#N/A,Cottonwood WWTP,NPDESWW,i,COMMUNITY,FALSE,No,Yes,No,No
215925,#N/A,Country Life MHPRV Asset Partners LP WWTP,NPDESWW,i,COMMUNITY,FALSE,No,Yes,No,No
215966,#N/A,Covelo POTW,NPDESWW,i,COMMUNITY,FALSE,No,Yes,No,No
216106,#N/A,Crescent City WWTP,NPDESWW,i,COMMUNITY,FALSE,No,Yes,No,No
273166,#N/A,Cutler-Orosi WWTF,NPDESWW,i,COMMUNITY,FALSE,No,Yes,No,No
219146,#N/A,Date Gardens MHP WWTP,NPDESWW,i,COMMUNITY,FALSE,No,Yes,No,No
219398,#N/A,Deer Creek WWTP,NPDESWW,i,COMMUNITY,FALSE,No,Yes,No,No
219530,#N/A,Delleker WWTP,NPDESWW,i,COMMUNITY,FALSE,No,Yes,No,No
219552,#N/A,Delta Diablo WWTP,NPDESWW,i,COMMUNITY,FALSE,No,Yes,No,No
220315,#N/A,Discovery Bay WWTP,NPDESWW,i,COMMUNITY,FALSE,No,Yes,No,No
267571,#N/A,Donald C. Tillman WWRP,NPDESWW,i,COMMUNITY,FALSE,No,Yes,No,No
220548,#N/A,Donner Summit PUD WWTP,NPDESWW,i,COMMUNITY,FALSE,No,Yes,No,No
220768,#N/A,Dry Creek WWTP,NPDESWW,i,COMMUNITY,FALSE,No,Yes,No,No
220792,#N/A,Dublin San Ramon SD WWTP,NPDESWW,i,COMMUNITY,FALSE,No,Yes,No,No
220850,#N/A,Dunsmuir WWTP,NPDESWW,i,COMMUNITY,FALSE,No,Yes,No,No
222132,#N/A,EBMUD WPCP,NPDESWW,i,COMMUNITY,FALSE,No,Yes,No,No
259214,#N/A,EVMWD Regional WWRF,NPDESWW,i,COMMUNITY,FALSE,No,Yes,No,No
222057,#N/A,Easterly WWTP,NPDESWW,i,COMMUNITY,FALSE,No,Yes,No,No
254981,#N/A,EchoWater Resource Recovery Facility,NPDESWW,i,COMMUNITY,FALSE,No,Yes,No,No
835669,#N/A,El Capitan State Beach Water System,NPDESWW,DU,COMMUNITY,FALSE,No,No,No,No
222407,#N/A,El Centro City WWTP,NPDESWW,i,COMMUNITY,FALSE,No,Yes,No,No
222434,#N/A,El Dorado Hills WWTP,NPDESWW,i,COMMUNITY,FALSE,No,Yes,No,No
222443,#N/A,El Estero Water Resource Center NPDES,NPDESWW,i,COMMUNITY,FALSE,No,Yes,No,No
222491,#N/A,El Portal WWTF,NPDESWW,i,COMMUNITY,FALSE,No,Yes,No,No
222509,#N/A,El Toro WD WRP,NPDESWW,i,COMMUNITY,FALSE,No,Yes,No,No
222758,#N/A,Encina Water Pollution Control Facility,NPDESWW,i,COMMUNITY,FALSE,No,Yes,No,No
223010,#N/A,Eureka City Elk River WWTP,NPDESWW,i,COMMUNITY,FALSE,No,Yes,No,No
225526,#N/A,Fairfield-Suisun Sewer District Subregional WWTP,NPDESWW,i,COMMUNITY,FALSE,No,Yes,No,No
224137,#N/A,Fallbrook Water Reclamation Plant,NPDESWW,i,COMMUNITY,FALSE,No,Yes,No,No
224348,#N/A,Ferndale City POTW,NPDESWW,i,COMMUNITY,FALSE,No,Yes,No,No
717684,#N/A,Forest Meadows WWRP,NPDESWW,i,COMMUNITY,FALSE,No,Yes,No,No
224901,#N/A,Forestville Water District,NPDESWW,i,COMMUNITY,FALSE,No,Yes,No,No
225055,#N/A,Fort Bragg City WWTP,NPDESWW,i,COMMUNITY,FALSE,No,Yes,No,No
225089,#N/A,Fortuna City WWTP,NPDESWW,i,COMMUNITY,FALSE,No,Yes,No,No
226690,#N/A,Galt WWTP & Reclamation Facility,NPDESWW,i,COMMUNITY,FALSE,No,Yes,No,No
227568,#N/A,Goleta SD WWTP,NPDESWW,i,COMMUNITY,FALSE,No,Yes,No,No
227818,#N/A,Grass Valley City WWTP,NPDESWW,i,COMMUNITY,FALSE,No,Yes,No,No
256050,#N/A,Graton CSD,NPDESWW,i,COMMUNITY,FALSE,No,Yes,No,No
228018,#N/A,Grizzly Ranch CSD,NPDESWW,i,COMMUNITY,FALSE,No,Yes,No,No
229726,#N/A,HARRF DISCH to San Elijo Ocean Outfall,NPDESWW,i,COMMUNITY,FALSE,No,Yes,No,No
229725,#N/A,HARRF Disch To Escondido Creek,NPDESWW,i,COMMUNITY,FALSE,No,Yes,No,No
229559,#N/A,Hammonton Gold Village WWTP,NPDESWW,i,COMMUNITY,FALSE,No,Yes,No,No
229595,#N/A,Hangtown Creek WRF,NPDESWW,i,COMMUNITY,FALSE,No,Yes,No,No
229882,#N/A,Hayward WPCF,NPDESWW,i,COMMUNITY,FALSE,No,Yes,No,No
229922,#N/A,Healdsburg City WWTP,NPDESWW,i,COMMUNITY,FALSE,No,Yes,No,No
229967,#N/A,Heber PUD WWTP,NPDESWW,i,COMMUNITY,FALSE,No,Yes,No,No
259161,#N/A,Henry N. Wochholz WWRF,NPDESWW,i,COMMUNITY,FALSE,No,Yes,No,No
230132,#N/A,Heritage Ranch WWTP,NPDESWW,i,COMMUNITY,FALSE,No,Yes,No,No
231693,#N/A,Hill Canyon WWTP,NPDESWW,i,COMMUNITY,FALSE,No,Yes,No,No
230588,#N/A,Holtville City WWTP,NPDESWW,i,COMMUNITY,FALSE,No,Yes,No,No
232063,#N/A,Hyperion WWTP,NPDESWW,i,COMMUNITY,FALSE,No,Yes,No,No
259184,#N/A,IEUA Carbon Canyon WWRF,NPDESWW,i,COMMUNITY,FALSE,No,Yes,No,No
259165,#N/A,IEUA Regional Plant No. 1,NPDESWW,i,COMMUNITY,FALSE,No,Yes,No,No
259166,#N/A,IEUA Regional Plant No. 2,NPDESWW,i,COMMUNITY,FALSE,No,Yes,No,No
742794,#N/A,IEUA Regional Plant No. 4,NPDESWW,i,COMMUNITY,FALSE,No,Yes,No,No
259169,#N/A,IEUA Regional Plant No. 5,NPDESWW,i,COMMUNITY,FALSE,No,Yes,No,No
237396,#N/A,IRWD Los Alisos WRP,NPDESWW,i,COMMUNITY,FALSE,No,Yes,No,No
232297,#N/A,Imperial City WWTP,NPDESWW,i,COMMUNITY,FALSE,No,Yes,No,No
232656,#N/A,Ironhouse WWTF,NPDESWW,i,COMMUNITY,FALSE,No,Yes,No,No
236019,#N/A,"La Salina WWTP, Oceanside Ocean Outfall",NPDESWW,i,COMMUNITY,FALSE,No,Yes,No,No
236292,#N/A,Lake Wildwood WWTP,NPDESWW,i,COMMUNITY,FALSE,No,Yes,No,No
236236,#N/A,Lake of the Pines WWTP,NPDESWW,i,COMMUNITY,FALSE,No,Yes,No,No
236598,#N/A,Las Gallinas WWTP,NPDESWW,i,COMMUNITY,FALSE,No,Yes,No,No
236649,#N/A,Latham WWP,NPDESWW,i,COMMUNITY,FALSE,No,Yes,No,No
238365,#N/A,Lincoln City WWTF,NPDESWW,i,COMMUNITY,FALSE,No,Yes,No,No
237060,#N/A,Linda Cnty Water District WWTP,NPDESWW,i,COMMUNITY,FALSE,No,Yes,No,No
214647,#N/A,Live Oak City WWTP,NPDESWW,i,COMMUNITY,FALSE,No,Yes,No,No
237295,#N/A,Loleta WWTF,NPDESWW,i,COMMUNITY,FALSE,No,Yes,No,No
237315,#N/A,Lompoc City Regional Wastewater Reclamation Plant,NPDESWW,i,COMMUNITY,FALSE,No,Yes,No,No
238562,#N/A,Long Beach WRP,NPDESWW,i,COMMUNITY,FALSE,No,Yes,No,No
758391,#N/A,Los Alisos WD WWTP,NPDESWW,i,COMMUNITY,FALSE,No,Yes,No,No
235738,#N/A,Los Angeles-Glendale WWRP,NPDESWW,i,COMMUNITY,FALSE,No,Yes,No,No
238646,#N/A,Los Coyotes WRP,NPDESWW,i,COMMUNITY,FALSE,No,Yes,No,No
242162,#N/A,Malibu Mesa WRP,NPDESWW,i,COMMUNITY,FALSE,No,Yes,No,No
259220,#N/A,Margaret H Chandler WWRF,NPDESWW,i,COMMUNITY,FALSE,No,Yes,No,No
239497,#N/A,Marin CSD 5 - Tiburon WWTP,NPDESWW,i,COMMUNITY,FALSE,No,Yes,No,No
239498,#N/A,Marin CSD 5 Paradise Cove WWTP,NPDESWW,i,COMMUNITY,FALSE,No,Yes,No,No
273207,#N/A,Mariposa WWTP,NPDESWW,i,COMMUNITY,FALSE,No,Yes,No,No
256695,#N/A,Martinez Refining Company WWTP,NPDESWW,NR,n/a,FALSE,No,No,No,No
240093,#N/A,McKinleyville WWTP,NPDESWW,i,COMMUNITY,FALSE,No,Yes,No,No
240307,#N/A,Mendocino City CSD,NPDESWW,i,COMMUNITY,FALSE,No,Yes,No,No
240318,#N/A,Mendocino County WWD#2-Anchor Bay,NPDESWW,i,COMMUNITY,FALSE,No,Yes,No,No
214652,#N/A,Merced WWTF,NPDESWW,i,COMMUNITY,FALSE,No,Yes,No,No
259156,#N/A,Michelson WWRF,NPDESWW,i,COMMUNITY,FALSE,No,Yes,No,No
240791,#N/A,Millbrae WPCP,NPDESWW,i,COMMUNITY,FALSE,No,Yes,No,No
240864,#N/A,Mineral WWTP,NPDESWW,i,COMMUNITY,FALSE,No,Yes,No,No
241288,#N/A,Montecito SD WWTP,NPDESWW,i,COMMUNITY,FALSE,No,Yes,No,No
241740,#N/A,Monterey One Water Regional WWTP,NPDESWW,i,COMMUNITY,FALSE,No,Yes,No,No
243377,#N/A,Moorpark WRF - WRR,NPDESWW,i,COMMUNITY,FALSE,No,Yes,No,No
241800,#N/A,Mount Shasta WWTP,NPDESWW,i,COMMUNITY,FALSE,No,Yes,No,No
241598,#N/A,Mountain House WWTP,NPDESWW,i,COMMUNITY,FALSE,No,Yes,No,No
241815,#N/A,Mt. View Sanitary District WWTP,NPDESWW,i,COMMUNITY,FALSE,No,Yes,No,No
243858,#N/A,Napa Sanitation District WWTP (Soscol Water Recycling Facility),NPDESWW,i,COMMUNITY,FALSE,No,Yes,No,No
244141,#N/A,Nevada City WWTP,NPDESWW,i,COMMUNITY,FALSE,No,Yes,No,No
658148,#N/A,Newhall Ranch WRP,NPDESWW,i,COMMUNITY,FALSE,No,Yes,No,No
244348,#N/A,Niland SD WWTP,NPDESWW,i,COMMUNITY,FALSE,No,Yes,No,No
244506,#N/A,North City WRP,NPDESWW,i,COMMUNITY,FALSE,No,Yes,No,No
244566,#N/A,North San Mateo County Sanitation District WWTP,NPDESWW,i,COMMUNITY,FALSE,No,Yes,No,No
266439,#N/A,Northwest WWTF,NPDESWW,i,COMMUNITY,FALSE,No,Yes,No,No
244705,#N/A,Novato and Ignacio WWTP,NPDESWW,i,COMMUNITY,FALSE,No,Yes,No,No
758392,#N/A,OCSD Plant 1,NPDESWW,i,COMMUNITY,FALSE,No,Yes,No,No
259158,#N/A,OCSD Plant 2,NPDESWW,i,COMMUNITY,FALSE,No,Yes,No,No
256056,#N/A,Occidental CSD,NPDESWW,i,COMMUNITY,FALSE,No,Yes,No,No
246616,#N/A,Ojai Valley WWTP,NPDESWW,i,COMMUNITY,FALSE,No,Yes,No,No
245949,#N/A,Olivehurst WWTP,NPDESWW,i,COMMUNITY,FALSE,No,Yes,No,No
246217,#N/A,Oro Loma/Castro Valley SD WPCP,NPDESWW,i,COMMUNITY,FALSE,No,Yes,No,No
246946,#N/A,Oxnard WWTP,NPDESWW,i,COMMUNITY,FALSE,No,Yes,No,No
247457,#N/A,Palo Alto Regional WQCP,NPDESWW,i,COMMUNITY,FALSE,No,Yes,No,No
247750,#N/A,Paso Robles WWTP,NPDESWW,i,COMMUNITY,FALSE,No,Yes,No,No
248087,#N/A,Petaluma Ellis Creek Water Recycling Facility (NPDES Permit),NPDESWW,i,COMMUNITY,FALSE,No,Yes,No,No
248519,#N/A,Pismo Beach WWTP,NPDESWW,i,COMMUNITY,FALSE,No,Yes,No,No
248587,#N/A,Placer Cnty SMD No 3,NPDESWW,i,COMMUNITY,FALSE,No,Yes,No,No
248706,#N/A,Pleasant Grove WWTP,NPDESWW,i,COMMUNITY,FALSE,No,Yes,No,No
248796,#N/A,Point Loma WWTP & Ocean Outfall,NPDESWW,i,COMMUNITY,FALSE,No,Yes,No,No
250700,#N/A,Pomona Water Reclamation Plant,NPDESWW,i,COMMUNITY,FALSE,No,Yes,No,No
248886,#N/A,Port Costa WWTP,NPDESWW,i,COMMUNITY,FALSE,No,Yes,No,No
248936,#N/A,Portola WWTP,NPDESWW,i,COMMUNITY,FALSE,No,Yes,No,No
251473,#N/A,Ragged Point Inn Motel,NPDESWW,RT,TRANSIENT,FALSE,No,Yes,No,No
247351,#N/A,Ray Stoyer Water Recycling Facility,NPDESWW,i,COMMUNITY,FALSE,No,Yes,No,No
269042,#N/A,Raymond A. Boege Alvarado WWTP (Union SD),NPDESWW,i,COMMUNITY,FALSE,No,Yes,No,No
202473,#N/A,Raytheon Groundwater Treatment System,NPDESWW,NR,n/a,FALSE,No,No,No,No
252119,#N/A,Red Bluff WW Reclamation Plant,NPDESWW,i,COMMUNITY,FALSE,No,Yes,No,No
252211,#N/A,Redway POTW,NPDESWW,i,COMMUNITY,FALSE,No,Yes,No,No
259149,#N/A,Rialto WWRF,NPDESWW,i,COMMUNITY,FALSE,No,Yes,No,No
252657,#N/A,Richmond WPCP,NPDESWW,i,COMMUNITY,FALSE,No,Yes,No,No
252750,#N/A,Rio Dell City WWTF,NPDESWW,i,COMMUNITY,FALSE,No,Yes,No,No
259150,#N/A,Riverside City WWRF,NPDESWW,i,COMMUNITY,FALSE,No,Yes,No,No
253174,#N/A,Rodeo Sanitary District WWTP,NPDESWW,i,COMMUNITY,FALSE,No,Yes,No,No
858910,#N/A,Royal Palms Public Restroom,NPDESWW,DU,COMMUNITY,FALSE,No,No,No,No
255139,#N/A,SAM WWTP (Sewer Authority Mid-Coastside Wastewater Treatment Plant),NPDESWW,i,COMMUNITY,FALSE,No,Yes,No,No
256039,#N/A,SCRWA WWTP,NPDESWW,i,COMMUNITY,FALSE,No,Yes,No,No
256061,#N/A,SCWA Russian River CSD,NPDESWW,i,COMMUNITY,FALSE,No,Yes,No,No
256498,#N/A,SF - OCEANSIDE Water Pollution Control Plant,NPDESWW,i,COMMUNITY,FALSE,No,Yes,No,No
256507,#N/A,SF Airport Mel Leong TP-Sanitary Waste,NPDESWW,i,COMMUNITY,FALSE,No,Yes,No,No
256499,#N/A,"SF-SE Water Pollution Control Plant, N-Point & Bayside",NPDESWW,i,COMMUNITY,FALSE,No,Yes,No,No
257518,#N/A,SMWD - Chiquita WRP,NPDESWW,i,COMMUNITY,FALSE,No,Yes,No,No
257520,#N/A,SMWD Oso Creek WRP,NPDESWW,i,COMMUNITY,FALSE,No,Yes,No,No
241540,#N/A,SOCWA - 3A Treatment Plant,NPDESWW,i,COMMUNITY,FALSE,No,Yes,No,No
257850,#N/A,SOCWA - Coastal TP,NPDESWW,i,COMMUNITY,FALSE,No,Yes,No,No
241053,#N/A,SOCWA - Regional TP,NPDESWW,i,COMMUNITY,FALSE,No,Yes,No,No
255833,#N/A,SVCW WWTP,NPDESWW,i,COMMUNITY,FALSE,No,Yes,No,No
255165,#N/A,Samoa Pacific WWTP (Samoa Town Site),NPDESWW,i,COMMUNITY,FALSE,No,Yes,No,No
255180,#N/A,San Andreas SD WWTP,NPDESWW,i,COMMUNITY,FALSE,No,Yes,No,No
260156,#N/A,San Jose Creek Water Reclamation Plant,NPDESWW,i,COMMUNITY,FALSE,No,Yes,No,No
255333,#N/A,San Jose/Santa Clara WPCP,NPDESWW,i,COMMUNITY,FALSE,No,Yes,No,No
255337,#N/A,San Juan Bautista WWTP,NPDESWW,i,COMMUNITY,FALSE,No,Yes,No,No
255368,#N/A,San Leandro WPCP,NPDESWW,i,COMMUNITY,FALSE,No,Yes,No,No
879361,#N/A,"San Leandro, City of",NPDESWW,i,COMMUNITY,FALSE,No,Yes,No,No
255380,#N/A,San Luis Obispo WWTP,NPDESWW,i,COMMUNITY,FALSE,No,Yes,No,No
255392,#N/A,San Luis Rey Water Reclamation Facility,NPDESWW,i,COMMUNITY,FALSE,No,Yes,No,No
255420,#N/A,San Mateo WWTP,NPDESWW,i,COMMUNITY,FALSE,No,Yes,No,No
255462,#N/A,San Simeon WWTP,NPDESWW,i,COMMUNITY,FALSE,No,Yes,No,No
255632,#N/A,Santa Cruz WWTP,NPDESWW,i,COMMUNITY,FALSE,No,Yes,No,No
255703,#N/A,Santa Rosa Laguna Subregional Water Reclamation Facility,NPDESWW,i,COMMUNITY,FALSE,No,Yes,No,No
260494,#N/A,Saugus Water Reclamation Plant,NPDESWW,i,COMMUNITY,FALSE,No,Yes,No,No
255802,#N/A,Sausalito Marin City STP,NPDESWW,i,COMMUNITY,FALSE,No,Yes,No,No
807206,#N/A,Scotia Community Services District,NPDESWW,i,COMMUNITY,FALSE,No,Yes,No,No
784780,#N/A,Scotia Town - City,NPDESWW,i,COMMUNITY,FALSE,No,Yes,No,No
256011,#N/A,Scotts Valley WWTP,NPDESWW,i,COMMUNITY,FALSE,No,Yes,No,No
256217,#N/A,Seeley CWD WWTP,NPDESWW,i,COMMUNITY,FALSE,No,Yes,No,No
255788,#N/A,Sewerage Agency of Southern Marin (SASM) WWTP,NPDESWW,i,COMMUNITY,FALSE,No,Yes,No,No
246251,#N/A,Sewerage Commission Oroville Region WWTP,NPDESWW,i,COMMUNITY,FALSE,No,Yes,No,No
256627,#N/A,Shasta Lake WWTF,NPDESWW,i,COMMUNITY,FALSE,No,Yes,No,No
256749,#N/A,Shelter Cove POTW,NPDESWW,i,COMMUNITY,FALSE,No,Yes,No,No
261253,#N/A,Simi Valley WQCP,NPDESWW,i,COMMUNITY,FALSE,No,Yes,No,No
257754,#N/A,Sonoma Valley County SD WWTP,NPDESWW,i,COMMUNITY,FALSE,No,Yes,No,No
257764,#N/A,Sonora Regional WWTP,NPDESWW,i,COMMUNITY,FALSE,No,Yes,No,No
257821,#N/A,South Bay International WTP,NPDESWW,Federal: Residential or mixed,COMMUNITY,TRUE,No,Yes,No,No
257831,#N/A,South Bay WRP,NPDESWW,i,COMMUNITY,FALSE,No,Yes,No,No
254881,#N/A,South San Francisco-San Bruno WQCP,NPDESWW,i,COMMUNITY,FALSE,No,Yes,No,No
257887,#N/A,South San Luis Obispo SD WWTP,NPDESWW,i,COMMUNITY,FALSE,No,Yes,No,No
258386,#N/A,St. Helena City WWTP,NPDESWW,i,COMMUNITY,FALSE,No,Yes,No,No
273191,#N/A,Stallion Springs WWTF,NPDESWW,i,COMMUNITY,FALSE,No,Yes,No,No
258676,#N/A,Stillwater WWTF,NPDESWW,i,COMMUNITY,FALSE,No,Yes,No,No
258739,#N/A,Stockton Regional WW Control Facility,NPDESWW,i,COMMUNITY,FALSE,No,Yes,No,No
259377,#N/A,Summerland SD WWTP,NPDESWW,i,COMMUNITY,FALSE,No,Yes,No,No
259507,#N/A,Sunnyvale WPCP,NPDESWW,i,COMMUNITY,FALSE,No,Yes,No,No
259689,#N/A,Susanville CSD,NPDESWW,i,COMMUNITY,FALSE,No,Yes,No,No
266940,#N/A,Tapia WRF,NPDESWW,i,COMMUNITY,FALSE,No,Yes,No,No
259216,#N/A,Temescal Valley WD WWRF,NPDESWW,i,COMMUNITY,FALSE,No,Yes,No,No
267130,#N/A,Terminal Island Water Reclamation Plant,NPDESWW,i,COMMUNITY,FALSE,No,Yes,No,No
206730,#N/A,Thunder Valley Casino WWTP,NPDESWW,RT,TRANSIENT,FALSE,No,Yes,No,No
266223,#N/A,Tracy WWTP,NPDESWW,i,COMMUNITY,FALSE,No,Yes,No,No
266328,#N/A,Treasure Island WWTP/DOD,NPDESWW,i,COMMUNITY,FALSE,No,Yes,No,No
266737,#N/A,"Turlock City, Turlock Regional Water Quality Control Facility",NPDESWW,i,COMMUNITY,FALSE,No,Yes,No,No
268926,#N/A,UC Davis Main WWTP,NPDESWW,i,COMMUNITY,FALSE,No,Yes,No,No
269449,#N/A,US Navy Naval Air Facility WWTP,NPDESWW,Federal: Residential or mixed,COMMUNITY,TRUE,No,Yes,No,No
268960,#N/A,Ukiah City WWTP,NPDESWW,i,COMMUNITY,FALSE,No,Yes,No,No
270849,#N/A,Valencia WRP,NPDESWW,i,COMMUNITY,FALSE,No,Yes,No,No
269989,#N/A,Vallecitos WD Meadowlark WRP,NPDESWW,i,COMMUNITY,FALSE,No,Yes,No,No
270006,#N/A,Vallejo Flood & Wastewater District (VFWD) Wastewater Treatment Plant,NPDESWW,i,COMMUNITY,FALSE,No,Yes,No,No
270096,#N/A,Valley SD WWTP,NPDESWW,i,COMMUNITY,FALSE,No,Yes,No,No
271054,#N/A,Ventura WRF,NPDESWW,i,COMMUNITY,FALSE,No,Yes,No,No
270419,#N/A,Victor Valley Wastewater Reclamation Authority WTP,NPDESWW,i,COMMUNITY,FALSE,No,Yes,No,No
259205,#N/A,WRCRWA Regional WWRF,NPDESWW,i,COMMUNITY,FALSE,No,Yes,No,No
271872,#N/A,Watsonville WWTP,NPDESWW,i,COMMUNITY,FALSE,No,Yes,No,No
215234,#N/A,West County Agency Outfall,NPDESWW,i,COMMUNITY,FALSE,No,Yes,No,No
272082,#N/A,West County WW District WPCP,NPDESWW,i,COMMUNITY,FALSE,No,Yes,No,No
272291,#N/A,Westmorland City WWTP,NPDESWW,i,COMMUNITY,FALSE,No,Yes,No,No
272444,#N/A,White Slough Water Pollution Control Facility,NPDESWW,i,COMMUNITY,FALSE,No,Yes,No,No
235826,#N/A,Whittier Narrows Water Reclamation Plant,NPDESWW,i,COMMUNITY,FALSE,No,Yes,No,No
272631,#N/A,Williams WWTP,NPDESWW,i,COMMUNITY,FALSE,No,Yes,No,No
272646,#N/A,Willits City WWTP,NPDESWW,i,COMMUNITY,FALSE,No,Yes,No,No
272704,#N/A,Willows Wastewater Treatment Plant,NPDESWW,i,COMMUNITY,FALSE,No,Yes,No,No
272790,#N/A,"Windsor Wastewater Treatment, Reclamation, and Disposal Facility",NPDESWW,i,COMMUNITY,FALSE,No,Yes,No,No
272960,#N/A,Woodland Water Pollution Control Facility,NPDESWW,i,COMMUNITY,FALSE,No,Yes,No,No
274410,#N/A,Yountville / CA Vets Home WWTP,NPDESWW,i,COMMUNITY,FALSE,No,Yes,No,No
274556,#N/A,Yuba City WWTF,NPDESWW,i,COMMUNITY,FALSE,No,Yes,No,No
710619,7SSO11515,13-10013 CS,SSO,i,COMMUNITY,FALSE,Yes,No,No,Yes
645252,9SSO11438,22nd District Agricultural Association CS,SSO,NR,n/a,FALSE,Yes,No,No,No
631940,9SSO10644,4-S Ranch CS,SSO,i,COMMUNITY,FALSE,Yes,No,No,Yes
655350,5SSO11500,6-Mile Village CS,SSO,i,COMMUNITY,FALSE,Yes,No,No,Yes
630794,6SSO11123,Adelanto CS,SSO,i,COMMUNITY,FALSE,Yes,No,No,Yes
631691,5SSO10781,Adin CS,SSO,i,COMMUNITY,FALSE,Yes,No,No,Yes
643369,4SSO11366,Agoura Hills CS,SSO,i,COMMUNITY,FALSE,Yes,No,No,Yes
770699,2SSO11610,Airport Industrial Wastewater CS,SSO,NR,n/a,FALSE,Yes,No,No,No
630863,2SSO10087,Alameda City CS,SSO,i,COMMUNITY,FALSE,Yes,No,No,Yes
631155,7SSO10506,Alan Horton CS,SSO,i,COMMUNITY,FALSE,Yes,No,No,Yes
630877,2SSO10088,Albany City CS,SSO,i,COMMUNITY,FALSE,Yes,No,No,Yes
631880,4SSO10362,Alhambra City CS,SSO,i,COMMUNITY,FALSE,Yes,No,No,Yes
630882,2SSO10089,Almonte sd CS,SSO,i,COMMUNITY,FALSE,Yes,No,No,Yes
631693,5SSO10782,Alpine Meadows/Whispering Wood CS,SSO,i,COMMUNITY,FALSE,Yes,No,No,Yes
630724,6SSO11101,Alpine Springs County Water Di CS,SSO,i,COMMUNITY,FALSE,Yes,No,No,Yes
630887,2SSO10090,Alto Sanitary District CS,SSO,i,COMMUNITY,FALSE,Yes,No,No,Yes
631694,5SSO10783,Alturas Municipal CS,SSO,i,COMMUNITY,FALSE,Yes,No,No,Yes
631418,5SSO10863,Amador City CS,SSO,i,COMMUNITY,FALSE,Yes,No,No,Yes
630892,2SSO10091,"American Canyon, Public Works CS",SSO,i,COMMUNITY,FALSE,Yes,No,No,Yes
256399,8SSO10542,Anaheim City CS,SSO,i,COMMUNITY,FALSE,Yes,No,No,Yes
631698,5SSO10784,Anderson CS,SSO,i,COMMUNITY,FALSE,Yes,No,No,Yes
630896,2SSO10092,Angel Island State Park CS,SSO,RE,TRANSIENT,FALSE,Yes,No,No,No
631422,5SSO10865,Angels Camp CS,SSO,i,COMMUNITY,FALSE,Yes,No,No,Yes
645071,2SSO11410,Anthony Chabot Regional Park CS,SSO,RE,TRANSIENT,FALSE,Yes,No,No,No
631425,5SSO10867,Arbuckle CS,SSO,i,COMMUNITY,FALSE,Yes,No,No,Yes
631881,4SSO10363,Arcadia City CS,SSO,i,COMMUNITY,FALSE,Yes,No,No,Yes
630338,1SSO10001,Arcata City CS,SSO,i,COMMUNITY,FALSE,Yes,No,No,Yes
654736,5SSO11217,Armona CS,SSO,i,COMMUNITY,FALSE,Yes,No,No,Yes
631426,5SSO10868,Arnold CS,SSO,i,COMMUNITY,FALSE,Yes,No,No,Yes
648950,6SSO11493,Arrowbear Park CWD CS,SSO,i,COMMUNITY,FALSE,Yes,No,No,Yes
778545,8SSO11753,Arrowhead Regional Med Center CS,SSO,i,COMMUNITY,FALSE,Yes,No,No,Yes
631931,3SSO10255,Arroyo Grande City CS,SSO,i,COMMUNITY,FALSE,Yes,No,No,Yes
631908,4SSO10364,Artesia City CS,SSO,i,COMMUNITY,FALSE,Yes,No,No,Yes
631405,5SSO11218,Arvin CS,SSO,i,COMMUNITY,FALSE,Yes,No,No,Yes
755930,5SSO11677,Ash Mountain CS,SSO,Federal: Collection System,COMMUNITY,TRUE,Yes,No,No,Yes
631686,3SSO10222,Atascadero Collection System,SSO,i,COMMUNITY,FALSE,Yes,No,No,Yes
631421,5SSO10716,Atwater CS,SSO,i,COMMUNITY,FALSE,Yes,No,No,Yes
631428,5SSO10869,Auburn Lk Trls Onsite WW Disp CS,SSO,i,COMMUNITY,FALSE,Yes,No,No,Yes
631429,5SSO10870,Auburn Valley Community Services Dist,SSO,i,COMMUNITY,FALSE,Yes,No,No,Yes
631813,4SSO10349,Avalon CS,SSO,i,COMMUNITY,FALSE,Yes,No,No,Yes
631096,5SSO11177,Avenal State Prison CS,SSO,i,COMMUNITY,FALSE,Yes,No,No,Yes
631688,3SSO10223,Avila Beach CSD CS,SSO,i,COMMUNITY,FALSE,Yes,No,No,Yes
631601,8SSO10608,BBARWWA CS,SSO,i,COMMUNITY,FALSE,Yes,No,No,Yes
631701,5SSO10785,Bailey Creek CS,SSO,i,COMMUNITY,FALSE,Yes,No,No,Yes
631913,4SSO10366,Baldwin Park City CS,SSO,i,COMMUNITY,FALSE,Yes,No,No,Yes
631157,7SSO10507,Banning STP-Non Npdes CS,SSO,i,COMMUNITY,FALSE,Yes,No,No,Yes
630800,6SSO11126,Barstow CS,SSO,i,COMMUNITY,FALSE,Yes,No,No,Yes
630805,#N/A,Barstow/Daggett Airport CS,SSO,NR,n/a,FALSE,Yes,No,No,No
630901,2SSO10093,Bayshore SD CS,SSO,i,COMMUNITY,FALSE,Yes,No,No,Yes
631699,3SSO10226,Bear Creek Estates CS,SSO,i,COMMUNITY,FALSE,Yes,No,No,Yes
631442,5SSO10873,Bear Valley CS,SSO,i,COMMUNITY,FALSE,Yes,No,No,Yes
631430,5SSO10718,Bear Valley Csd CS,SSO,i,COMMUNITY,FALSE,Yes,No,No,Yes
631243,8SSO10543,Beaumont City CS,SSO,i,COMMUNITY,FALSE,Yes,No,No,Yes
631704,5SSO10786,Beckwourth CS,SSO,i,COMMUNITY,FALSE,Yes,No,No,Yes
631918,4SSO10368,Bell Gardens City CS,SSO,i,COMMUNITY,FALSE,Yes,No,No,Yes
631921,4SSO10369,Bellflower City CS,SSO,i,COMMUNITY,FALSE,Yes,No,No,Yes
630905,2SSO10094,Belmont CS,SSO,i,COMMUNITY,FALSE,Yes,No,No,Yes
630763,2SSO10095,Benicia City CS,SSO,i,COMMUNITY,FALSE,Yes,No,No,Yes
630913,2SSO10096,Berkeley City Public Works CS,SSO,i,COMMUNITY,FALSE,Yes,No,No,Yes
631923,4SSO10370,Beverly Hills City CS,SSO,i,COMMUNITY,FALSE,Yes,No,No,Yes
631706,3SSO10228,Big Basin CS,SSO,RE,TRANSIENT,FALSE,Yes,No,No,No
631244,8SSO10544,Big Bear City CSD CS,SSO,i,COMMUNITY,FALSE,Yes,No,No,Yes
630806,6SSO11128,Big Pine Indian Res CS,SSO,i,COMMUNITY,FALSE,Yes,No,No,Yes
631714,5SSO10789,Biggs CS,SSO,i,COMMUNITY,FALSE,Yes,No,No,Yes
630818,6SSO11131,Bishop CS,SSO,i,COMMUNITY,FALSE,Yes,No,No,Yes
778055,1SSO11752,Blue Lake City CS,SSO,i,COMMUNITY,FALSE,Yes,No,No,Yes
631158,7SSO10508,Blythe Airport Stf CS,SSO,NR,n/a,FALSE,Yes,No,No,No
631159,7SSO10509,Blythe CS,SSO,i,COMMUNITY,FALSE,Yes,No,No,Yes
630340,1SSO10003,Bodega Bay CS,SSO,i,COMMUNITY,FALSE,Yes,No,No,Yes
709484,2SSO11509,Bolinas Community PUD CS,SSO,i,COMMUNITY,FALSE,Yes,No,No,Yes
630819,6SSO11132,Boron CS,SSO,i,COMMUNITY,FALSE,Yes,No,No,Yes
724874,3SSO18092,Boronda Sanitation District CS,SSO,i,COMMUNITY,FALSE,Yes,No,No,Yes
631176,7SSO10513,Borrego Wd-Rams Hill CS,SSO,i,COMMUNITY,FALSE,Yes,No,No,Yes
631763,3SSO10326,Boulder Crk Golf & Cntry Club CS,SSO,NR,n/a,FALSE,Yes,No,No,No
631925,4SSO10371,Bradbury City CS,SSO,i,COMMUNITY,FALSE,Yes,No,No,Yes
631717,5SSO10790,Brandy Creek Recreational Area CS,SSO,RE,TRANSIENT,FALSE,Yes,No,No,No
631180,7SSO10514,Brawley WWTP-Npdes CS,SSO,i,COMMUNITY,FALSE,Yes,No,No,Yes
256405,8SSO10545,Brea City CS,SSO,i,COMMUNITY,FALSE,Yes,No,No,Yes
630726,6SSO11102,Bridgeport PUD CS,SSO,i,COMMUNITY,FALSE,Yes,No,No,Yes
630917,2SSO10097,"Brisbane, City Of CS",SSO,i,COMMUNITY,FALSE,Yes,No,No,Yes
645131,1SSO11441,Brooktrails Township CS,SSO,i,COMMUNITY,FALSE,Yes,No,No,Yes
210543,"1B03208RMEN	",Brooktrails Township CSD,SSO,i,COMMUNITY,FALSE,Yes,No,No,Yes
631715,3SSO10231,Buellton CS,SSO,i,COMMUNITY,FALSE,Yes,No,No,Yes
631524,9SSO10700,Buena CS,SSO,i,COMMUNITY,FALSE,Yes,No,No,Yes
256406,8SSO10546,Buena Park City CS,SSO,i,COMMUNITY,FALSE,Yes,No,No,Yes
656167,5SSO11231,Buena Vista Aquatic Rec Area CS,SSO,RE,TRANSIENT,FALSE,Yes,No,No,No
631932,4SSO10373,"Burbank City, Public Works CS",SSO,i,COMMUNITY,FALSE,Yes,No,No,Yes
630920,2SSO10098,Burbank SD CS,SSO,i,COMMUNITY,FALSE,Yes,No,No,Yes
630923,2SSO10099,Burlingame City CS,SSO,i,COMMUNITY,FALSE,Yes,No,No,Yes
752082,2SSO10224,Burlingame Hills SMD,SSO,i,COMMUNITY,FALSE,Yes,No,No,Yes
631720,5SSO10791,Burney CS,SSO,i,COMMUNITY,FALSE,Yes,No,No,Yes
631457,5SSO10879,Byron Sanitary District CS,SSO,i,COMMUNITY,FALSE,Yes,No,No,Yes
645216,5SSO11271,CDC VSPW CS,SSO,i,COMMUNITY,FALSE,Yes,No,No,Yes
649194,6SSO11376,CSA 42 CS (Oro Grande),SSO,i,COMMUNITY,FALSE,Yes,No,No,Yes
649197,6SSO11379,CSA 64 CS (Spring Valley Lake),SSO,i,COMMUNITY,FALSE,Yes,No,No,Yes
631620,8SSO10614,CSA 70-S3 (Lytle Creek) CS,SSO,i,COMMUNITY,FALSE,Yes,No,No,Yes
711391,5SSO11601,CSA 71.3 CS,SSO,i,COMMUNITY,FALSE,Yes,No,No,Yes
631087,6SSO11168,CSA 82 CS (Trona & Pioneer Point),SSO,i,COMMUNITY,FALSE,Yes,No,No,Yes
649196,6SSO11378,CSA S-7 CS (Lenwood),SSO,i,COMMUNITY,FALSE,Yes,No,No,Yes
631584,8SSO10600,CSA-53B (Fawskin) CS,SSO,i,COMMUNITY,FALSE,Yes,No,No,Yes
630867,8SSO11146,CSA-70GH (Glen Helen),SSO,i,COMMUNITY,FALSE,Yes,No,No,Yes
649195,6SSO11377,CSA-70SP2 (Oak Hills),SSO,i,COMMUNITY,FALSE,Yes,No,No,Yes
630826,2SSO10123,CSD No. 2-3 CS,SSO,i,COMMUNITY,FALSE,Yes,No,No,Yes
631723,3SSO10235,CSU Cal Poly Slo CS,SSO,i,COMMUNITY,FALSE,Yes,No,No,Yes
631767,4SSO10353,CSU Dominguez Hills CS,SSO,i,COMMUNITY,FALSE,Yes,No,No,Yes
630715,2SSO10101,CSU East Bay CS,SSO,i,COMMUNITY,FALSE,Yes,No,No,Yes
631252,8SSO10548,CSU Fullerton CS,SSO,i,COMMUNITY,FALSE,Yes,No,No,Yes
631769,4SSO10354,CSU Long Beach CS,SSO,i,COMMUNITY,FALSE,Yes,No,No,Yes
631771,4SSO10355,CSU Los Angeles CS,SSO,i,COMMUNITY,FALSE,Yes,No,No,Yes
631772,4SSO10356,CSU Northridge CS,SSO,i,COMMUNITY,FALSE,Yes,No,No,Yes
631750,4SSO10351,CSU Polytechnic Pomona CS,SSO,i,COMMUNITY,FALSE,Yes,No,No,Yes
631249,8SSO10547,CSU San Bernardino CS,SSO,i,COMMUNITY,FALSE,Yes,No,No,Yes
630991,#N/A,CSU San Francisco CS,SSO,i,COMMUNITY,FALSE,Yes,No,No,Yes
630482,1SSO10069,CSU Sonoma CS,SSO,i,COMMUNITY,FALSE,Yes,No,No,Yes
631719,3SSO10233,Cachuma Lake Recreation Area CS,SSO,RE,TRANSIENT,FALSE,Yes,No,No,No
645749,4SSO11447,Calabasas City CS (SSO),SSO,i,COMMUNITY,FALSE,Yes,No,No,Yes
748033,5SSO10880,Calaveras Big Trees State Park CS,SSO,RE,TRANSIENT,FALSE,Yes,No,No,No
630927,2SSO10100,Calera Crk Wtr Recycling Plant CS,SSO,i,COMMUNITY,FALSE,Yes,No,No,Yes
631178,7SSO10515,Calexico CS,SSO,i,COMMUNITY,FALSE,Yes,No,No,Yes
797556,6SSO18103,Calico Ghost Town Regional Park CS,SSO,RE,TRANSIENT,FALSE,Yes,No,No,No
630829,6SSO11135,California City CS,SSO,i,COMMUNITY,FALSE,Yes,No,No,Yes
790019,5SSO18099,California Health Care Facility Stockton CS,SSO,i,COMMUNITY,FALSE,Yes,No,No,Yes
631097,8SSO11178,California Institution for Men CS,SSO,i,COMMUNITY,FALSE,Yes,No,No,Yes
631098,8SSO11179,California Institution for Women CS,SSO,i,COMMUNITY,FALSE,Yes,No,No,Yes
631099,5SSO11180,California Medical Facility CS,SSO,i,COMMUNITY,FALSE,Yes,No,No,Yes
631726,3SSO10236,California Men Colony CS,SSO,i,COMMUNITY,FALSE,Yes,No,No,Yes
631100,8SSO11181,California Rehabilitation Center CS,SSO,i,COMMUNITY,FALSE,Yes,No,No,Yes
631101,6SSO11182,"California State Prison, Los Angeles County CS",SSO,i,COMMUNITY,FALSE,Yes,No,No,Yes
631102,5SSO11183,"California State Prison, Sacramento CS",SSO,i,COMMUNITY,FALSE,Yes,No,No,Yes
631103,5SSO11184,"California State Prison, Solano CS",SSO,i,COMMUNITY,FALSE,Yes,No,No,Yes
631431,5SSO10719,"California State University, Bakersfield CS",SSO,i,COMMUNITY,FALSE,Yes,No,No,Yes
631433,5SSO10720,"California State University, Fresno CS",SSO,i,COMMUNITY,FALSE,Yes,No,No,Yes
631465,5SSO10882,"California State University, Sacramento CS",SSO,i,COMMUNITY,FALSE,Yes,No,No,Yes
631938,9SSO10645,"California State University, San Marcos CS",SSO,i,COMMUNITY,FALSE,Yes,No,No,Yes
631104,5SSO11185,"California Substance Abuse Treatment Facility and State Prison, Corcoran CS",SSO,i,COMMUNITY,FALSE,Yes,No,No,Yes
710393,3SSO11512,California Utilities Service CS,SSO,i,COMMUNITY,FALSE,Yes,No,No,Yes
631179,7SSO10516,Calipatria Municipal CS,SSO,i,COMMUNITY,FALSE,Yes,No,No,Yes
631105,7SSO11186,Calipatria State Prison CS,SSO,i,COMMUNITY,FALSE,Yes,No,No,Yes
630723,2SSO10102,Calistoga CS,SSO,i,COMMUNITY,FALSE,Yes,No,No,Yes
630341,1SSO10004,Calpella CA WD CS,SSO,i,COMMUNITY,FALSE,Yes,No,No,Yes
631468,5SSO10883,Camanche North Shore CS,SSO,i,COMMUNITY,FALSE,Yes,No,No,Yes
631470,5SSO10884,Camanche South Shore CS,SSO,i,COMMUNITY,FALSE,Yes,No,No,Yes
643372,4SSO11369,Camarillo Utility Enterprise- Camarillo Airport CS,SSO,NR,n/a,FALSE,Yes,No,No,No
631773,4SSO10357,Camarillo Water Reclam. Plant CS,SSO,i,COMMUNITY,FALSE,Yes,No,No,Yes
631733,3SSO10239,Cambria Csd CS,SSO,i,COMMUNITY,FALSE,Yes,No,No,Yes
631478,5SSO10885,Camino Heights CS,SSO,i,COMMUNITY,FALSE,Yes,No,No,Yes
631876,4SSO10361,Camrosa CS,SSO,i,COMMUNITY,FALSE,Yes,No,No,Yes
856393,2SSO18113,Candlestick Point CS,SSO,RE,TRANSIENT,FALSE,Yes,No,No,No
643383,9SSO11209,Carlsbad MWD CS,SSO,i,COMMUNITY,FALSE,Yes,No,No,Yes
631879,3SSO10244,Carmel Area Wastewater District Collection System,SSO,i,COMMUNITY,FALSE,Yes,No,No,Yes
631901,3SSO10245,Carpinteria Sd CS,SSO,i,COMMUNITY,FALSE,Yes,No,No,Yes
631935,4SSO10374,Carson City CS,SSO,i,COMMUNITY,FALSE,Yes,No,No,Yes
273165,5SSO11279,Caruthers CS,SSO,i,COMMUNITY,FALSE,Yes,No,No,Yes
631488,5SSO10888,Cascade Shores CS,SSO,i,COMMUNITY,FALSE,Yes,No,No,Yes
848207,2SSO18112,Castlewood CS,SSO,i,COMMUNITY,FALSE,Yes,No,No,Yes
630740,2SSO10103,Castro Valley Sanitary District CS,SSO,i,COMMUNITY,FALSE,Yes,No,No,Yes
645128,3SSO11443,Castroville Water District CS,SSO,i,COMMUNITY,FALSE,Yes,No,No,Yes
645333,3SSO11216,Cayucos CS,SSO,i,COMMUNITY,FALSE,Yes,No,No,Yes
630729,6SSO11103,"Ccc @ Susanville, Csp-Lc CS",SSO,i,COMMUNITY,FALSE,Yes,No,No,Yes
631023,2SSO10104,Ccsf - San Francisco Airport CS,SSO,NR,n/a,FALSE,Yes,No,No,No
746442,5SSO11543,Cedar Grove CS,SSO,Federal: Recreational,COMMUNITY,TRUE,Yes,No,No,No
631106,7SSO11187,Centinela State Prison CS,SSO,i,COMMUNITY,FALSE,Yes,No,No,Yes
631107,5SSO11270,Central California Women's Facility CS,SSO,i,COMMUNITY,FALSE,Yes,No,No,Yes
630752,2SSO10105,Central Contra Costa Sd CS,SSO,i,COMMUNITY,FALSE,Yes,No,No,Yes
757084,1SSO11652,Central Landfill - Leachate Conveyance Line CS,SSO,NR,n/a,FALSE,Yes,No,No,No
631434,5SSO10721,Ceres CS,SSO,i,COMMUNITY,FALSE,Yes,No,No,Yes
631939,4SSO10375,Cerritos City CS,SSO,i,COMMUNITY,FALSE,Yes,No,No,Yes
644155,4SSO11406,Channel Islands Beach CSD CS,SSO,i,COMMUNITY,FALSE,Yes,No,No,Yes
631740,5SSO10797,Chester CS,SSO,i,COMMUNITY,FALSE,Yes,No,No,Yes
631337,5SSO10859,Chico CS,SSO,i,COMMUNITY,FALSE,Yes,No,No,Yes
645321,2SSO11444,China Camp State Park CS,SSO,RE,TRANSIENT,FALSE,Yes,No,No,No
716103,8SSO11606,Chino Airport CS,SSO,NR,n/a,FALSE,Yes,No,No,No
644057,8SSO11385,Chino City CS,SSO,i,COMMUNITY,FALSE,Yes,No,No,Yes
631311,8SSO10551,Chino Hills City CS,SSO,i,COMMUNITY,FALSE,Yes,No,No,Yes
645091,5SSO11280,Chowchilla City CS,SSO,i,COMMUNITY,FALSE,Yes,No,No,Yes
631108,7SSO11189,Chuckawalla Valley State Prison CS,SSO,i,COMMUNITY,FALSE,Yes,No,No,Yes
631493,5SSO10890,City Of Antioch CS,SSO,i,COMMUNITY,FALSE,Yes,No,No,Yes
631437,5SSO10722,City Of Auburn CS,SSO,i,COMMUNITY,FALSE,Yes,No,No,Yes
631439,5SSO10717,City Of Bakersfield CS,SSO,i,COMMUNITY,FALSE,Yes,No,No,Yes
631495,5SSO10891,City Of Brentwood CS,SSO,i,COMMUNITY,FALSE,Yes,No,No,Yes
631930,9SSO10648,City Of Del Mar CS,SSO,i,COMMUNITY,FALSE,Yes,No,No,Yes
631501,5SSO10893,City Of Folsom CS,SSO,i,COMMUNITY,FALSE,Yes,No,No,Yes
631504,5SSO10894,City Of Ione CS,SSO,i,COMMUNITY,FALSE,Yes,No,No,Yes
631507,5SSO10895,City Of Jackson CS,SSO,i,COMMUNITY,FALSE,Yes,No,No,Yes
631510,5SSO10896,City Of Lakeport CS,SSO,i,COMMUNITY,FALSE,Yes,No,No,Yes
630834,6SSO11136,City Of Lancaster CS,SSO,i,COMMUNITY,FALSE,Yes,No,No,Yes
631515,5SSO10898,City Of Live Oak CS,SSO,i,COMMUNITY,FALSE,Yes,No,No,Yes
631445,5SSO10724,City Of Merced CS,SSO,i,COMMUNITY,FALSE,Yes,No,No,Yes
631449,5SSO10725,City Of Newman CS,SSO,i,COMMUNITY,FALSE,Yes,No,No,Yes
630836,6SSO11137,City Of Palmdale CS,SSO,i,COMMUNITY,FALSE,Yes,No,No,Yes
631519,5SSO10900,City Of Ripon CS,SSO,i,COMMUNITY,FALSE,Yes,No,No,Yes
631453,5SSO10726,City Of Shafter CS,SSO,i,COMMUNITY,FALSE,Yes,No,No,Yes
631091,9SSO11172,City Of Solana Beach CS,SSO,i,COMMUNITY,FALSE,Yes,No,No,Yes
631474,5SSO10728,City Of Visalia CS,SSO,i,COMMUNITY,FALSE,Yes,No,No,Yes
631587,5SSO10729,City Of Woodlake CS,SSO,i,COMMUNITY,FALSE,Yes,No,No,Yes
706791,5SSO11219,City of Avenal CS,SSO,i,COMMUNITY,FALSE,Yes,No,No,Yes
631936,9SSO10646,City of Chula Vista CS,SSO,i,COMMUNITY,FALSE,Yes,No,No,Yes
631933,9SSO10647,City of Coronado CS,SSO,i,COMMUNITY,FALSE,Yes,No,No,Yes
631928,9SSO10649,City of El Cajon CS,SSO,i,COMMUNITY,FALSE,Yes,No,No,Yes
631926,9SSO10650,City of Encinitas CS,SSO,i,COMMUNITY,FALSE,Yes,No,No,Yes
645326,5SSO11202,City of Fresno CS,SSO,i,COMMUNITY,FALSE,Yes,No,No,Yes
645330,5SSO11229,City of Hanford CS,SSO,i,COMMUNITY,FALSE,Yes,No,No,Yes
645140,6SSO11427,City of Hesperia CS,SSO,i,COMMUNITY,FALSE,Yes,No,No,Yes
631924,9SSO10651,City of Imperial Beach CS,SSO,i,COMMUNITY,FALSE,Yes,No,No,Yes
631922,9SSO10652,City of La Mesa CS,SSO,i,COMMUNITY,FALSE,Yes,No,No,Yes
631920,9SSO10653,City of Laguna Beach CS,SSO,i,COMMUNITY,FALSE,Yes,No,No,Yes
631919,9SSO10654,City of Lemon Grove CS,SSO,i,COMMUNITY,FALSE,Yes,No,No,Yes
631795,3SSO10332,City of Morgan Hill CS,SSO,i,COMMUNITY,FALSE,Yes,No,No,Yes
645213,3SSO11429,City of Morro Bay CS,SSO,i,COMMUNITY,FALSE,Yes,No,No,Yes
631917,9SSO10655,City of National City CS,SSO,i,COMMUNITY,FALSE,Yes,No,No,Yes
631595,9SSO10674,"City of Oceanside Collection System, La Salina WWTP",SSO,i,COMMUNITY,FALSE,Yes,No,No,Yes
726210,5SSO11531,City of Orange Cove CS,SSO,i,COMMUNITY,FALSE,Yes,No,No,Yes
631914,9SSO10656,City of Poway CS,SSO,i,COMMUNITY,FALSE,Yes,No,No,Yes
753526,5SSO10901-C,City of Sacramento Combined CS,SSO,i,COMMUNITY,FALSE,Yes,No,No,Yes
630668,5SSO10901,City of Sacramento Utilities CS,SSO,i,COMMUNITY,FALSE,Yes,No,No,Yes
631556,9SSO10691,City of San Clemente CS,SSO,i,COMMUNITY,FALSE,Yes,No,No,Yes
645347,3SSO11469,City of Santa Maria CS,SSO,i,COMMUNITY,FALSE,Yes,No,No,Yes
645236,5SSO11433,City of Stockton MUD CS,SSO,i,COMMUNITY,FALSE,Yes,No,No,Yes
711750,1SSO11603,City of Tulelake CS,SSO,i,COMMUNITY,FALSE,Yes,No,No,Yes
644742,5SSO11409,City of Turlock CS,SSO,i,COMMUNITY,FALSE,Yes,No,No,Yes
631628,9SSO10660,City of Vista CS,SSO,i,COMMUNITY,FALSE,Yes,No,No,Yes
644844,5SSO11458,City of Wheatland CS,SSO,i,COMMUNITY,FALSE,Yes,No,No,Yes
630666,5SSO10903,City of Woodland CS,SSO,i,COMMUNITY,FALSE,Yes,No,No,Yes
631942,4SSO10376,Claremont City CS,SSO,i,COMMUNITY,FALSE,Yes,No,No,Yes
811308,2SSO18102,Clayton City CS,SSO,i,COMMUNITY,FALSE,Yes,No,No,Yes
728129,5SSO11556,Clear Lake State Park CS,SSO,RE,TRANSIENT,FALSE,Yes,No,No,No
630669,5SSO10906,Clearlake Oaks Co Wtr Dis CS,SSO,i,COMMUNITY,FALSE,Yes,No,No,Yes
755928,5SSO11675,Clover Creek CS,SSO,Federal: Collection System,COMMUNITY,TRUE,Yes,No,No,Yes
630385,1SSO10019,Cloverdale City CS,SSO,i,COMMUNITY,FALSE,Yes,No,No,Yes
655339,5SSO11214,Clovis City CS,SSO,i,COMMUNITY,FALSE,Yes,No,No,Yes
631190,7SSO10520,Coachella Sd CS,SSO,i,COMMUNITY,FALSE,Yes,No,No,Yes
631220,7SSO10535,Coachella Valley Water District CS,SSO,i,COMMUNITY,FALSE,Yes,No,No,Yes
630670,5SSO10907,Colfax CS,SSO,i,COMMUNITY,FALSE,Yes,No,No,Yes
215118,"3 440305038	",Collection System - Freedom (Ind WDR),SSO,i,COMMUNITY,FALSE,Yes,No,No,Yes
215124,"3 440305036	",Collection System - Pajaro,SSO,i,COMMUNITY,FALSE,Yes,No,No,Yes
215133,"3 440505309	",Collection WDR Santa Cruz,SSO,i,COMMUNITY,FALSE,Yes,No,No,Yes
630804,2SSO10117,Colma City CS,SSO,i,COMMUNITY,FALSE,Yes,No,No,Yes
645234,5SSO11471,Colonial Heights Maintenance District CS,SSO,i,COMMUNITY,FALSE,Yes,No,No,Yes
631961,8SSO10636,Colton Water Reclamation Facility CS,SSO,i,COMMUNITY,FALSE,Yes,No,No,Yes
630671,5SSO10908,Colusa CS,SSO,i,COMMUNITY,FALSE,Yes,No,No,Yes
631945,4SSO10377,Commerce City CS,SSO,i,COMMUNITY,FALSE,Yes,No,No,Yes
631948,4SSO10378,Compton City CS,SSO,i,COMMUNITY,FALSE,Yes,No,No,Yes
630771,2SSO10109,Concord City CS,SSO,i,COMMUNITY,FALSE,Yes,No,No,Yes
630817,2SSO10121,Contra Costa County SD 5 CS,SSO,i,COMMUNITY,FALSE,Yes,No,No,Yes
630813,2SSO10120,Contra Costa County SD 6 CS,SSO,i,COMMUNITY,FALSE,Yes,No,No,Yes
630673,5SSO10910,Copper Cove CS,SSO,i,COMMUNITY,FALSE,Yes,No,No,Yes
631109,5SSO11190,Corcoran State Prison CS,SSO,i,COMMUNITY,FALSE,Yes,No,No,Yes
631124,5SSO10805,Corning Indust/Domestic CS,SSO,i,COMMUNITY,FALSE,Yes,No,No,Yes
631520,8SSO10565,Corona City CS,SSO,i,COMMUNITY,FALSE,Yes,No,No,Yes
631110,3SSO11191,Correctional Training Facility CS,SSO,i,COMMUNITY,FALSE,Yes,No,No,Yes
256421,8SSO10566,Costa Mesa SD CS,SSO,i,COMMUNITY,FALSE,Yes,No,No,Yes
630372,1SSO10012,Cotati City CS,SSO,i,COMMUNITY,FALSE,Yes,No,No,Yes
631125,5SSO10806,Cottonwood CS,SSO,i,COMMUNITY,FALSE,Yes,No,No,Yes
726590,5SSO11324,Coulterville CS,SSO,i,COMMUNITY,FALSE,Yes,No,No,Yes
631934,3SSO10256,Country Club Estates CS,SSO,i,COMMUNITY,FALSE,Yes,No,No,Yes
256442,"9 000000762	",County Of San Diego CS - multiple facilities,SSO,i,COMMUNITY,FALSE,Yes,No,No,Yes
631944,3SSO10259,County Operational Facility CS,SSO,i,COMMUNITY,FALSE,Yes,No,No,Yes
644312,4SSO11388,County Sanitation District Joint Outfall CS,SSO,i,COMMUNITY,FALSE,Yes,No,No,Yes
644108,6SSO11393,County Sanitation District No. 14 CS,SSO,i,COMMUNITY,FALSE,Yes,No,No,Yes
644121,6SSO11399,County Sanitation District No. 20 CS,SSO,i,COMMUNITY,FALSE,Yes,No,No,Yes
644125,4SSO11403,County Sanitation District No. 29 CS,SSO,i,COMMUNITY,FALSE,Yes,No,No,Yes
644105,4SSO11390,County Sanitation District No. 4 CS,SSO,i,COMMUNITY,FALSE,Yes,No,No,Yes
647593,5SSO11486,County Service Area 15 CS,SSO,i,COMMUNITY,FALSE,Yes,No,No,Yes
647592,5SSO11485,County Service Area 31 CS,SSO,i,COMMUNITY,FALSE,Yes,No,No,Yes
647591,5SSO11484,County Service Area 44 Zone E CS,SSO,i,COMMUNITY,FALSE,Yes,No,No,Yes
647590,5SSO11483,County Service Area 44 Zone G CS,SSO,i,COMMUNITY,FALSE,Yes,No,No,Yes
643378,4SSO11375,County Service Area No. 29- North Coast CS,SSO,i,COMMUNITY,FALSE,Yes,No,No,Yes
643374,4SSO11371,County Service Area No. 30- Nyeland Acres CS,SSO,i,COMMUNITY,FALSE,Yes,No,No,Yes
643367,4SSO11364,County Service Area No. 34- El Rio CS,SSO,i,COMMUNITY,FALSE,Yes,No,No,Yes
631623,9SSO10662,County of San Diego CS,SSO,i,COMMUNITY,FALSE,Yes,No,No,Yes
630387,1SSO10021,Covelo City CS,SSO,i,COMMUNITY,FALSE,Yes,No,No,Yes
631950,4SSO10379,Covina City CS,SSO,i,COMMUNITY,FALSE,Yes,No,No,Yes
647583,2SSO11481,Coyote Hills Regional Park CS,SSO,RE,TRANSIENT,FALSE,Yes,No,No,No
630388,1SSO10022,Crescent City CS,SSO,i,COMMUNITY,FALSE,Yes,No,No,Yes
631783,4SSO10444,Crescenta Valley County Water CS,SSO,i,COMMUNITY,FALSE,Yes,No,No,Yes
630843,6SSO11139,Crestline Sanitation District Three CS,SSO,i,COMMUNITY,FALSE,Yes,No,No,Yes
752088,2SSO10225,Crystal Springs CSD CS,SSO,i,COMMUNITY,FALSE,Yes,No,No,Yes
630679,5SSO10916,Csa 3-Lake Camanche CS,SSO,i,COMMUNITY,FALSE,Yes,No,No,Yes
643381,8SSO11383,Cucamonga Valley WD CS,SSO,i,COMMUNITY,FALSE,Yes,No,No,Yes
631952,4SSO10380,Cudahy City CS,SSO,i,COMMUNITY,FALSE,Yes,No,No,Yes
631949,3SSO10261,Cuesta College CS,SSO,i,COMMUNITY,FALSE,Yes,No,No,Yes
631954,4SSO10381,Culver City CS,SSO,i,COMMUNITY,FALSE,Yes,No,No,Yes
630835,2SSO10125,Cupertino SD CS,SSO,i,COMMUNITY,FALSE,Yes,No,No,Yes
631494,5SSO10731,Cutler P.U.D. CS,SSO,i,COMMUNITY,FALSE,Yes,No,No,Yes
631951,3SSO10262,Cuyama Csd CS,SSO,i,COMMUNITY,FALSE,Yes,No,No,Yes
256407,8SSO10552,Cypress City CS,SSO,i,COMMUNITY,FALSE,Yes,No,No,Yes
728005,6SSO18094,D.L. Bliss State Park CS,SSO,RE,TRANSIENT,FALSE,Yes,No,No,No
631953,3SSO10263,Davenport CS,SSO,i,COMMUNITY,FALSE,Yes,No,No,Yes
630684,5SSO10921,Davis CS,SSO,i,COMMUNITY,FALSE,Yes,No,No,Yes
630686,5SSO10923,Deer Creek CS,SSO,i,COMMUNITY,FALSE,Yes,No,No,Yes
630389,1SSO10023,Del Norte County CSA CS,SSO,i,COMMUNITY,FALSE,Yes,No,No,Yes
645073,2SSO11413,Del Valle Regional Park CS,SSO,RE,TRANSIENT,FALSE,Yes,No,No,No
710360,5SSO11223,Delano CS,SSO,i,COMMUNITY,FALSE,Yes,No,No,Yes
645343,5SSO11256,Delft Colony CS,SSO,i,COMMUNITY,FALSE,Yes,No,No,Yes
658077,5SSO11283,Delhi CWD CS,SSO,i,COMMUNITY,FALSE,Yes,No,No,Yes
631129,5SSO10810,Delleker CS,SSO,i,COMMUNITY,FALSE,Yes,No,No,Yes
630841,2SSO10127,Delta Diablo SD CS,SSO,i,COMMUNITY,FALSE,Yes,No,No,Yes
643190,5SSO10000,Demo North CS,SSO,NR,n/a,FALSE,Yes,No,No,No
643191,5SSO10000,Demo South CS,SSO,NR,n/a,FALSE,Yes,No,No,No
648163,5SSO11492,Denair CSD CS,SSO,i,COMMUNITY,FALSE,Yes,No,No,Yes
655219,9SSO11499,Descanso Detention Facility CS,SSO,i,COMMUNITY,FALSE,Yes,No,No,Yes
631195,7SSO10523,Desert Crest CS,SSO,i,COMMUNITY,FALSE,Yes,No,No,Yes
630846,6SSO11140,Desert Lake Csd CS,SSO,i,COMMUNITY,FALSE,Yes,No,No,Yes
645287,7SSO11440,Desert Water Agency CS,SSO,i,COMMUNITY,FALSE,Yes,No,No,Yes
630689,5SSO10926,Deuel Vocational Institution CS,SSO,NR,n/a,FALSE,Yes,No,No,No
752089,2SSO10226,Devonshire CSD,SSO,i,COMMUNITY,FALSE,Yes,No,No,Yes
631955,4SSO10382,Diamond Bar City CS,SSO,i,COMMUNITY,FALSE,Yes,No,No,Yes
630692,5SSO10929,Discovery Bay CS,SSO,i,COMMUNITY,FALSE,Yes,No,No,Yes
756005,5SSO11679,Discovery Park,SSO,NR,n/a,FALSE,Yes,No,No,No
630694,5SSO10931,Dixon CS,SSO,i,COMMUNITY,FALSE,Yes,No,No,Yes
735342,9SSO11544,Doheny State Beach CS,SSO,RE,TRANSIENT,FALSE,Yes,No,No,No
735342,9SSO11544,Doheny State Beach CS,SSO,RE,TRANSIENT,FALSE,Yes,No,No,No
630696,5SSO10933,Donner Summit CS,SSO,i,COMMUNITY,FALSE,Yes,No,No,Yes
630390,1SSO10024,Dorris City CS,SSO,i,COMMUNITY,FALSE,Yes,No,No,Yes
645271,5SSO11284,Dos Palos City CS,SSO,i,COMMUNITY,FALSE,Yes,No,No,Yes
630697,5SSO10934,Douglas Flat/Vallecito CS,SSO,i,COMMUNITY,FALSE,Yes,No,No,Yes
631956,4SSO10383,Downey City CS,SSO,i,COMMUNITY,FALSE,Yes,No,No,Yes
630698,5SSO10935,Dry Creek CS,SSO,i,COMMUNITY,FALSE,Yes,No,No,Yes
656253,5SSO11363,"Dry Creek, Zone 173 CS",SSO,i,COMMUNITY,FALSE,Yes,No,No,Yes
631991,4SSO10384,Duarte City CS (SSO program),SSO,i,COMMUNITY,FALSE,Yes,No,No,Yes
630845,2SSO10128,Dublin San Ramon Serv Dst CS,SSO,i,COMMUNITY,FALSE,Yes,No,No,Yes
631245,5SSO10812,Dunsmuir CS,SSO,i,COMMUNITY,FALSE,Yes,No,No,Yes
630851,6SSO11142,Dvnm Hdq Furnace Creek CS,SSO,Federal: Recreational,COMMUNITY,TRUE,Yes,No,No,No
631633,8SSO10620,EVMWD Regional Plant CS,SSO,i,COMMUNITY,FALSE,Yes,No,No,Yes
630735,6SSO11106,Eagle Lake Rec Area CS,SSO,Federal: Recreational,COMMUNITY,TRUE,Yes,No,No,No
654735,5SSO11225,Earlimart CS,SSO,i,COMMUNITY,FALSE,Yes,No,No,Yes
631499,5SSO10733,East Niles Community Services CS,SSO,i,COMMUNITY,FALSE,Yes,No,No,Yes
826315,8SSO18109,East Orange Cnty Sanitation Dist CS,SSO,i,COMMUNITY,FALSE,Yes,No,No,Yes
630848,2SSO10129,East Palo Alto Sanitary Dist. CS,SSO,i,COMMUNITY,FALSE,Yes,No,No,Yes
855903,5SSO20058,East Orosi CSD CS,SSO,i,COMMUNITY,FALSE,Yes,No,No,Yes
631247,5SSO10813,East Quincy Services District CS,SSO,i,COMMUNITY,FALSE,Yes,No,No,Yes
631527,8SSO10569,East Valley Water District CS,SSO,i,COMMUNITY,FALSE,Yes,No,No,Yes
630701,5SSO10938,Easterly CS,SSO,i,COMMUNITY,FALSE,Yes,No,No,Yes
256449,8SSO10617,Eastern Municipal Water District CS,SSO,i,COMMUNITY,FALSE,Yes,No,No,Yes
630853,6SSO11143,Eastern Sierra CSD CS,SSO,i,COMMUNITY,FALSE,Yes,No,No,Yes
630866,2SSO10131,Ebmud CS,SSO,i,COMMUNITY,FALSE,Yes,No,No,Yes
656194,8SSO11502,Edgemont CSD CS,SSO,i,COMMUNITY,FALSE,Yes,No,No,Yes
631198,7SSO10525,El Centro MCS,SSO,i,COMMUNITY,FALSE,Yes,No,No,Yes
630709,5SSO10941,El Dorado Hills CS,SSO,i,COMMUNITY,FALSE,Yes,No,No,Yes
631960,3SSO10265,El Estero CS,SSO,i,COMMUNITY,FALSE,Yes,No,No,Yes
631992,4SSO10385,El Monte City CS,SSO,i,COMMUNITY,FALSE,Yes,No,No,Yes
631509,5SSO10735,El Portal CS,SSO,i,COMMUNITY,FALSE,Yes,No,No,Yes
715882,5SSO11520,El Rancho CS,SSO,i,COMMUNITY,FALSE,Yes,No,No,Yes
631993,4SSO10386,El Segundo City CS,SSO,i,COMMUNITY,FALSE,Yes,No,No,Yes
256423,8SSO10570,El Toro Water District R8 CS,SSO,i,COMMUNITY,FALSE,Yes,No,No,Yes
256450,9SSO10570,El Toro Water District R9 CS,SSO,i,COMMUNITY,FALSE,Yes,No,No,Yes
256451,"9 000000803	",Elsinore Valley (Southern) Sewage Collection System,SSO,i,COMMUNITY,FALSE,Yes,No,No,Yes
645137,3SSO11426,Embarcadero Municipal Improvement District CS,SSO,i,COMMUNITY,FALSE,Yes,No,No,Yes
631619,9SSO10664,Emerald Bay Service District CS,SSO,i,COMMUNITY,FALSE,Yes,No,No,Yes
726487,6SSO18093,Emerald Bay State Park CS - Eagle Point,SSO,RE,TRANSIENT,FALSE,Yes,No,No,No
752092,2SSO10227,Emerald Lake Heights SMD,SSO,i,COMMUNITY,FALSE,Yes,No,No,Yes
630872,2SSO10133,Emeryville City CS,SSO,i,COMMUNITY,FALSE,Yes,No,No,Yes
630712,5SSO10944,Escalon Treatment Plant CS,SSO,i,COMMUNITY,FALSE,Yes,No,No,Yes
630713,5SSO10945,Esparto Csd CS,SSO,i,COMMUNITY,FALSE,Yes,No,No,Yes
630392,1SSO10025,Etna CS,SSO,i,COMMUNITY,FALSE,Yes,No,No,Yes
630378,1SSO10014,Eureka City CS,SSO,i,COMMUNITY,FALSE,Yes,No,No,Yes
630393,#N/A,Eureka City Elk River CS,SSO,i,COMMUNITY,FALSE,Yes,No,No,Yes
655404,5SSO11226,Exeter CS,SSO,i,COMMUNITY,FALSE,Yes,No,No,Yes
752093,2SSO10228,Fair Oaks SMD,SSO,i,COMMUNITY,FALSE,Yes,No,No,Yes
631615,9SSO10666,Fairbanks Ranch CS,SSO,i,COMMUNITY,FALSE,Yes,No,No,Yes
630874,2SSO10134,"Fairfield, Unincorporated Area CS",SSO,i,COMMUNITY,FALSE,Yes,No,No,Yes
644936,5SSO11451,Fairway Pines CS,SSO,i,COMMUNITY,FALSE,Yes,No,No,Yes
631612,9SSO10667,Fallbrook PUD CS,SSO,i,COMMUNITY,FALSE,Yes,No,No,Yes
651039,5SSO11227,Farmersville WWTP CS,SSO,i,COMMUNITY,FALSE,Yes,No,No,Yes
630394,1SSO10027,Ferndale City CS,SSO,i,COMMUNITY,FALSE,Yes,No,No,Yes
823771,1SSO10100,Fieldbrook Glendale CS,SSO,i,COMMUNITY,FALSE,Yes,No,No,Yes
735154,4SSO11540,Fillmore Sewage CS,SSO,i,COMMUNITY,FALSE,Yes,No,No,Yes
657801,5SSO11285,Firebaugh CS,SSO,i,COMMUNITY,FALSE,Yes,No,No,Yes
757488,5SSO11657,Florin Road Sewer,SSO,i,COMMUNITY,FALSE,Yes,No,No,Yes
631111,5SSO11192,Folsom State Prison CS,SSO,i,COMMUNITY,FALSE,Yes,No,No,Yes
646700,8SSO11477,Fontana City CS,SSO,i,COMMUNITY,FALSE,Yes,No,No,Yes
631490,5SSO10730,Ford City-Taft Heights CS,SSO,i,COMMUNITY,FALSE,Yes,No,No,Yes
630718,5SSO10949,Forest Meadows CS,SSO,i,COMMUNITY,FALSE,Yes,No,No,Yes
630395,1SSO10028,Forestville Water District CS,SSO,i,COMMUNITY,FALSE,Yes,No,No,Yes
630379,1SSO11467,Fort Bragg City CS,SSO,i,COMMUNITY,FALSE,Yes,No,No,Yes
630402,1SSO10030,Fort Jones City CS,SSO,i,COMMUNITY,FALSE,Yes,No,No,Yes
630403,1SSO10031,Fortuna City CS,SSO,i,COMMUNITY,FALSE,Yes,No,No,Yes
630878,2SSO10135,Foster City CS,SSO,i,COMMUNITY,FALSE,Yes,No,No,Yes
256408,8SSO10572,Fountain Valley City CS,SSO,i,COMMUNITY,FALSE,Yes,No,No,Yes
708668,5SSO11286,Franklin CWD CS,SSO,i,COMMUNITY,FALSE,Yes,No,No,Yes
631968,3SSO10267,Freedom Co Sanitation District CS,SSO,i,COMMUNITY,FALSE,Yes,No,No,Yes
706798,5SSO11292,Fresno Co 30-El Porvenir CS,SSO,i,COMMUNITY,FALSE,Yes,No,No,Yes
706799,5SSO11295,Fresno Co 31B-Shaver Lake CS,SSO,i,COMMUNITY,FALSE,Yes,No,No,Yes
712234,5SSO11293,Fresno Co 32-Cantua Creek CS,SSO,i,COMMUNITY,FALSE,Yes,No,No,Yes
706800,5SSO11296,Fresno Co 34-Millerton New Town CS,SSO,i,COMMUNITY,FALSE,Yes,No,No,Yes
712165,5SSO11288,Fresno Co 38-Sky Harbour CS,SSO,i,COMMUNITY,FALSE,Yes,No,No,Yes
712235,5SSO11290,Fresno Co 40-Shaver Springs CS,SSO,i,COMMUNITY,FALSE,Yes,No,No,Yes
712164,5SSO11297,Fresno Co 41-Shaver Lake CS,SSO,i,COMMUNITY,FALSE,Yes,No,No,Yes
645323,5SSO11305,Fresno Co 44-D MONTE VERDE ESTATES CS,SSO,i,COMMUNITY,FALSE,Yes,No,No,Yes
712167,5SSO11291,Fresno Co 44A-Millerton Lake MHV CS,SSO,i,COMMUNITY,FALSE,Yes,No,No,Yes
712171,5SSO11289,Fresno Co 47-Quail Lake CS,SSO,i,COMMUNITY,FALSE,Yes,No,No,Yes
630881,2SSO10136,Fssd Subregional CS,SSO,i,COMMUNITY,FALSE,Yes,No,No,Yes
256409,8SSO10573,Fullerton City CS,SSO,i,COMMUNITY,FALSE,Yes,No,No,Yes
630720,5SSO10951,Galt CS,SSO,i,COMMUNITY,FALSE,Yes,No,No,Yes
630404,1SSO10032,Garberville CS,SSO,i,COMMUNITY,FALSE,Yes,No,No,Yes
256400,8SSO10574,Garden Grove City CS,SSO,i,COMMUNITY,FALSE,Yes,No,No,Yes
631994,4SSO10387,Gardena City CS,SSO,i,COMMUNITY,FALSE,Yes,No,No,Yes
645072,2SSO11411,Garin Regional Park CS,SSO,i,COMMUNITY,FALSE,Yes,No,No,Yes
630721,5SSO10952,Gayla Manor CS,SSO,i,COMMUNITY,FALSE,Yes,No,No,Yes
631251,5SSO10815,Gerber CS,SSO,i,COMMUNITY,FALSE,Yes,No,No,Yes
631804,3SSO10340,Gilroy CS,SSO,i,COMMUNITY,FALSE,Yes,No,No,Yes
797571,8SSO18107,Glen Helen Regional Park CS,SSO,RE,TRANSIENT,FALSE,Yes,No,No,No
631996,4SSO10388,Glendale City CS,SSO,i,COMMUNITY,FALSE,Yes,No,No,Yes
631997,4SSO10389,Glendora City CS,SSO,i,COMMUNITY,FALSE,Yes,No,No,Yes
630722,5SSO10953,Glory Hole Recreation Area CS,SSO,Federal: Recreational,COMMUNITY,TRUE,Yes,No,No,No
630725,5SSO10954,Gold Ridge Forest Unit 3 CS,SSO,i,COMMUNITY,FALSE,Yes,No,No,Yes
630949,2SSO10160,Golden Gate National Rec Area CS,SSO,RE,TRANSIENT,FALSE,Yes,No,No,No
631975,3SSO10270,Goleta Sanitary District CS,SSO,i,COMMUNITY,FALSE,Yes,No,No,Yes
645317,3SSO11465,Goleta West SD CS,SSO,i,COMMUNITY,FALSE,Yes,No,No,Yes
645277,5SSO11228,Goshen CS,SSO,i,COMMUNITY,FALSE,Yes,No,No,Yes
630886,2SSO10138,Granada Community Services District CS,SSO,i,COMMUNITY,FALSE,Yes,No,No,Yes
755929,5SSO11676,Grant Grove CS,SSO,Federal: Recreational,COMMUNITY,TRUE,Yes,No,No,No
630733,5SSO10958,Grass Valley City CS,SSO,i,COMMUNITY,FALSE,Yes,No,No,Yes
630413,1SSO10033,Graton CSD Graton CSA No. 2 CS,SSO,i,COMMUNITY,FALSE,Yes,No,No,Yes
632013,3SSO10272,"Greenfield, City Of CS",SSO,i,COMMUNITY,FALSE,Yes,No,No,Yes
631262,5SSO10820,Gridley CS,SSO,i,COMMUNITY,FALSE,Yes,No,No,Yes
748031,5SSO11112,Grizzly Ranch CS,SSO,i,COMMUNITY,FALSE,Yes,No,No,Yes
630742,5SSO10961,Groveland CS,SSO,i,COMMUNITY,FALSE,Yes,No,No,Yes
631906,3SSO10249,Grover Beach City CS,SSO,i,COMMUNITY,FALSE,Yes,No,No,Yes
631909,3SSO10250,Guadalupe City CS,SSO,i,COMMUNITY,FALSE,Yes,No,No,Yes
630415,1SSO10035,Gualala CS,SSO,i,COMMUNITY,FALSE,Yes,No,No,Yes
645281,5SSO11300,Gustine CS,SSO,i,COMMUNITY,FALSE,Yes,No,No,Yes
631608,9SSO10668,HARRF Disch To San Elijo OO CS,SSO,i,COMMUNITY,FALSE,Yes,No,No,Yes
630890,2SSO10139,Half Moon Bay CS,SSO,i,COMMUNITY,FALSE,Yes,No,No,Yes
630749,5SSO10964,Hammonton Gold Village CS,SSO,i,COMMUNITY,FALSE,Yes,No,No,Yes
630751,5SSO10965,Hangtown Creek CS,SSO,i,COMMUNITY,FALSE,Yes,No,No,Yes
630416,1SSO10036,Happy Camp SD CS,SSO,i,COMMUNITY,FALSE,Yes,No,No,Yes
873482,9SSO18116,Harmony Grove Village CS,SSO,i,COMMUNITY,FALSE,Yes,No,No,Yes
631998,4SSO10390,Hawaiian Gardens City CS,SSO,i,COMMUNITY,FALSE,Yes,No,No,Yes
631999,4SSO10391,Hawthorne City CS,SSO,i,COMMUNITY,FALSE,Yes,No,No,Yes
779266,1SSO11611,Hayfork CS,SSO,i,COMMUNITY,FALSE,Yes,No,No,Yes
630894,2SSO10140,Hayward City CS,SSO,i,COMMUNITY,FALSE,Yes,No,No,Yes
630417,1SSO10037,Healdsburg City CS,SSO,i,COMMUNITY,FALSE,Yes,No,No,Yes
716694,3SSO11521,Hearst Monument State Park CS,SSO,RE,TRANSIENT,FALSE,Yes,No,No,No
631203,7SSO10527,Heber CS,SSO,i,COMMUNITY,FALSE,Yes,No,No,Yes
705097,6SSO11506,Helendale CS,SSO,i,COMMUNITY,FALSE,Yes,No,No,Yes
645090,8SSO11418,Hemet City CS,SSO,i,COMMUNITY,FALSE,Yes,No,No,Yes
630898,2SSO10141,Hercules City CS,SSO,i,COMMUNITY,FALSE,Yes,No,No,Yes
632026,3SSO10275,Heritage Ranch CS,SSO,i,COMMUNITY,FALSE,Yes,No,No,Yes
230784,6SSO18106,Herlong Public Utility District,SSO,i,COMMUNITY,FALSE,Yes,No,No,Yes
643379,8SSO11381,Herman G. Stark Youth Correctional Facility CS,SSO,i,COMMUNITY,FALSE,Yes,No,No,Yes
632000,4SSO10392,Hermosa Beach City CS,SSO,i,COMMUNITY,FALSE,Yes,No,No,Yes
864352,7SSO18114,Hi-Desert Water District CS,SSO,i,COMMUNITY,FALSE,Yes,No,No,Yes
644943,4SSO11439,Hidden Hills CS,SSO,i,COMMUNITY,FALSE,Yes,No,No,Yes
630757,5SSO10967,Hidden Valley Lake CS,SSO,i,COMMUNITY,FALSE,Yes,No,No,Yes
631112,6SSO11193,High Desert State Prison CS,SSO,i,COMMUNITY,FALSE,Yes,No,No,Yes
645098,5SSO11301,Hilmar CWD CS,SSO,i,COMMUNITY,FALSE,Yes,No,No,Yes
630870,6SSO11147,Hilton Creek Csd Package CS,SSO,i,COMMUNITY,FALSE,Yes,No,No,Yes
631085,5SSO11099,Hodgdon Meadow CS,SSO,i,COMMUNITY,FALSE,Yes,No,No,Yes
644755,3SSO11408,Hollister Municipal Sewer System CS,SSO,i,COMMUNITY,FALSE,Yes,No,No,Yes
631551,8SSO10577,Home Garden Sanitary District CS,SSO,i,COMMUNITY,FALSE,Yes,No,No,Yes
630904,2SSO10143,Homestead Valley Sanitary Dist CS,SSO,i,COMMUNITY,FALSE,Yes,No,No,Yes
630418,1SSO10038,Hopland PUD CS,SSO,i,COMMUNITY,FALSE,Yes,No,No,Yes
630759,5SSO10968,Hughson CS,SSO,i,COMMUNITY,FALSE,Yes,No,No,Yes
645094,1SSO11419,Humboldt CSD CS,SSO,i,COMMUNITY,FALSE,Yes,No,No,Yes
631092,1SSO11173,Humboldt State Univeristy CS,SSO,i,COMMUNITY,FALSE,Yes,No,No,Yes
256410,8SSO10578,Huntington Beach City CS,SSO,i,COMMUNITY,FALSE,Yes,No,No,Yes
632001,4SSO10393,Huntington Park City CS,SSO,i,COMMUNITY,FALSE,Yes,No,No,Yes
726589,5SSO11302,Huron City CS,SSO,i,COMMUNITY,FALSE,Yes,No,No,Yes
631789,4SSO10450,Hyperion CS,SSO,i,COMMUNITY,FALSE,Yes,No,No,Yes
710322,9SSO11514,IRWD - El Toro CS,SSO,i,COMMUNITY,FALSE,Yes,No,No,Yes
710337,8SSO11513,IRWD - OCSD Regional 1 CS,SSO,i,COMMUNITY,FALSE,Yes,No,No,Yes
710955,8SSO11518,IRWD - OCSD Regional 2 CS,SSO,i,COMMUNITY,FALSE,Yes,No,No,Yes
631188,7SSO10519,Imperial City CS,SSO,i,COMMUNITY,FALSE,Yes,No,No,Yes
630760,5SSO10969,Indian Rock Vineyards CS,SSO,i,COMMUNITY,FALSE,Yes,No,No,Yes
632002,4SSO10394,Industry City CS,SSO,i,COMMUNITY,FALSE,Yes,No,No,Yes
632003,4SSO10395,Inglewood City CS,SSO,i,COMMUNITY,FALSE,Yes,No,No,Yes
631557,8SSO10580,Inland Empire Utilities Agency CS,SSO,i,COMMUNITY,FALSE,Yes,No,No,Yes
630876,6SSO11150,Inyokern Csd CS,SSO,i,COMMUNITY,FALSE,Yes,No,No,Yes
630762,5SSO10970,Ironhouse Sanitary District CS,SSO,i,COMMUNITY,FALSE,Yes,No,No,Yes
631113,7SSO11194,Ironwood State Prison CS,SSO,i,COMMUNITY,FALSE,Yes,No,No,Yes
632008,4SSO10396,Irwindale City CS,SSO,i,COMMUNITY,FALSE,Yes,No,No,Yes
630765,5SSO10971,Isleton CS,SSO,i,COMMUNITY,FALSE,Yes,No,No,Yes
645115,5SSO11230,Ivanhoe PUD CS,SSO,i,COMMUNITY,FALSE,Yes,No,No,Yes
645235,5SSO11303,Jamestown SD CS,SSO,i,COMMUNITY,FALSE,Yes,No,No,Yes
630911,2SSO10145,Joint C&H-Cvsd Biological CS,SSO,i,COMMUNITY,FALSE,Yes,No,No,Yes
631598,9SSO10673,Julian Water Pollution Facil. CS,SSO,i,COMMUNITY,FALSE,Yes,No,No,Yes
630879,6SSO11151,June Lake PUD CS,SSO,i,COMMUNITY,FALSE,Yes,No,No,Yes
631562,8SSO10582,Jurupa Community Services Dist CS,SSO,i,COMMUNITY,FALSE,Yes,No,No,Yes
645345,5SSO11446,Juvenile Justice Campus CS,SSO,i,COMMUNITY,FALSE,Yes,No,No,Yes
630773,5SSO10974,Kelseyville Co Water Works Dis & AD9-2 CS,SSO,i,COMMUNITY,FALSE,Yes,No,No,Yes
631530,5SSO10737,Kern Sanitation Authority CS,SSO,i,COMMUNITY,FALSE,Yes,No,No,Yes
656182,5SSO11473,Kern Valley State Prison CS,SSO,i,COMMUNITY,FALSE,Yes,No,No,Yes
645127,5SSO11234,Kettleman City WWTF CS,SSO,i,COMMUNITY,FALSE,Yes,No,No,Yes
632029,3SSO10278,King City Domestic CS,SSO,i,COMMUNITY,FALSE,Yes,No,No,Yes
630776,5SSO10975,Kirkwood Meadows CS,SSO,i,COMMUNITY,FALSE,Yes,No,No,Yes
630420,1SSO10040,Klamath CSD CS,SSO,i,COMMUNITY,FALSE,Yes,No,No,Yes
630780,5SSO10976,Knights Landing CS,SSO,i,COMMUNITY,FALSE,Yes,No,No,Yes
630989,4SSO10502,LA City Bureau of Sanitation CS,SSO,i,COMMUNITY,FALSE,Yes,No,No,Yes
632009,4SSO10397,La Canada Flintridge City CS,SSO,i,COMMUNITY,FALSE,Yes,No,No,Yes
630786,5SSO10978,La Contenta CS,SSO,i,COMMUNITY,FALSE,Yes,No,No,Yes
256411,8SSO10583,La Habra City CS,SSO,i,COMMUNITY,FALSE,Yes,No,No,Yes
632011,4SSO10398,La Habra Heights City CS,SSO,i,COMMUNITY,FALSE,Yes,No,No,Yes
632012,4SSO10399,La Mirada City CS,SSO,i,COMMUNITY,FALSE,Yes,No,No,Yes
632017,4SSO10400,La Puente City CS,SSO,i,COMMUNITY,FALSE,Yes,No,No,Yes
631169,4SSO10401,La Verne City CS,SSO,i,COMMUNITY,FALSE,Yes,No,No,Yes
711395,5SSO11602,Laborde Ranch- CSA 71.2 CS,SSO,i,COMMUNITY,FALSE,Yes,No,No,Yes
632030,3SSO10279,Laguna County Sanitation District CS (N. SBarb County),SSO,i,COMMUNITY,FALSE,Yes,No,No,Yes
630885,6SSO11152,Lake Arrowhead Community Services District Collection Sytem,SSO,i,COMMUNITY,FALSE,Yes,No,No,Yes
630796,5SSO10981,Lake Berryessa Resort CS,SSO,RT,TRANSIENT,FALSE,Yes,No,No,Yes
631282,5SSO10826,Lake California CS,SSO,i,COMMUNITY,FALSE,Yes,No,No,Yes
630801,5SSO10982,Lake Co Sanitation Dist AD9-1 & AD9-3 CS,SSO,i,COMMUNITY,FALSE,Yes,No,No,Yes
631564,8SSO10585,Lake Hemet MWD CS,SSO,i,COMMUNITY,FALSE,Yes,No,No,Yes
631283,5SSO10827,Lake Oroville Area PUD CS,SSO,i,COMMUNITY,FALSE,Yes,No,No,Yes
718635,8SSO11525,Lake Perris State Recreation Area CS,SSO,RE,TRANSIENT,FALSE,Yes,No,No,No
630421,1SSO10041,Lake Shastina Csd CS,SSO,i,COMMUNITY,FALSE,Yes,No,No,Yes
631210,7SSO10530,Lake Tamarisk CS,SSO,i,COMMUNITY,FALSE,Yes,No,No,Yes
630809,5SSO10984,Lake Wildwood CS,SSO,i,COMMUNITY,FALSE,Yes,No,No,Yes
630803,5SSO10983,Lake of The Pines CS,SSO,i,COMMUNITY,FALSE,Yes,No,No,Yes
631174,4SSO10402,Lakewood City CS,SSO,i,COMMUNITY,FALSE,Yes,No,No,Yes
631531,5SSO10738,Lamont PUD CS,SSO,i,COMMUNITY,FALSE,Yes,No,No,Yes
630916,2SSO10147,Las Gallinas CS,SSO,i,COMMUNITY,FALSE,Yes,No,No,Yes
631822,4SSO10460,Las Virgenes MWD CS,SSO,i,COMMUNITY,FALSE,Yes,No,No,Yes
631511,5SSO10897,Lathrop CS to Manteca WQCF CS,SSO,i,COMMUNITY,FALSE,Yes,No,No,Yes
630812,5SSO10985,Lathrop Consolidated Treatment Facility CS,SSO,i,COMMUNITY,FALSE,Yes,No,No,Yes
645096,5SSO11306,Laton CSD CS,SSO,i,COMMUNITY,FALSE,Yes,No,No,Yes
631181,4SSO10403,Lawndale City CS,SSO,i,COMMUNITY,FALSE,Yes,No,No,Yes
645327,2SSO11445,Lawrence Berkeley National Laboratory CS,SSO,NR,n/a,FALSE,Yes,No,No,No
707171,5SSO11307,Le Grand CS,SSO,i,COMMUNITY,FALSE,Yes,No,No,Yes
630741,6SSO11108,Leavitt Lake Sew Trt Ponds CS,SSO,i,COMMUNITY,FALSE,Yes,No,No,Yes
630891,6SSO11154,Lee Vining CS,SSO,i,COMMUNITY,FALSE,Yes,No,No,Yes
716154,5SSO11235,Lemon Cove CS,SSO,i,COMMUNITY,FALSE,Yes,No,No,Yes
643382,9SSO11210,Leucadia Wastewater District CS,SSO,i,COMMUNITY,FALSE,Yes,No,No,Yes
711848,5SSO11603,Lewis Ranch CSA 71.1 CS,SSO,i,COMMUNITY,FALSE,Yes,No,No,Yes
630820,5SSO10987,Lincoln CS,SSO,i,COMMUNITY,FALSE,Yes,No,No,Yes
647589,5SSO11482,Lincoln Village Maintenance District CS,SSO,i,COMMUNITY,FALSE,Yes,No,No,Yes
630823,5SSO10988,Linda Co Wtr Dist CS,SSO,i,COMMUNITY,FALSE,Yes,No,No,Yes
630828,5SSO10989,Linden Co Water Dist CS,SSO,i,COMMUNITY,FALSE,Yes,No,No,Yes
630918,2SSO10148,Livermore City CS,SSO,i,COMMUNITY,FALSE,Yes,No,No,Yes
645324,5SSO11309,Livingston City CS,SSO,i,COMMUNITY,FALSE,Yes,No,No,Yes
656278,5SSO11193,"Livoti, Zone 55",SSO,i,COMMUNITY,FALSE,Yes,No,No,Yes
723173,5SSO11529,Loafer Creek Campground CS,SSO,RE,TRANSIENT,FALSE,Yes,No,No,No
630839,5SSO10991,Lockeford CS,SSO,i,COMMUNITY,FALSE,Yes,No,No,Yes
630422,1SSO10042,Loleta CS,SSO,i,COMMUNITY,FALSE,Yes,No,No,Yes
631339,8SSO10554,Loma Linda City CS,SSO,i,COMMUNITY,FALSE,Yes,No,No,Yes
631184,4SSO10404,Lomita City CS,SSO,i,COMMUNITY,FALSE,Yes,No,No,Yes
632044,3SSO10284,Lompoc Regional Water Reclamat CS,SSO,i,COMMUNITY,FALSE,Yes,No,No,Yes
630895,6SSO11155,Lone Pine CS,SSO,i,COMMUNITY,FALSE,Yes,No,No,Yes
645129,4SSO11423,Long Beach Water Dept. CS (SSO program),SSO,i,COMMUNITY,FALSE,Yes,No,No,Yes
732513,3SSO11534,Lopez Lake Recreation Area CS,SSO,RE,TRANSIENT,FALSE,Yes,No,No,No
632045,3SSO10285,Los Alamos CS,SSO,i,COMMUNITY,FALSE,Yes,No,No,Yes
631606,9SSO10669,Los Alisos WRP CS,SSO,i,COMMUNITY,FALSE,Yes,No,No,Yes
630775,2SSO10110,Los Altos City CS,SSO,i,COMMUNITY,FALSE,Yes,No,No,Yes
630921,2SSO10149,Los Altos Hills CS,SSO,i,COMMUNITY,FALSE,Yes,No,No,Yes
645338,5SSO11310,Los Banos City CS,SSO,i,COMMUNITY,FALSE,Yes,No,No,Yes
822813,3SSO18100,Los Osos Water Recycling Facility CS,SSO,i,COMMUNITY,FALSE,Yes,No,No,Yes
631535,5SSO10741,Lost Hills Utility District- CS,SSO,i,COMMUNITY,FALSE,Yes,No,No,Yes
631593,9SSO10675,Lower Moosa Canyon Recl Facil CS,SSO,i,COMMUNITY,FALSE,Yes,No,No,Yes
631742,5SSO10798,Loyalton CS,SSO,i,COMMUNITY,FALSE,Yes,No,No,Yes
631189,4SSO10407,Lynwood City CS,SSO,i,COMMUNITY,FALSE,Yes,No,No,Yes
643384,9SSO11384,MCRD CS,SSO,Federal: Collection System,COMMUNITY,TRUE,Yes,No,No,Yes
704517,5SSO11315,MD-19A Parkwood CS,SSO,i,COMMUNITY,FALSE,Yes,No,No,Yes
704518,5SSO11311,MD-22A Oakhurst CS,SSO,i,COMMUNITY,FALSE,Yes,No,No,Yes
704520,5SSO11317,MD-27 Goldside CS,SSO,i,COMMUNITY,FALSE,Yes,No,No,Yes
656219,5SSO11318,MD-6 Lake Shore Park CS,SSO,i,COMMUNITY,FALSE,Yes,No,No,Yes
704515,5SSO11320,MD-7 Marina View CS,SSO,i,COMMUNITY,FALSE,Yes,No,No,Yes
704516,5SSO11316,MD-8A North Fork CS,SSO,i,COMMUNITY,FALSE,Yes,No,No,Yes
631536,5SSO10742,Malaga CWD CS,SSO,i,COMMUNITY,FALSE,Yes,No,No,Yes
631831,4SSO10465,Malibu Mesa Zone of the CSMD CS,SSO,i,COMMUNITY,FALSE,Yes,No,No,Yes
630902,6SSO11157,Mammoth Cwd CS,SSO,i,COMMUNITY,FALSE,Yes,No,No,Yes
631191,4SSO10408,Manhattan Beach City CS (SSO program),SSO,i,COMMUNITY,FALSE,Yes,No,No,Yes
630423,1SSO10043,Manila Csd CS,SSO,i,COMMUNITY,FALSE,Yes,No,No,Yes
630850,5SSO10993,Manteca CS,SSO,i,COMMUNITY,FALSE,Yes,No,No,Yes
705185,2SSO11508,Marconi Conference Center CS,SSO,NR,n/a,FALSE,Yes,No,No,No
631537,5SSO10743,"Maricopa, City Of CS",SSO,i,COMMUNITY,FALSE,Yes,No,No,Yes
630928,2SSO10151,Marin Csd 5 - Tiburon Plant CS,SSO,i,COMMUNITY,FALSE,Yes,No,No,Yes
630931,2SSO10152,Marin Csd 5 Paradise Cove CS,SSO,i,COMMUNITY,FALSE,Yes,No,No,Yes
632049,3SSO10287,Marina Coast,SSO,i,COMMUNITY,FALSE,Yes,No,No,Yes
646721,5SSO11326,Mariposa Co DON PEDRO SEWER ZONE 1 CS,SSO,i,COMMUNITY,FALSE,Yes,No,No,Yes
646986,5SSO11323,Mariposa Co YOSEMITE WEST CS,SSO,i,COMMUNITY,FALSE,Yes,No,No,Yes
631538,5SSO10744,Mariposa PUD CS,SSO,i,COMMUNITY,FALSE,Yes,No,No,Yes
630744,6SSO11109,Markleeville Wstwtr Trtmnt Sys CS,SSO,i,COMMUNITY,FALSE,Yes,No,No,Yes
823768,2SSO18111,Marshall Community CS,SSO,i,COMMUNITY,FALSE,Yes,No,No,Yes
644948,5SSO11460,Martell CS,SSO,i,COMMUNITY,FALSE,Yes,No,No,Yes
630852,5SSO10994,Marysville CS,SSO,i,COMMUNITY,FALSE,Yes,No,No,Yes
631193,4SSO10409,Maywood City CS,SSO,i,COMMUNITY,FALSE,Yes,No,No,Yes
630424,1SSO10044,Mckinleyville CS,SSO,i,COMMUNITY,FALSE,Yes,No,No,Yes
632050,3SSO10288,Meadowbrook CS,SSO,i,COMMUNITY,FALSE,Yes,No,No,Yes
631590,9SSO10676,Meadowlark CS,SSO,i,COMMUNITY,FALSE,Yes,No,No,Yes
630431,1SSO10045,Mendocino City CSD CS,SSO,i,COMMUNITY,FALSE,Yes,No,No,Yes
714954,1SSO11555,Mendocino County Waterworks District 2 CS,SSO,i,COMMUNITY,FALSE,Yes,No,No,Yes
645095,5SSO11327,Mendota City CS,SSO,i,COMMUNITY,FALSE,Yes,No,No,Yes
631540,5SSO10746,Mi-Wuk Village CS,SSO,i,COMMUNITY,FALSE,Yes,No,No,Yes
256417,8SSO10587,Michelson WRP CS,SSO,i,COMMUNITY,FALSE,Yes,No,No,Yes
630858,5SSO10997,Middletown Regional Waste Disp Fac CS,SSO,i,COMMUNITY,FALSE,Yes,No,No,Yes
256419,8SSO10588,Midway City SD CS,SSO,i,COMMUNITY,FALSE,Yes,No,No,Yes
630935,2SSO10154,Mill Valley City CS,SSO,i,COMMUNITY,FALSE,Yes,No,No,Yes
630938,2SSO10155,Millbrae City CS,SSO,i,COMMUNITY,FALSE,Yes,No,No,Yes
630941,2SSO10156,Milpitas City CS,SSO,i,COMMUNITY,FALSE,Yes,No,No,Yes
631292,5SSO10833,Mineral CS,SSO,i,COMMUNITY,FALSE,Yes,No,No,Yes
630433,1SSO10047,Miranda CS,SSO,i,COMMUNITY,FALSE,Yes,No,No,Yes
632051,3SSO10289,Mission Hills La Purisima CS,SSO,i,COMMUNITY,FALSE,Yes,No,No,Yes
797554,7SSO18102,Moabi Regional Park CS,SSO,RE,TRANSIENT,FALSE,Yes,No,No,No
630808,5SSO11001,Modesto CS,SSO,i,COMMUNITY,FALSE,Yes,No,No,Yes
630862,5SSO10100,Modesto Reservoir CS,SSO,i,COMMUNITY,FALSE,Yes,No,No,Yes
630906,6SSO11158,Mojave CS,SSO,i,COMMUNITY,FALSE,Yes,No,No,Yes
797558,6SSO18104,Mojave Narrows Regional Park CS,SSO,RE,TRANSIENT,FALSE,Yes,No,No,No
797561,6SSO18105,Mojave River Forks Regional Park CS,SSO,RE,TRANSIENT,FALSE,Yes,No,No,No
630825,5SSO11002,Mokelumne Hill CS,SSO,i,COMMUNITY,FALSE,Yes,No,No,Yes
631196,4SSO10410,Monrovia City CS,SSO,i,COMMUNITY,FALSE,Yes,No,No,Yes
630943,2SSO10157,Montara CS,SSO,i,COMMUNITY,FALSE,Yes,No,No,Yes
656187,8SSO11501,Montclair City CS,SSO,i,COMMUNITY,FALSE,Yes,No,No,Yes
631199,4SSO10411,Montebello City CS,SSO,i,COMMUNITY,FALSE,Yes,No,No,Yes
632055,3SSO10291,Montecito SD CS,SSO,i,COMMUNITY,FALSE,Yes,No,No,Yes
632060,3SSO11524,Monterey City CS,SSO,i,COMMUNITY,FALSE,Yes,No,No,Yes
632057,3SSO10293,Monterey Csa - Chualar CS,SSO,i,COMMUNITY,FALSE,Yes,No,No,Yes
632062,3SSO10296,Monterey One Water Reg Trtmt & Outfall Sys CS,SSO,i,COMMUNITY,FALSE,Yes,No,No,Yes
631200,4SSO10412,Monterey Park City CS,SSO,i,COMMUNITY,FALSE,Yes,No,No,Yes
645250,5SSO11437,Motorplex at Yuba County CS,SSO,i,COMMUNITY,FALSE,Yes,No,No,Yes
631585,9SSO10678,Moulton Niguel Water District CS,SSO,i,COMMUNITY,FALSE,Yes,No,No,Yes
630832,5SSO11003,Mountain House -1 CS,SSO,i,COMMUNITY,FALSE,Yes,No,No,Yes
654667,5SSO11497,Mountain Lakes Estates CS,SSO,i,COMMUNITY,FALSE,Yes,No,No,Yes
630779,2SSO10111,Mountain View City CS,SSO,i,COMMUNITY,FALSE,Yes,No,No,Yes
631296,5SSO10835,Mt Shasta CS,SSO,i,COMMUNITY,FALSE,Yes,No,No,Yes
630944,2SSO10158,Mt. View SD CS,SSO,i,COMMUNITY,FALSE,Yes,No,No,Yes
630842,5SSO11005,Mule Creek State Prison CS,SSO,i,COMMUNITY,FALSE,Yes,No,No,Yes
630868,5SSO11007,Murphys CS,SSO,i,COMMUNITY,FALSE,Yes,No,No,Yes
648769,9SSO11213,Murrieta WMWD CS,SSO,i,COMMUNITY,FALSE,Yes,No,No,Yes
630875,5SSO11008,Napa Berryessa CS,SSO,i,COMMUNITY,FALSE,Yes,No,No,Yes
757074,2SSO11651,Napa River CS,SSO,i,COMMUNITY,FALSE,Yes,No,No,Yes
630948,2SSO10159,Napa Sd CS,SSO,i,COMMUNITY,FALSE,Yes,No,No,Yes
631212,7SSO10531,Needles Sbr CS,SSO,i,COMMUNITY,FALSE,Yes,No,No,Yes
631214,7SSO20054,Niland CS,SSO,i,COMMUNITY,FALSE,Yes,No,No,Yes
630888,5SSO11011,Nevada City CS,SSO,i,COMMUNITY,FALSE,Yes,No,No,Yes
631937,3SSO10257,New Galaxy Park CS,SSO,DU,COMMUNITY,FALSE,Yes,No,No,No
630893,5SSO11012,New Hogan Lake CS,SSO,Federal: Recreational,COMMUNITY,TRUE,Yes,No,No,No
873478,4SSO18115,Newhall Ranch CS,SSO,i,COMMUNITY,FALSE,Yes,No,No,Yes
256402,8SSO10590,Newport Beach City CS,SSO,i,COMMUNITY,FALSE,Yes,No,No,Yes
632066,3SSO10298,Nipomo CSD Collection System,SSO,i,COMMUNITY,FALSE,Yes,No,No,Yes
632065,3SSO10297,Nipomo Csd Black Lake CS,SSO,i,COMMUNITY,FALSE,Yes,No,No,Yes
631343,8SSO10556,Norco City CS,SSO,i,COMMUNITY,FALSE,Yes,No,No,Yes
631114,5SSO11195,North Kern State Prison CS,SSO,i,COMMUNITY,FALSE,Yes,No,No,Yes
630903,5SSO11014,North San Juan CS,SSO,i,COMMUNITY,FALSE,Yes,No,No,Yes
630952,2SSO10161,North San Mateo County CS,SSO,i,COMMUNITY,FALSE,Yes,No,No,Yes
630747,6SSO11110,North Tahoe Public Utility Dst CS,SSO,i,COMMUNITY,FALSE,Yes,No,No,Yes
631553,5SSO10750,North of River Sanitary District #1 CS,SSO,i,COMMUNITY,FALSE,Yes,No,No,Yes
647699,5SSO11488,Northern California Youth Center CS,SSO,i,COMMUNITY,FALSE,Yes,No,No,Yes
630750,6SSO11111,Northstar Community Svcs Dist CS,SSO,i,COMMUNITY,FALSE,Yes,No,No,Yes
630953,2SSO10162,Novato And Ignacio CS,SSO,i,COMMUNITY,FALSE,Yes,No,No,Yes
630907,5SSO11015,Nw Regional Waste Disp Fac CS,SSO,i,COMMUNITY,FALSE,Yes,No,No,Yes
631299,5SSO10837,Oak Bottom Recreation Area CS,SSO,Federal: Recreational,COMMUNITY,TRUE,Yes,No,No,No
752094,2SSO10229,Oak Knoll SMD (San Mateo County),SSO,i,COMMUNITY,FALSE,Yes,No,No,Yes
631695,3SSO10301,Oak Shores Development CS,SSO,i,COMMUNITY,FALSE,Yes,No,No,Yes
630915,5SSO11017,Oakdale CS,SSO,i,COMMUNITY,FALSE,Yes,No,No,Yes
645344,2SSO11204,Oakland City CS,SSO,i,COMMUNITY,FALSE,Yes,No,No,Yes
630439,1SSO10052,Oceana Marin (North Marin CWD) CS,SSO,i,COMMUNITY,FALSE,Yes,No,No,Yes
631697,3SSO10254,Oceano Comm. Serv. Dist. CS,SSO,i,COMMUNITY,FALSE,Yes,No,No,Yes
631844,4SSO10477,Ojai Valley CS,SSO,i,COMMUNITY,FALSE,Yes,No,No,Yes
630922,5SSO11019,Olivehurst CS,SSO,i,COMMUNITY,FALSE,Yes,No,No,Yes
630772,6SSO11114,Olympic Valley Public Svc Dist CS,SSO,i,COMMUNITY,FALSE,Yes,No,No,Yes
643380,8SSO11382,Ontario City CS,SSO,i,COMMUNITY,FALSE,Yes,No,No,Yes
256413,8SSO10591,Orange City CS,SSO,i,COMMUNITY,FALSE,Yes,No,No,Yes
642170,8SSO10640,Orange Cnty Sanitation Dist CS,SSO,i,COMMUNITY,FALSE,Yes,No,No,Yes
645122,5SSO11421,Orland CS,SSO,i,COMMUNITY,FALSE,Yes,No,No,Yes
630957,2SSO10163,Oro Loma Sd CS,SSO,i,COMMUNITY,FALSE,Yes,No,No,Yes
631565,5SSO10752,Orosi P.U.D. CS,SSO,i,COMMUNITY,FALSE,Yes,No,No,Yes
631301,5SSO10838,Oroville CS,SSO,i,COMMUNITY,FALSE,Yes,No,No,Yes
631301,5SSO10838,Oroville CS,SSO,i,COMMUNITY,FALSE,Yes,No,No,Yes
631583,9SSO10679,Otay Water District CS,SSO,i,COMMUNITY,FALSE,Yes,No,No,Yes
631846,4SSO10479,Oxnard CS,SSO,i,COMMUNITY,FALSE,Yes,No,No,Yes
647507,5SSO11480,Pacific Gardens Sanitary District CS,SSO,i,COMMUNITY,FALSE,Yes,No,No,Yes
631700,3SSO11609,Pacific Grove City CS,SSO,i,COMMUNITY,FALSE,Yes,No,No,Yes
631581,9SSO10680,Padre Dam CS,SSO,i,COMMUNITY,FALSE,Yes,No,No,Yes
631703,3SSO18097,Pajaro County Sanitation District Collection System,SSO,i,COMMUNITY,FALSE,Yes,No,No,Yes
631223,7SSO10536,Palm Springs CS,SSO,i,COMMUNITY,FALSE,Yes,No,No,Yes
646217,1SSO11475,Palmer Creek CSD CS,SSO,i,COMMUNITY,FALSE,Yes,No,No,Yes
630959,2SSO10164,Palo Alto Regional CS,SSO,i,COMMUNITY,FALSE,Yes,No,No,Yes
631302,5SSO10839,Palo Cedro CS,SSO,i,COMMUNITY,FALSE,Yes,No,No,Yes
631204,4SSO10414,Palos Verdes Estates City CS,SSO,i,COMMUNITY,FALSE,Yes,No,No,Yes
631206,4SSO10415,Paramount City CS,SSO,i,COMMUNITY,FALSE,Yes,No,No,Yes
630929,5SSO11020,Pardee Recreation Area CS,SSO,RE,TRANSIENT,FALSE,Yes,No,No,No
631208,4SSO10416,Pasadena City CS,SSO,i,COMMUNITY,FALSE,Yes,No,No,Yes
631705,3SSO10305,Paso Robles CS,SSO,i,COMMUNITY,FALSE,Yes,No,No,Yes
630933,5SSO11021,Patterson CS,SSO,i,COMMUNITY,FALSE,Yes,No,No,Yes
631569,8SSO10592,Patton State Hospital CS,SSO,i,COMMUNITY,FALSE,Yes,No,No,Yes
631579,9SSO10681,Pauma Valley Treatment Plant CS,SSO,i,COMMUNITY,FALSE,Yes,No,No,Yes
645126,3SSO11422,Pebble Beach CSD CS,SSO,i,COMMUNITY,FALSE,Yes,No,No,Yes
630345,1SSO10006,Pelican Bay Prison CS,SSO,i,COMMUNITY,FALSE,Yes,No,No,Yes
630936,5SSO11022,Penn Valley CS,SSO,i,COMMUNITY,FALSE,Yes,No,No,Yes
631486,8SSO10557,Perris City CS,SSO,i,COMMUNITY,FALSE,Yes,No,No,Yes
630961,2SSO10165,Petaluma City CS,SSO,i,COMMUNITY,FALSE,Yes,No,No,Yes
631211,4SSO10417,Pico Rivera City CS,SSO,i,COMMUNITY,FALSE,Yes,No,No,Yes
630963,2SSO10166,Piedmont City CS,SSO,i,COMMUNITY,FALSE,Yes,No,No,Yes
630947,5SSO11025,Pine Grove Comm Leachfield CS,SSO,i,COMMUNITY,FALSE,Yes,No,No,Yes
631577,9SSO10682,Pine Valley San Diego Cnty CS,SSO,i,COMMUNITY,FALSE,Yes,No,No,Yes
755994,5SSO11656,Pinedale CWD CS,SSO,i,COMMUNITY,FALSE,Yes,No,No,Yes
645141,5SSO11428,Pinedale Public Utility District CS,SSO,i,COMMUNITY,FALSE,Yes,No,No,Yes
630784,2SSO10112,Pinole City CS,SSO,i,COMMUNITY,FALSE,Yes,No,No,Yes
631710,3SSO10307,Pismo Beach CS,SSO,i,COMMUNITY,FALSE,Yes,No,No,Yes
630787,2SSO10113,Pittsburg City CS,SSO,i,COMMUNITY,FALSE,Yes,No,No,Yes
256414,8SSO10593,Placentia City CS,SSO,i,COMMUNITY,FALSE,Yes,No,No,Yes
710690,6SSO11517,Placer County Eastern Regional Landfill CS,SSO,NR,n/a,FALSE,Yes,No,No,No
631573,5SSO10753,Planada Csd CS,SSO,i,COMMUNITY,FALSE,Yes,No,No,Yes
631115,5SSO11196,Pleasant Valley State Prison CS,SSO,i,COMMUNITY,FALSE,Yes,No,No,Yes
630965,2SSO10167,Pleasanton City CS,SSO,i,COMMUNITY,FALSE,Yes,No,No,Yes
631306,5SSO10842,Plumas Eureka Estates CS,SSO,i,COMMUNITY,FALSE,Yes,No,No,Yes
630969,5SSO11033,Plymouth CS,SSO,i,COMMUNITY,FALSE,Yes,No,No,Yes
630440,1SSO10053,Point Arena Wastewater Trt.Plt CS,SSO,i,COMMUNITY,FALSE,Yes,No,No,Yes
631213,4SSO10418,Pomona City CS,SSO,i,COMMUNITY,FALSE,Yes,No,No,Yes
708766,5SSO11242,Poplar CS,SSO,i,COMMUNITY,FALSE,Yes,No,No,Yes
720280,2SSO11607,Port Costa CS,SSO,i,COMMUNITY,FALSE,Yes,No,No,Yes
631713,3SSO10308,Port San Luis Harbor District CS,SSO,RT,TRANSIENT,FALSE,Yes,No,No,Yes
645221,2SSO11430,Port of Oakland CS,SSO,NR,n/a,FALSE,Yes,No,No,No
705108,2SSO11507,Port of San Francisco CS,SSO,NR,n/a,FALSE,Yes,No,No,No
651041,5SSO11243,"Porterville, City of CS",SSO,i,COMMUNITY,FALSE,Yes,No,No,Yes
631307,5SSO10843,Portola CS,SSO,i,COMMUNITY,FALSE,Yes,No,No,Yes
797572,8SSO18108,Prado Regional Park CS,SSO,RE,TRANSIENT,FALSE,Yes,No,No,No
656190,5SSO11502,Preston Youth Correctional CS,SSO,i,COMMUNITY,FALSE,Yes,No,No,Yes
631309,5SSO10844,Quincy CS,SSO,i,COMMUNITY,FALSE,Yes,No,No,Yes
653787,9SSO11197,R.J. Donovan Correctional Facility at Rock Mountain CS,SSO,i,COMMUNITY,FALSE,Yes,No,No,Yes
631568,9SSO10687,Rainbow Municipal Water Dist CS,SSO,i,COMMUNITY,FALSE,Yes,No,No,Yes
631561,9SSO10689,Rancho Del Campo CS,SSO,i,COMMUNITY,FALSE,Yes,No,No,Yes
647697,5SSO11487,Rancho Murieta Community Service District CS,SSO,i,COMMUNITY,FALSE,Yes,No,No,Yes
794376,4SSO18098,Rancho Palos Verdes - Central CS,SSO,i,COMMUNITY,FALSE,Yes,No,No,Yes
631219,4SSO10420,Rancho Palos Verdes City CS,SSO,i,COMMUNITY,FALSE,Yes,No,No,Yes
631560,9SSO10690,Rancho Santa Fe San Dist Plant CS,SSO,i,COMMUNITY,FALSE,Yes,No,No,Yes
630972,5SSO11035,Raymus Village Maint. District CS,SSO,i,COMMUNITY,FALSE,Yes,No,No,Yes
631310,5SSO10845,Red Bluff CS,SSO,i,COMMUNITY,FALSE,Yes,No,No,Yes
631120,5SSO10801,Redding City CS,SSO,i,COMMUNITY,FALSE,Yes,No,No,Yes
631491,8SSO10558,Redlands City Wastewater CS,SSO,i,COMMUNITY,FALSE,Yes,No,No,Yes
631222,4SSO10421,Redondo Beach City CS,SSO,i,COMMUNITY,FALSE,Yes,No,No,Yes
630460,1SSO10055,Redway CS,SSO,i,COMMUNITY,FALSE,Yes,No,No,Yes
630966,2SSO10168,Redwood City CS,SSO,i,COMMUNITY,FALSE,Yes,No,No,Yes
631596,5SSO10756,"Reeder Tract WWf, Csa #398 CS",SSO,i,COMMUNITY,FALSE,Yes,No,No,Yes
631600,5SSO10757,"Reedley, City Of CS",SSO,i,COMMUNITY,FALSE,Yes,No,No,Yes
631572,8SSO10594,Rialto City CS,SSO,i,COMMUNITY,FALSE,Yes,No,No,Yes
630968,2SSO10169,Richardson Bay Sd CS,SSO,i,COMMUNITY,FALSE,Yes,No,No,Yes
630971,2SSO10170,Richmond City CS,SSO,i,COMMUNITY,FALSE,Yes,No,No,Yes
707127,6SSO14497,Ridgecrest WWTF CS,SSO,i,COMMUNITY,FALSE,Yes,No,No,Yes
631724,3SSO10311,Ridgemark Estates CS,SSO,i,COMMUNITY,FALSE,Yes,No,No,Yes
630463,1SSO10058,Rio Dell City CS,SSO,i,COMMUNITY,FALSE,Yes,No,No,Yes
630974,5SSO11036,Rio Ramaza CS,SSO,i,COMMUNITY,FALSE,Yes,No,No,Yes
630977,5SSO11037,Rio Vista Waste Trt Facility CS,SSO,i,COMMUNITY,FALSE,Yes,No,No,Yes
630984,5SSO11039,River Pines CS,SSO,i,COMMUNITY,FALSE,Yes,No,No,Yes
630986,5SSO11040,Riverbank CS,SSO,i,COMMUNITY,FALSE,Yes,No,No,Yes
645346,5SSO11336,Riverdale PUD CS,SSO,i,COMMUNITY,FALSE,Yes,No,No,Yes
631503,8SSO10560,Riverside City CS,SSO,i,COMMUNITY,FALSE,Yes,No,No,Yes
630990,5SSO11041,Robbins CS,SSO,i,COMMUNITY,FALSE,Yes,No,No,Yes
630973,2SSO10171,Rodeo SD CS,SSO,i,COMMUNITY,FALSE,Yes,No,No,Yes
630380,1SSO10016,Rohnert Park City CS,SSO,i,COMMUNITY,FALSE,Yes,No,No,Yes
631228,4SSO10423,Rolling Hills City Estates CS,SSO,i,COMMUNITY,FALSE,Yes,No,No,Yes
631728,3SSO10312,Rolling Woods Subdivision CS,SSO,i,COMMUNITY,FALSE,Yes,No,No,Yes
630945,6SSO11165,Rosamond (Ponds) CS,SSO,i,COMMUNITY,FALSE,Yes,No,No,Yes
631229,4SSO10424,Rosemead City CS,SSO,i,COMMUNITY,FALSE,Yes,No,No,Yes
256475,8SSO10596,Rossmoor/Los Alamitos San. Dist CS,SSO,i,COMMUNITY,FALSE,Yes,No,No,Yes
645135,8SSO11424,Rubidoux CSD CS,SSO,i,COMMUNITY,FALSE,Yes,No,No,Yes
631578,8SSO10597,Running Springs CS,SSO,i,COMMUNITY,FALSE,Yes,No,No,Yes
704525,5SSO11312,SA-14 Chuk Chansi CS,SSO,i,COMMUNITY,FALSE,Yes,No,No,Yes
704523,5SSO11319,SA-2 Bass Lake CS,SSO,i,COMMUNITY,FALSE,Yes,No,No,Yes
631592,8SSO10603,SAWPA & Member Agencies CS,SSO,i,COMMUNITY,FALSE,Yes,No,No,Yes
631021,2SSO10190,SBSA CS,SSO,i,COMMUNITY,FALSE,Yes,No,No,Yes
631588,8SSO10601,SBV Community College CS,SSO,NR,n/a,FALSE,Yes,No,No,No
630467,1SSO10062,SCWA Airport CS,SSO,NR,n/a,FALSE,Yes,No,No,No
630468,1SSO10063,SCWA Geyserville Csd CS,SSO,i,COMMUNITY,FALSE,Yes,No,No,Yes
630469,1SSO10064,SCWA Occidental CSD CS,SSO,i,COMMUNITY,FALSE,Yes,No,No,Yes
630472,1SSO10065,SCWA Oceanic Prop. Central Plant CS,SSO,RT,TRANSIENT,FALSE,Yes,No,No,Yes
630479,1SSO10066,SCWA Oceanic Prop. North Plant CS,SSO,RT,TRANSIENT,FALSE,Yes,No,No,Yes
630480,1SSO10067,SCWA Russian River CSD CS,SSO,i,COMMUNITY,FALSE,Yes,No,No,Yes
791875,2SSO18096,SDC CS,SSO,i,COMMUNITY,FALSE,Yes,No,No,Yes
727334,2SSO11533,SLAC National Accelerator Laboratory CS,SSO,NR,n/a,FALSE,Yes,No,No,No
630958,5SSO11028,SMD No. 1 CS,SSO,i,COMMUNITY,FALSE,Yes,No,No,Yes
656254,5SSO11362,SMD No. 2 CS,SSO,i,COMMUNITY,FALSE,Yes,No,No,Yes
630960,5SSO11029,SMD No. 3 CS,SSO,i,COMMUNITY,FALSE,Yes,No,No,Yes
631610,8SSO10611,"STP,Glen Helen Rehab Ctr CS",SSO,i,COMMUNITY,FALSE,Yes,No,No,Yes
631617,8SSO10613,"STP,Horsethief Canyon Plant CS",SSO,i,COMMUNITY,FALSE,Yes,No,No,Yes
630675,5SSO10912,Sacramento Area Sewer District CS,SSO,i,COMMUNITY,FALSE,Yes,No,No,Yes
711806,5SSO11604,Sacramento Executive Airport CS,SSO,NR,n/a,FALSE,Yes,No,No,No
630998,5SSO11044,Sacramento Intl Airport CS,SSO,NR,n/a,FALSE,Yes,No,No,No
631003,5SSO11045,Sacramento Regional CS,SSO,i,COMMUNITY,FALSE,Yes,No,No,Yes
631007,5SSO11047,Salida CS,SSO,i,COMMUNITY,FALSE,Yes,No,No,Yes
631735,3SSO10314,Salinas City CS,SSO,i,COMMUNITY,FALSE,Yes,No,No,Yes
717077,3SSO11522,Salinas Industrial Wastewater CS,SSO,NR,n/a,FALSE,Yes,No,No,No
645068,3SSO11472,Salinas Valley State Prison CS,SSO,i,COMMUNITY,FALSE,Yes,No,No,Yes
215126,3SSO10315,Salsipuedes Sanitary District Collection System,SSO,i,COMMUNITY,FALSE,Yes,No,No,Yes
631227,7SSO10538,Salton City Oxid Basin CS,SSO,i,COMMUNITY,FALSE,Yes,No,No,Yes
630982,2SSO10175,Sam CS,SSO,i,COMMUNITY,FALSE,Yes,No,No,Yes
710595,2SSO11511,Samuel P. Taylor State park CS,SSO,RE,TRANSIENT,FALSE,Yes,No,No,No
631009,5SSO11048,San Andreas CS,SSO,i,COMMUNITY,FALSE,Yes,No,No,Yes
631739,3SSO10316,San Ardo CS,SSO,i,COMMUNITY,FALSE,Yes,No,No,Yes
631508,8SSO10561,San Bernardino City CS,SSO,i,COMMUNITY,FALSE,Yes,No,No,Yes
630985,2SSO10176,San Bruno City CS,SSO,i,COMMUNITY,FALSE,Yes,No,No,Yes
630988,2SSO10177,San Carlos City CS,SSO,i,COMMUNITY,FALSE,Yes,No,No,Yes
735339,9SSO11542,San Clemente State Beach CS,SSO,RE,TRANSIENT,FALSE,Yes,No,No,No
735339,9SSO11542,San Clemente State Beach CS,SSO,RE,TRANSIENT,FALSE,Yes,No,No,No
631631,9SSO10658,San Diego City CS (Wastewater Collection System),SSO,i,COMMUNITY,FALSE,Yes,No,No,Yes
631554,9SSO10692,San Diego State University CS,SSO,i,COMMUNITY,FALSE,Yes,No,No,Yes
631231,4SSO10425,San Dimas City CS,SSO,i,COMMUNITY,FALSE,Yes,No,No,Yes
630976,2SSO10172,San Dist #1 of Marin CS,SSO,i,COMMUNITY,FALSE,Yes,No,No,Yes
631232,4SSO10426,San Fernando City CS,SSO,i,COMMUNITY,FALSE,Yes,No,No,Yes
867839,2SSO10193-C,San Francisco City Combined CS,SSO,i,COMMUNITY,FALSE,Yes,No,No,Yes
631028,2SSO10193,San Francisco City Separate CS,SSO,i,COMMUNITY,FALSE,Yes,No,No,Yes
631235,4SSO10427,San Gabriel City CS,SSO,i,COMMUNITY,FALSE,Yes,No,No,Yes
631512,8SSO10562,San Jacinto City CS,SSO,i,COMMUNITY,FALSE,Yes,No,No,Yes
708621,5SSO11338,San Joaquin CS,SSO,i,COMMUNITY,FALSE,Yes,No,No,Yes
630994,2SSO10179,San Jose City CS,SSO,i,COMMUNITY,FALSE,Yes,No,No,Yes
631093,2SSO11174,San Jose State University CS,SSO,i,COMMUNITY,FALSE,Yes,No,No,Yes
631744,3SSO10317,San Juan Bautista CS,SSO,i,COMMUNITY,FALSE,Yes,No,No,Yes
891972,3SSO20045,San Juan Oaks CS,SSO,i,COMMUNITY,FALSE,Yes,No,No,Yes
630999,2SSO10181,San Leandro CS,SSO,i,COMMUNITY,FALSE,Yes,No,No,Yes
645282,5SSO11340,San Luis Hills CS,SSO,i,COMMUNITY,FALSE,Yes,No,No,Yes
631748,3SSO10320,San Luis Obispo CS,SSO,i,COMMUNITY,FALSE,Yes,No,No,Yes
631238,4SSO10428,San Marino City CS,SSO,i,COMMUNITY,FALSE,Yes,No,No,Yes
631006,2SSO10183,San Mateo CIty CS,SSO,i,COMMUNITY,FALSE,Yes,No,No,Yes
735338,9SSO11541,San Mateo Campground/San Onofre CS,SSO,RE,TRANSIENT,FALSE,Yes,No,No,No
735338,9SSO11541,San Mateo Campground/San Onofre CS,SSO,RE,TRANSIENT,FALSE,Yes,No,No,No
630821,2SSO10122,San Mateo County CS,SSO,i,COMMUNITY,FALSE,Yes,No,No,Yes
631749,3SSO10321,San Miguel CSD CS,SSO,i,COMMUNITY,FALSE,Yes,No,No,Yes
727930,3SSO11608,San Miguelito Mutual Water Company CS,SSO,i,COMMUNITY,FALSE,Yes,No,No,Yes
631116,2SSO11198,San Quentin State Prison CS,SSO,i,COMMUNITY,FALSE,Yes,No,No,Yes
631008,2SSO10184,San Rafael SD CS,SSO,i,COMMUNITY,FALSE,Yes,No,No,Yes
631756,3SSO10322,San Simeon CS,SSO,i,COMMUNITY,FALSE,Yes,No,No,Yes
631547,9SSO10695,San Vicente Treatment Plant CS,SSO,i,COMMUNITY,FALSE,Yes,No,No,Yes
631757,3SSO10323,Sand Dollar Beach CS,SSO,NR,n/a,FALSE,Yes,No,No,No
712485,2SSO11605,"Sandia National Laboratories, California CS",SSO,NR,n/a,FALSE,Yes,No,No,No
656284,5SSO11342,Sanger CS,SSO,i,COMMUNITY,FALSE,Yes,No,No,Yes
631010,2SSO10185,Sanitary District #2 Of Marin CS,SSO,i,COMMUNITY,FALSE,Yes,No,No,Yes
256401,8SSO10602,Santa Ana City CS,SSO,i,COMMUNITY,FALSE,Yes,No,No,Yes
631947,3SSO10260,Santa Barbara County Service Area 12 - Mission Canyon CS,SSO,i,COMMUNITY,FALSE,Yes,No,No,Yes
631014,2SSO10187,Santa Clara City CS,SSO,i,COMMUNITY,FALSE,Yes,No,No,Yes
631239,4SSO10429,Santa Clarita City CS,SSO,i,COMMUNITY,FALSE,Yes,No,No,Yes
644127,4SSO11405,Santa Clarita Valley Sanitation District of Los Angeles County CS,SSO,i,COMMUNITY,FALSE,Yes,No,No,Yes
631912,3SSO10252,Santa Cruz City CS,SSO,i,COMMUNITY,FALSE,Yes,No,No,Yes
631759,3SSO10324,Santa Cruz County CS,SSO,i,COMMUNITY,FALSE,Yes,No,No,Yes
631253,4SSO10430,Santa Fe Springs City CS,SSO,i,COMMUNITY,FALSE,Yes,No,No,Yes
631545,9SSO10696,Santa Fe Valley CS,SSO,i,COMMUNITY,FALSE,Yes,No,No,Yes
631768,3SSO10329,Santa Lucia Csd CS,SSO,i,COMMUNITY,FALSE,Yes,No,No,Yes
631542,9SSO10697,Santa Margarita Water District CS,SSO,i,COMMUNITY,FALSE,Yes,No,No,Yes
631528,9SSO10698,Santa Maria CS,SSO,i,COMMUNITY,FALSE,Yes,No,No,Yes
256463,"9 000000780	",Santa Maria/ San Vicente Treatment Plant CS,SSO,i,COMMUNITY,FALSE,Yes,No,No,Yes
631318,4SSO10431,Santa Monica City CS,SSO,i,COMMUNITY,FALSE,Yes,No,No,Yes
645102,5SSO11343,Santa Nella CWD CS,SSO,i,COMMUNITY,FALSE,Yes,No,No,Yes
631853,4SSO10486,Santa Paula CS,SSO,i,COMMUNITY,FALSE,Yes,No,No,Yes
648106,1SSO11491,Santa Rosa City CS,SSO,i,COMMUNITY,FALSE,Yes,No,No,Yes
837600,9SSO11546,Santa Rosa Regional Resources Authority Collection System,SSO,i,COMMUNITY,FALSE,Yes,No,No,Yes
631526,9SSO10699,Santa Rosa WRF-Recycled Wtr CS,SSO,i,COMMUNITY,FALSE,Yes,No,No,Yes
256465,"9 000000781	",Santa Rosa WRF-Recycled Wtr/ Santa Fe Valley CS,SSO,i,COMMUNITY,FALSE,Yes,No,No,Yes
631770,3SSO10330,Santa Ynez C.S.D. CS,SSO,i,COMMUNITY,FALSE,Yes,No,No,Yes
631016,2SSO10188,Sasm CS,SSO,i,COMMUNITY,FALSE,Yes,No,No,Yes
631854,4SSO10487,Saticoy S.D. CS,SSO,i,COMMUNITY,FALSE,Yes,No,No,Yes
631019,2SSO10189,Sausalito CS,SSO,i,COMMUNITY,FALSE,Yes,No,No,Yes
630790,2SSO10114,Sausalito City CS,SSO,i,COMMUNITY,FALSE,Yes,No,No,Yes
752095,2SSO10230,Scenic Heights CSD,SSO,i,COMMUNITY,FALSE,Yes,No,No,Yes
631794,3SSO10331,Scotts Valley CS,SSO,i,COMMUNITY,FALSE,Yes,No,No,Yes
256415,8SSO10604,Seal Beach City CS,SSO,i,COMMUNITY,FALSE,Yes,No,No,Yes
631797,3SSO10334,Seaside Co Sd CS,SSO,i,COMMUNITY,FALSE,Yes,No,No,Yes
630382,1SSO10017,Sebastopol City CS,SSO,i,COMMUNITY,FALSE,Yes,No,No,Yes
645328,5SSO11466,Selma-Kingsburg-Fowler CS,SSO,i,COMMUNITY,FALSE,Yes,No,No,Yes
631799,3SSO10335,Sewage Treatment Plant CS,SSO,i,COMMUNITY,FALSE,Yes,No,No,Yes
631026,2SSO10192,Sf- Oceanside CS,SSO,i,COMMUNITY,FALSE,Yes,No,No,Yes
631320,5SSO10851,Shasta Lake CS,SSO,i,COMMUNITY,FALSE,Yes,No,No,Yes
631319,5SSO10850,Shasta-Tehama-Trinity Joint Community College District CS,SSO,i,COMMUNITY,FALSE,Yes,No,No,Yes
630481,1SSO10068,Shelter Cove CS,SSO,i,COMMUNITY,FALSE,Yes,No,No,Yes
630754,6SSO11112,Sierra Army Depot Sew Trt Pln CS,SSO,Federal: Collection System,COMMUNITY,TRUE,Yes,No,No,Yes
631015,5SSO11051,Sierra Conservation Center CS,SSO,i,COMMUNITY,FALSE,Yes,No,No,Yes
631323,4SSO10432,Sierra Madre City CS,SSO,i,COMMUNITY,FALSE,Yes,No,No,Yes
718183,6SSO11523,Silverwood Lake SRA CS,SSO,RE,TRANSIENT,FALSE,Yes,No,No,No
631856,4SSO10489,Simi Valley CS,SSO,i,COMMUNITY,FALSE,Yes,No,No,Yes
645349,5SSO11344,Snelling CSD CS,SSO,i,COMMUNITY,FALSE,Yes,No,No,Yes
630756,6SSO11113,So. Tahoe Public Utility Dist. CS,SSO,i,COMMUNITY,FALSE,Yes,No,No,Yes
657444,5SSO11503,Soda Springs CS,SSO,i,COMMUNITY,FALSE,Yes,No,No,Yes
631800,3SSO10336,Solvang CS,SSO,i,COMMUNITY,FALSE,Yes,No,No,Yes
631034,2SSO10195,Sonoma County Water -Penngrove CS,SSO,i,COMMUNITY,FALSE,Yes,No,No,Yes
631036,2SSO10196,Sonoma Valley County S.D. CS,SSO,i,COMMUNITY,FALSE,Yes,No,No,Yes
631375,9SSO10703,South Coast Water District CS,SSO,i,COMMUNITY,FALSE,Yes,No,No,Yes
631755,4SSO10434,South El Monte City CS,SSO,i,COMMUNITY,FALSE,Yes,No,No,Yes
630483,1SSO10070,South Park CSD CS,SSO,i,COMMUNITY,FALSE,Yes,No,No,Yes
631761,4SSO10436,South Pasadena City CS,SSO,i,COMMUNITY,FALSE,Yes,No,No,Yes
631025,5SSO11054,South Placer Mud CS,SSO,i,COMMUNITY,FALSE,Yes,No,No,Yes
630795,2SSO10115,South San Francisco City CS,SSO,i,COMMUNITY,FALSE,Yes,No,No,Yes
631801,3SSO10337,South San Luis Obispo Sd CS,SSO,i,COMMUNITY,FALSE,Yes,No,No,Yes
631027,5SSO11055,Southeast Regional Waste Disp Fac CS,SSO,i,COMMUNITY,FALSE,Yes,No,No,Yes
726205,9SSO11530,Southern Section CS (Duplicate Place ID 256451),SSO,i,COMMUNITY,FALSE,Yes,No,No,Yes
631029,5SSO11056,Southworth Ranch Estates CS,SSO,i,COMMUNITY,FALSE,Yes,No,No,Yes
726256,5SSO11247,Springville PUD CS,SSO,i,COMMUNITY,FALSE,Yes,No,No,Yes
631038,2SSO10197,"St. Helena, City of, CS",SSO,i,COMMUNITY,FALSE,Yes,No,No,Yes
631609,5SSO10759,Stallion Springs Csd CS,SSO,i,COMMUNITY,FALSE,Yes,No,No,Yes
631614,5SSO10760,Stanislaus State University CS,SSO,i,COMMUNITY,FALSE,Yes,No,No,Yes
256404,8SSO10605,Stanton City CS,SSO,i,COMMUNITY,FALSE,Yes,No,No,Yes
631040,2SSO10198,Stege SD CS,SSO,i,COMMUNITY,FALSE,Yes,No,No,Yes
733023,6SSO11538,Step/Stag System w/Evap Ponds CS,SSO,i,COMMUNITY,FALSE,Yes,No,No,Yes
631039,5SSO11060,Stonegate Village CS,SSO,i,COMMUNITY,FALSE,Yes,No,No,Yes
630774,6SSO11115,Stones-Bengard Sewage Trt Pnds CS,SSO,i,COMMUNITY,FALSE,Yes,No,No,Yes
726584,5SSO11248,Stratford PUD CS,SSO,i,COMMUNITY,FALSE,Yes,No,No,Yes
726587,5SSO11249,Strathmore WWTF CS,SSO,i,COMMUNITY,FALSE,Yes,No,No,Yes
728010,6SSO18095,Sugar Pine Point State Park CS,SSO,RE,TRANSIENT,FALSE,Yes,No,No,No
631042,2SSO10199,Suisun City CS,SSO,i,COMMUNITY,FALSE,Yes,No,No,Yes
631802,3SSO10338,Summerland SD CS,SSO,i,COMMUNITY,FALSE,Yes,No,No,Yes
631044,2SSO10200,Sunnyvale CS,SSO,i,COMMUNITY,FALSE,Yes,No,No,Yes
256420,8SSO10625,Sunset Beach Sanitary Dist CS,SSO,i,COMMUNITY,FALSE,Yes,No,No,Yes
656257,5SSO11361,"Sunset Whitney, Zone 2A3 CS",SSO,i,COMMUNITY,FALSE,Yes,No,No,Yes
630778,6SSO11117,Susanville Csd CS,SSO,i,COMMUNITY,FALSE,Yes,No,No,Yes
631043,5SSO11061,Sutter Creek CS,SSO,i,COMMUNITY,FALSE,Yes,No,No,Yes
630706,5SSO10940,Taft City CS,SSO,i,COMMUNITY,FALSE,Yes,No,No,Yes
630781,6SSO11118,Tahoe City Public Utility Dist CS,SSO,i,COMMUNITY,FALSE,Yes,No,No,Yes
630783,6SSO11119,Tahoe Truckee Sanitation Agen CS,SSO,i,COMMUNITY,FALSE,Yes,No,No,Yes
631153,2SSO10202,Tamalpais CSD CS,SSO,i,COMMUNITY,FALSE,Yes,No,No,Yes
631635,5SSO10763,Tehachapi Correctional Inst CS,SSO,i,COMMUNITY,FALSE,Yes,No,No,Yes
631638,5SSO10764,"Tehachapi, City Of CS",SSO,i,COMMUNITY,FALSE,Yes,No,No,Yes
631641,5SSO10765,Tejon Industrial Complex CS,SSO,NR,n/a,FALSE,Yes,No,No,No
631383,9SSO10706,Temecula Valley RCS,SSO,i,COMMUNITY,FALSE,Yes,No,No,Yes
631636,8SSO10621,Temescal Valley WD Regional Plant CS,SSO,i,COMMUNITY,FALSE,Yes,No,No,Yes
631762,4SSO10437,Temple City CS,SSO,i,COMMUNITY,FALSE,Yes,No,No,Yes
631858,4SSO10491,Terminal Island CS,SSO,i,COMMUNITY,FALSE,Yes,No,No,Yes
645332,5SSO11250,Terra Bella CS,SSO,i,COMMUNITY,FALSE,Yes,No,No,Yes
874370,5SSO18117,Tesoro Viejo Wastewater CS,SSO,i,COMMUNITY,FALSE,Yes,No,No,Yes
631659,2SSO10203,The California Veterans Home CS,SSO,RT,TRANSIENT,FALSE,Yes,No,No,Yes
645139,5SSO11224,The City of Dinuba CS,SSO,i,COMMUNITY,FALSE,Yes,No,No,Yes
631332,5SSO10857,Thermalito Water & Sewer District CS,SSO,i,COMMUNITY,FALSE,Yes,No,No,Yes
631788,4SSO10449,Thousand Oaks Municipal Service Center,SSO,i,COMMUNITY,FALSE,Yes,No,No,Yes
645291,5SSO11251,Tipton CSD CS,SSO,i,COMMUNITY,FALSE,Yes,No,No,Yes
713736,2SSO11680,Tomales Village CS,SSO,i,COMMUNITY,FALSE,Yes,No,No,Yes
712316,5SSO11519,Tonyville CS,SSO,i,COMMUNITY,FALSE,Yes,No,No,Yes
645313,5SSO11257,Tooleville CS,SSO,i,COMMUNITY,FALSE,Yes,No,No,Yes
631774,4SSO10439,Torrance City CS,SSO,i,COMMUNITY,FALSE,Yes,No,No,Yes
735021,2SSO11539,Tower Road Complex CS,SSO,i,COMMUNITY,FALSE,Yes,No,No,Yes
630900,2SSO10142,Town Of Hillsborough CS,SSO,i,COMMUNITY,FALSE,Yes,No,No,Yes
647981,6SSO11489,Town of Apple Valley Wastewater Dept. CS,SSO,i,COMMUNITY,FALSE,Yes,No,No,Yes
631386,9SSO10707,Trabuco Canyon Water District CS,SSO,i,COMMUNITY,FALSE,Yes,No,No,Yes
631050,5SSO11066,Tracy CS,SSO,i,COMMUNITY,FALSE,Yes,No,No,Yes
631864,4SSO10496,Trancas Zone of the CSMD CS,SSO,i,COMMUNITY,FALSE,Yes,No,No,Yes
656294,5SSO11258,Traver CS,SSO,i,COMMUNITY,FALSE,Yes,No,No,Yes
818847,2SSO18110,Treasure Island Development Authority CS,SSO,NR,n/a,FALSE,Yes,No,No,No
631670,2SSO10207,Treasure Island Navy CS,SSO,Federal: Collection System,COMMUNITY,TRUE,Yes,No,No,Yes
631805,3SSO10341,Tres Pinos CS,SSO,i,COMMUNITY,FALSE,Yes,No,No,Yes
631865,4SSO10497,Triunfo Sanitation District CS,SSO,i,COMMUNITY,FALSE,Yes,No,No,Yes
630785,6SSO11120,Truckee Sanitary District CS,SSO,i,COMMUNITY,FALSE,Yes,No,No,Yes
631395,5SSO10713,Tulare CS,SSO,i,COMMUNITY,FALSE,Yes,No,No,Yes
631052,5SSO11068,Tuolumne CS,SSO,i,COMMUNITY,FALSE,Yes,No,No,Yes
631690,5SSO10779,Tuolumne Meadows CS,SSO,Federal: Recreational,COMMUNITY,TRUE,Yes,No,No,No
631647,5SSO10771,Tuolumne Utilities District CS,SSO,i,COMMUNITY,FALSE,Yes,No,No,Yes
631053,5SSO11069,Turlock CS,SSO,i,COMMUNITY,FALSE,Yes,No,No,Yes
631054,5SSO11070,Tuttletown Recreation Area CS,SSO,Federal: Recreational,COMMUNITY,TRUE,Yes,No,No,No
631648,5SSO10772,Twain Harte CSD CS,SSO,i,COMMUNITY,FALSE,Yes,No,No,Yes
648006,1SSO11490,U.S. Coast Guard TRACEN CS,SSO,Federal: Collection System,COMMUNITY,TRUE,Yes,No,No,Yes
631673,2SSO10210,UC Berkeley CS,SSO,i,COMMUNITY,FALSE,Yes,No,No,Yes
797315,2SSO18100,"UC Berkeley, Richmond Field Station CS",SSO,NR,n/a,FALSE,Yes,No,No,No
645247,5SSO11463,UC Davis Health System CS,SSO,i,COMMUNITY,FALSE,Yes,No,No,Yes
631969,8SSO10630,UC Irvine CS,SSO,i,COMMUNITY,FALSE,Yes,No,No,Yes
645251,5SSO11453,UC Kearney Research and Extension Center CS,SSO,i,COMMUNITY,FALSE,Yes,No,No,Yes
631866,4SSO10498,UC Los Angeles CS,SSO,i,COMMUNITY,FALSE,Yes,No,No,Yes
631233,8SSO10539,UC Riverside CS,SSO,i,COMMUNITY,FALSE,Yes,No,No,Yes
631807,3SSO10343,UC Santa Barbara CS,SSO,i,COMMUNITY,FALSE,Yes,No,No,Yes
631808,3SSO10344,UC Santa Cruz CS,SSO,i,COMMUNITY,FALSE,Yes,No,No,Yes
631784,4SSO10445,US Department of Veteran Affairs CS,SSO,Federal: Collection System,COMMUNITY,TRUE,Yes,No,No,Yes
631055,5SSO11071,Uc Davis CS,SSO,i,COMMUNITY,FALSE,Yes,No,No,Yes
630748,1SSO10074,Ukiah City CS,SSO,i,COMMUNITY,FALSE,Yes,No,No,Yes
644967,1SSO11454,Ukiah Valley Sanitation District CS,SSO,i,COMMUNITY,FALSE,Yes,No,No,Yes
643373,4SSO11370,Unincorporated County Area CSMD North/County Sanitation District CS,SSO,i,COMMUNITY,FALSE,Yes,No,No,Yes
643368,4SSO11365,Unincorporated County Area CSMD South/County Sanitation District CS,SSO,i,COMMUNITY,FALSE,Yes,No,No,Yes
643377,4SSO11374,Unincorporated County Area CSMD-NW/County Sanitation District CS,SSO,i,COMMUNITY,FALSE,Yes,No,No,Yes
643375,4SSO11372,Unincorporated County Area CSMD/Las Virgenes Tapia CS,SSO,i,COMMUNITY,FALSE,Yes,No,No,Yes
631821,6SSO10459,Unincorporated County Area Lake Hughes Zone of the CSMD CS,SSO,i,COMMUNITY,FALSE,Yes,No,No,Yes
643376,4SSO11373,Unincorporated County Area Marina/Aneta Zone of the CSMD/City Hyperian CS,SSO,i,COMMUNITY,FALSE,Yes,No,No,Yes
631672,2SSO10209,Union S.D. CS,SSO,i,COMMUNITY,FALSE,Yes,No,No,Yes
631649,5SSO10773,"University Of California, Merced CS",SSO,i,COMMUNITY,FALSE,Yes,No,No,Yes
631389,9SSO10709,"University Of California, San Diego CS",SSO,i,COMMUNITY,FALSE,Yes,No,No,Yes
797488,2SSO18101,University Village Albany CS,SSO,i,COMMUNITY,FALSE,Yes,No,No,Yes
631518,8SSO10564,Upland City CS,SSO,i,COMMUNITY,FALSE,Yes,No,No,Yes
631675,2SSO10212,Vallejo Sfcd CS,SSO,i,COMMUNITY,FALSE,Yes,No,No,Yes
631234,7SSO10540,Valley Sd - Npdes CS,SSO,i,COMMUNITY,FALSE,Yes,No,No,Yes
631059,5SSO11074,Valley Springs Sd CS,SSO,i,COMMUNITY,FALSE,Yes,No,No,Yes
631809,3SSO10345,Vandenberg Village CSD CS,SSO,i,COMMUNITY,FALSE,Yes,No,No,Yes
643370,4SSO11367,Ventura City CS,SSO,i,COMMUNITY,FALSE,Yes,No,No,Yes
631838,4SSO10471,Ventura County Waterworkds District No. 1- Moorpark CS,SSO,i,COMMUNITY,FALSE,Yes,No,No,Yes
631870,4SSO10500,Ventura County Waterworks District No. 16-Piru CS,SSO,i,COMMUNITY,FALSE,Yes,No,No,Yes
647077,4SSO11479,Ventura Youth Correctional Facility CS,SSO,i,COMMUNITY,FALSE,Yes,No,No,Yes
631777,4SSO10440,Vernon City CS,SSO,i,COMMUNITY,FALSE,Yes,No,No,Yes
631088,6SSO11169,Victor Valley Wastewater CS,SSO,i,COMMUNITY,FALSE,Yes,No,No,Yes
645136,6SSO11425,Victorville SD CS,SSO,i,COMMUNITY,FALSE,Yes,No,No,Yes
631962,8SSO10635,Villa Park City CS,SSO,i,COMMUNITY,FALSE,Yes,No,No,Yes
631946,8SSO10568,WRCRWA Reclamation Plt CS,SSO,i,COMMUNITY,FALSE,Yes,No,No,Yes
631062,5SSO11077,Wallace CS,SSO,i,COMMUNITY,FALSE,Yes,No,No,Yes
631780,4SSO10441,Walnut City CS,SSO,i,COMMUNITY,FALSE,Yes,No,No,Yes
631651,5SSO10775,Wasco State Prison CS,SSO,i,COMMUNITY,FALSE,Yes,No,No,Yes
631652,5SSO10776,"Wasco, City Of CS",SSO,i,COMMUNITY,FALSE,Yes,No,No,Yes
631066,5SSO11080,Waterford CS,SSO,i,COMMUNITY,FALSE,Yes,No,No,Yes
631811,3SSO10347,Watsonville CS,SSO,i,COMMUNITY,FALSE,Yes,No,No,Yes
631689,5SSO10778,Wawona CS,SSO,Federal: Collection System,COMMUNITY,TRUE,Yes,No,No,Yes
630766,1SSO10078,Weaverville SD CS,SSO,i,COMMUNITY,FALSE,Yes,No,No,Yes
630768,1SSO10079,Weed Shastina CS,SSO,i,COMMUNITY,FALSE,Yes,No,No,Yes
710549,5SSO11516,Wells Tract Zone of Benefit (ZOB) CS,SSO,i,COMMUNITY,FALSE,Yes,No,No,Yes
631678,2SSO10215,West Bay Sd CS,SSO,i,COMMUNITY,FALSE,Yes,No,No,Yes
823619,5SSO18100,West Complex CS,SSO,i,COMMUNITY,FALSE,Yes,No,No,Yes
631679,2SSO10216,West County WW District CS,SSO,i,COMMUNITY,FALSE,Yes,No,No,Yes
631781,4SSO10442,West Covina CS,SSO,i,COMMUNITY,FALSE,Yes,No,No,Yes
643371,4SSO11368,West Hollywood CS,SSO,i,COMMUNITY,FALSE,Yes,No,No,Yes
631067,5SSO11081,West Point CS,SSO,i,COMMUNITY,FALSE,Yes,No,No,Yes
631068,5SSO11082,West Sacramento CS,SSO,i,COMMUNITY,FALSE,Yes,No,No,Yes
631680,2SSO10217,West Valley Sd CS,SSO,i,COMMUNITY,FALSE,Yes,No,No,Yes
717796,2SSO10665,Westborough CS,SSO,i,COMMUNITY,FALSE,Yes,No,No,Yes
631959,8SSO10637,Western  MWD CS,SSO,i,COMMUNITY,FALSE,Yes,No,No,Yes
644297,4SSO11407,Westlake Village CS,SSO,i,COMMUNITY,FALSE,Yes,No,No,Yes
631237,7SSO10541,Westmorland CS,SSO,i,COMMUNITY,FALSE,Yes,No,No,Yes
630798,1SSO10081,Westport CWD CS,SSO,i,COMMUNITY,FALSE,Yes,No,No,Yes
631415,5SSO10860,Westwood CS,SSO,i,COMMUNITY,FALSE,Yes,No,No,Yes
631393,9SSO10712,Whispering Palms CS,SSO,i,COMMUNITY,FALSE,Yes,No,No,Yes
631070,5SSO11084,White Slough Water Poll Con Pu CS,SSO,i,COMMUNITY,FALSE,Yes,No,No,Yes
656171,5SSO11355,White Wolf CS,SSO,Federal: Collection System,COMMUNITY,TRUE,Yes,No,No,Yes
631782,4SSO10443,Whittier City CS,SSO,i,COMMUNITY,FALSE,Yes,No,No,Yes
631074,5SSO11088,Williams CS,SSO,i,COMMUNITY,FALSE,Yes,No,No,Yes
630831,1SSO10018,Willits City CS,SSO,i,COMMUNITY,FALSE,Yes,No,No,Yes
631122,5SSO10803,Willows CS,SSO,i,COMMUNITY,FALSE,Yes,No,No,Yes
630857,1SSO10085,Windsor Town CS,SSO,i,COMMUNITY,FALSE,Yes,No,No,Yes
631078,5SSO11092,Winters CS,SSO,i,COMMUNITY,FALSE,Yes,No,No,Yes
656291,5SSO11215,Winton Water and Sanitary District CS,SSO,i,COMMUNITY,FALSE,Yes,No,No,Yes
631079,5SSO11093,Woodbridge Sd CS,SSO,i,COMMUNITY,FALSE,Yes,No,No,Yes
751817,9SSO11203,Woods Valley CS,SSO,i,COMMUNITY,FALSE,Yes,No,No,Yes
631682,2SSO10218,Woodside CS,SSO,i,COMMUNITY,FALSE,Yes,No,No,Yes
705067,5SSO11267,Woodville CS,SSO,i,COMMUNITY,FALSE,Yes,No,No,Yes
631081,5SSO11095,Woodward Reservoir Reg Park CS,SSO,i,COMMUNITY,FALSE,Yes,No,No,Yes
631118,5SSO11200,Yettem / Seville CS,SSO,i,COMMUNITY,FALSE,Yes,No,No,Yes
631082,5SSO11096,Yolo County Housing Authority CS,SSO,i,COMMUNITY,FALSE,Yes,No,No,Yes
256418,8SSO10641,Yorba Linda Water District CS,SSO,i,COMMUNITY,FALSE,Yes,No,No,Yes
631650,5SSO10774,Yosemite Valley CS,SSO,i,COMMUNITY,FALSE,Yes,No,No,Yes
631683,2SSO10219,Yountville CS,SSO,i,COMMUNITY,FALSE,Yes,No,No,Yes
630861,1SSO10086,Yreka City CS,SSO,i,COMMUNITY,FALSE,Yes,No,No,Yes
631086,5SSO11100,Yuba City CS,SSO,i,COMMUNITY,FALSE,Yes,No,No,Yes
797569,8SSO18106,Yucaipa Regional Park CS,SSO,RE,TRANSIENT,FALSE,Yes,No,No,No
631943,8SSO10643,Yucaipa Valley Water Dist CS,SSO,i,COMMUNITY,FALSE,Yes,No,No,Yes
214017,#N/A,(Pacifica) Champagne Lakes RV Resort,WDR,RV,TRANSIENT,FALSE,Yes,No,Yes,No
234005,#N/A,1151 Bayview Heights Drive,WDR,PR,COMMUNITY,FALSE,Yes,No,No,No
227655,#N/A,1194 Al Sereno,WDR,PR,COMMUNITY,FALSE,Yes,No,No,No
214081,#N/A,1195 Al Sereno,WDR,PR,COMMUNITY,FALSE,Yes,No,No,No
272877,#N/A,1210 Bayview Heights Drive,WDR,PR,COMMUNITY,FALSE,Yes,No,No,No
226640,#N/A,1459 Bayview Heights Drive,WDR,PR,COMMUNITY,FALSE,Yes,No,No,No
239658,#N/A,1492 Valley View Dr Onsite WW Treatment System,WDR,PR,COMMUNITY,FALSE,Yes,No,No,No
251746,#N/A,2150 Doris Avenue,WDR,PR,COMMUNITY,FALSE,Yes,No,No,No
247619,#N/A,2448 Bayview Heights Drive,WDR,PR,COMMUNITY,FALSE,Yes,No,No,No
247708,#N/A,2464 Bayview Heights Drive,WDR,PR,COMMUNITY,FALSE,Yes,No,No,No
247709,#N/A,2466 Bayview Heights Drive,WDR,PR,COMMUNITY,FALSE,Yes,No,No,No
210833,#N/A,2550 Star Court,WDR,PR,COMMUNITY,FALSE,Yes,No,No,No
227887,#N/A,2585 Bay Vista Lane,WDR,PR,COMMUNITY,FALSE,Yes,No,No,No
227419,#N/A,283 Highland Drive,WDR,PR,COMMUNITY,FALSE,Yes,No,No,No
227418,#N/A,288 Mar Vista Drive,WDR,PR,COMMUNITY,FALSE,Yes,No,No,No
202264,#N/A,29 Palms RV & Golf Resort,WDR,RV,TRANSIENT,FALSE,Yes,No,Yes,No
227420,#N/A,295 Highland Drive,WDR,PR,COMMUNITY,FALSE,Yes,No,No,No
647071,#N/A,3281 Mandeville Canyon Rd,WDR,PR,COMMUNITY,FALSE,Yes,No,No,No
638562,#N/A,3585 Mandeville Canyon Rd,WDR,PR,COMMUNITY,FALSE,Yes,No,No,No
202611,#N/A,4-S Ranch WRF,WDR,i,COMMUNITY,FALSE,Yes,No,Yes,No
233606,#N/A,460 Los Osos Valley Road,WDR,PR,COMMUNITY,FALSE,Yes,No,No,No
629989,#N/A,55 Lucy Brown Lane- OWTS Waiver,WDR,PR,COMMUNITY,FALSE,Yes,No,No,No
846333,#N/A,805 Beach Breaks Inc.,WDR,NR,n/a,FALSE,Yes,No,No,No
258528,#N/A,95055 Bayview Heights Drive,WDR,PR,COMMUNITY,FALSE,Yes,No,No,No
203841,#N/A,980 West Sierra Brooks,WDR,PR,COMMUNITY,FALSE,Yes,No,No,No
206582,#N/A,AMH Senior Living LLC (fomerly Addie Meedom House Assisted Living Facility),WDR,i,COMMUNITY,FALSE,Yes,No,Yes,No
778001,#N/A,Acton Faith Bible Church,WDR,NR,n/a,FALSE,Yes,No,No,No
207053,#N/A,Acton Rehabilitation Center,WDR,i,COMMUNITY,FALSE,Yes,No,Yes,No
759620,#N/A,Acton/Agua Dulce Library (septic tank),WDR,NR,n/a,FALSE,Yes,No,No,No
204475,#N/A,Adelanto WWTP,WDR,i,COMMUNITY,FALSE,Yes,No,Yes,No
204486,#N/A,Adin CSD,WDR,i,COMMUNITY,FALSE,Yes,No,Yes,No
204492,#N/A,Admin Center & Oak Shores Day Use Area,WDR,Federal: Residential/transient,TRANSIENT,TRUE,Yes,No,Yes,No
222748,#N/A,Aera Energy Employee Housing,WDR,i,COMMUNITY,FALSE,Yes,No,Yes,No
204662,#N/A,Agua Caliente Reg Pk 97-50008,WDR,RE,TRANSIENT,FALSE,Yes,No,No,No
204867,#N/A,Alamo Ranch RV Park,WDR,RV,TRANSIENT,FALSE,Yes,No,Yes,No
204870,#N/A,Alan Horton WWTP,WDR,i,COMMUNITY,FALSE,Yes,No,Yes,No
270329,#N/A,"Alila Ventana Resort, Big Sur (formerly Ventana Inn)",WDR,RT,TRANSIENT,FALSE,Yes,No,Yes,No
205079,#N/A,All Season RV Park,WDR,RV,TRANSIENT,FALSE,Yes,No,Yes,No
205205,#N/A,Almanor Lakeside Villas WWTF,WDR,i,COMMUNITY,FALSE,Yes,No,Yes,No
205208,#N/A,Almar Acres RV Park 97-50078,WDR,RV,TRANSIENT,FALSE,Yes,No,Yes,No
205259,#N/A,Alpine Meadows/Whispering Wood,WDR,i,COMMUNITY,FALSE,Yes,No,Yes,No
205394,#N/A,Amador Christian Center WWTF,WDR,NR,n/a,FALSE,Yes,No,No,No
205396,#N/A,Amador City WW Export System,WDR,i,COMMUNITY,FALSE,Yes,No,Yes,No
205543,#N/A,American River Resort WWTP,WDR,RE,TRANSIENT,FALSE,Yes,No,No,No
774666,#N/A,Anaheim Water Recycling Demonstration Project,WDR,i,COMMUNITY,FALSE,Yes,No,Yes,No
205781,#N/A,Angel Island State Pk - WWTP,WDR,RE,TRANSIENT,FALSE,Yes,No,No,No
205792,#N/A,Angels Camp RV Resort,WDR,RV,TRANSIENT,FALSE,Yes,No,Yes,No
715412,#N/A,Anne Mack Johnson Housing Complex,WDR,i,COMMUNITY,FALSE,Yes,No,Yes,No
838760,#N/A,Antelope Acres Commercial Center,WDR,NR,n/a,FALSE,Yes,No,No,No
205952,#N/A,Anza Pines Mobile Home Park,WDR,i,COMMUNITY,FALSE,Yes,No,Yes,No
206385,#N/A,Anzar High School,WDR,i,COMMUNITY,FALSE,Yes,No,Yes,No
206142,#N/A,Arbor Mobile Home Park WWTF,WDR,i,COMMUNITY,FALSE,Yes,No,Yes,No
206149,#N/A,Arbuckle WWTP,WDR,i,COMMUNITY,FALSE,Yes,No,Yes,No
206355,#N/A,Armona CSD WWTF,WDR,i,COMMUNITY,FALSE,Yes,No,Yes,No
206381,#N/A,Arnold WWTP,WDR,i,COMMUNITY,FALSE,Yes,No,Yes,No
273104,#N/A,Arvin WWTF,WDR,i,COMMUNITY,FALSE,Yes,No,Yes,No
206529,#N/A,Ash Mountain WWTF,WDR,Federal: Residential or mixed,COMMUNITY,TRUE,Yes,No,Yes,No
737856,#N/A,Asti Winery Domestic Waste,WDR,NR,n/a,FALSE,Yes,No,No,No
206651,#N/A,Atascadero State Hospital,WDR,i,COMMUNITY,FALSE,Yes,No,Yes,No
206653,#N/A,Atascadero WWTP,WDR,i,COMMUNITY,FALSE,Yes,No,Yes,No
256477,#N/A,Auberge Du Soleil WWTP,WDR,RT,TRANSIENT,FALSE,Yes,No,Yes,No
206726,#N/A,Auburn LK Onsite WW Disp,WDR,i,COMMUNITY,FALSE,Yes,No,Yes,No
227242,#N/A,Auburn Ridge Woods MHP,WDR,i,COMMUNITY,FALSE,Yes,No,Yes,No
206732,#N/A,Auburn Valley CSD WWTF,WDR,i,COMMUNITY,FALSE,Yes,No,Yes,No
222359,#N/A,Avenal State Prison-Effluent Storage Reservoir,WDR,i,COMMUNITY,FALSE,Yes,No,Yes,No
273160,#N/A,Avenal WWTF,WDR,i,COMMUNITY,FALSE,Yes,No,Yes,No
208746,#N/A,BARRET COVE Recreation Area,WDR,RE,TRANSIENT,FALSE,Yes,No,No,No
208930,#N/A,BB Reg WWA-Lucerne Vly,WDR,i,COMMUNITY,FALSE,Yes,No,Yes,No
208519,#N/A,Badger Pass WWTF,WDR,Federal: Non-residential,COMMUNITY,TRUE,Yes,No,No,No
208536,#N/A,Bailey Creek WWTF,WDR,i,COMMUNITY,FALSE,Yes,No,Yes,No
208572,#N/A,Baker WTF,WDR,i,COMMUNITY,FALSE,Yes,No,Yes,No
273208,#N/A,Bakersfield WWTP #2,WDR,i,COMMUNITY,FALSE,Yes,No,Yes,No
273209,#N/A,Bakersfield WWTP #3,WDR,i,COMMUNITY,FALSE,Yes,No,Yes,No
208668,#N/A,Banning STP-Non NPDES,WDR,i,COMMUNITY,FALSE,Yes,No,Yes,No
208749,#N/A,Barrett Lake Mobile Home Park,WDR,i,COMMUNITY,FALSE,Yes,No,Yes,No
208769,#N/A,Barstow Wastewater Treatment Plant,WDR,i,COMMUNITY,FALSE,Yes,No,Yes,No
208771,#N/A,Barstow/Daggett Airport WTF,WDR,DU,COMMUNITY,FALSE,Yes,No,No,No
208925,#N/A,Baywood Golf & Country Club,WDR,PR,COMMUNITY,FALSE,Yes,No,No,No
209007,#N/A,Beale AFB WWTP,WDR,Federal: Residential or mixed,COMMUNITY,TRUE,Yes,No,Yes,No
209014,#N/A,Bear Creek Estates WWF,WDR,i,COMMUNITY,FALSE,Yes,No,Yes,No
209022,#N/A,Bear Mountain RV Resort,WDR,RV,TRANSIENT,FALSE,Yes,No,Yes,No
209031,#N/A,Bear Valley MHP WTF,WDR,i,COMMUNITY,FALSE,Yes,No,Yes,No
209086,#N/A,Beckwourth WW Ponds,WDR,i,COMMUNITY,FALSE,Yes,No,Yes,No
209126,#N/A,Belden Town Resort,WDR,RT,TRANSIENT,FALSE,Yes,No,Yes,No
209225,#N/A,Ben Lomond Conservation Camp,WDR,i,COMMUNITY,FALSE,Yes,No,Yes,No
781066,#N/A,Benbow Hotel and Resort,WDR,RT,TRANSIENT,FALSE,Yes,No,Yes,No
209332,#N/A,Bernardus Lodge,WDR,RT,TRANSIENT,FALSE,Yes,No,Yes,No
209339,#N/A,Berrendos CSD Treatment System,WDR,i,COMMUNITY,FALSE,Yes,No,Yes,No
209349,#N/A,Berryessa Pines WWTF,WDR,i,COMMUNITY,FALSE,Yes,No,Yes,No
809957,#N/A,Besant Hill School,WDR,i,COMMUNITY,FALSE,Yes,No,Yes,No
209389,#N/A,Betabel Valley RV Resort,WDR,RV,TRANSIENT,FALSE,Yes,No,Yes,No
209473,#N/A,Bieber STP,WDR,i,COMMUNITY,FALSE,Yes,No,Yes,No
209483,#N/A,Big Basin Woods Subdivision,WDR,i,COMMUNITY,FALSE,Yes,No,Yes,No
259181,#N/A,Big Bear WWRF,WDR,i,COMMUNITY,FALSE,Yes,No,Yes,No
209527,#N/A,Big Pine Indian RES WTF,WDR,i,COMMUNITY,FALSE,Yes,No,Yes,No
209528,#N/A,Big Pine STP,WDR,i,COMMUNITY,FALSE,Yes,No,Yes,No
738791,#N/A,Big River Elementary School,WDR,i,COMMUNITY,FALSE,Yes,No,Yes,No
209539,#N/A,Big Trees County Houses WWTP,WDR,i,COMMUNITY,FALSE,Yes,No,Yes,No
209595,#N/A,Bill/Kathy's WWTF,WDR,NR,n/a,FALSE,Yes,No,No,No
273163,#N/A,Biola WWTF,WDR,i,COMMUNITY,FALSE,Yes,No,Yes,No
209655,#N/A,Bishop Creek Camp Ground WTF,WDR,Federal: Recreational,COMMUNITY,TRUE,Yes,No,No,No
209662,#N/A,Bishop Sewage Treatment Plant,WDR,i,COMMUNITY,FALSE,Yes,No,Yes,No
209705,#N/A,Black Butte Lake Rec Area,WDR,Federal: Recreational,COMMUNITY,TRUE,Yes,No,No,No
209715,#N/A,Black Meadow Landing 00-075,WDR,RE,TRANSIENT,FALSE,Yes,No,No,No
209726,#N/A,Black Oak General Store,WDR,NR,n/a,FALSE,Yes,No,No,No
650635,#N/A,Blu-In RV Park,WDR,i,COMMUNITY,FALSE,Yes,No,Yes,No
209801,#N/A,Blue Lake City POTW,WDR,i,COMMUNITY,FALSE,Yes,No,Yes,No
209809,#N/A,Blue Mountain Center WWTP Ponds,WDR,NR,n/a,FALSE,Yes,No,No,No
209817,#N/A,Blue Oak Terrace Subdivision,WDR,i,COMMUNITY,FALSE,Yes,No,Yes,No
209836,#N/A,Bluffs Subdivision,WDR,i,COMMUNITY,FALSE,Yes,No,Yes,No
209847,#N/A,Blythe Regional WW Reclamation Facilities,WDR,i,COMMUNITY,FALSE,Yes,No,Yes,No
209923,#N/A,Bob's RV Roundup 97-500123,WDR,RV,TRANSIENT,FALSE,Yes,No,Yes,No
209949,#N/A,Bodega Bay Wastewater Reclamation Facility,WDR,i,COMMUNITY,FALSE,Yes,No,Yes,No
602220,#N/A,Bohemian Grove,WDR,NR,n/a,FALSE,Yes,No,No,No
209987,#N/A,Bolinas Community WWTP Pond System,WDR,i,COMMUNITY,FALSE,Yes,No,Yes,No
792962,#N/A,Bolo Station RV Park,WDR,RV,TRANSIENT,FALSE,Yes,No,Yes,No
209999,#N/A,Bombay Beach STP,WDR,i,COMMUNITY,FALSE,Yes,No,Yes,No
210081,#N/A,Boron Rest Facility,WDR,DU,COMMUNITY,FALSE,Yes,No,No,No
210082,#N/A,Boron STP,WDR,i,COMMUNITY,FALSE,Yes,No,Yes,No
210088,#N/A,Borrego WD-Ram's Hill,WDR,i,COMMUNITY,FALSE,Yes,No,Yes,No
210116,#N/A,Boulder Creek Golf & Cntry Club WWTP,WDR,i,COMMUNITY,FALSE,Yes,No,Yes,No
210117,#N/A,Boulder Oaks Resort,WDR,RE,TRANSIENT,FALSE,Yes,No,No,No
246335,#N/A,Boulevard Cleveland National Forest KOA,WDR,RE,TRANSIENT,FALSE,Yes,No,No,No
831801,#N/A,Boy Scouts of America Camp Hi-Sierra,WDR,RE,TRANSIENT,FALSE,Yes,No,No,No
210156,#N/A,Boys Ranch WWTF,WDR,i,COMMUNITY,FALSE,Yes,No,Yes,No
754707,#N/A,Branch Elementary,WDR,i,COMMUNITY,FALSE,Yes,No,Yes,No
890016,#N/A,Brandon Residence OWTS,WDR,PR,COMMUNITY,FALSE,Yes,No,No,No
210244,#N/A,Brandy Creek Recreational Area,WDR,Federal: Recreational,COMMUNITY,TRUE,Yes,No,No,No
210365,#N/A,Bridgeport PUD Treatment Plant,WDR,i,COMMUNITY,FALSE,Yes,No,Yes,No
657851,#N/A,Bridgeville Retreat Center,WDR,NR,n/a,FALSE,Yes,No,No,No
211967,#N/A,Briggs Elementary School,WDR,i,COMMUNITY,FALSE,Yes,No,Yes,No
210541,#N/A,Brookside MHP,WDR,i,COMMUNITY,FALSE,Yes,No,Yes,No
210616,#N/A,Bruzzone Septic System,WDR,PR,COMMUNITY,FALSE,Yes,No,No,No
210650,#N/A,Buckeye WWTF,WDR,Federal: Residential or mixed,COMMUNITY,TRUE,Yes,No,Yes,No
730465,#N/A,Buckman Springs Safety Roadside Rest Area,WDR,DU,COMMUNITY,FALSE,Yes,No,No,No
210656,#N/A,Bucks Creek Sewer Facility,WDR,i,COMMUNITY,FALSE,Yes,No,Yes,No
210658,#N/A,Bucks Lake Meadows Subdivision,WDR,i,COMMUNITY,FALSE,Yes,No,Yes,No
210659,#N/A,Bucks Lake Sewer Facilities,WDR,i,COMMUNITY,FALSE,Yes,No,Yes,No
210685,#N/A,Buellton WWTP,WDR,i,COMMUNITY,FALSE,Yes,No,Yes,No
210707,#N/A,Buena Vista Migrant Labor Camp/Tierra Alta Apartments,WDR,i,COMMUNITY,FALSE,Yes,No,Yes,No
210829,#N/A,Burger King/Texaco Leachfield,WDR,NR,n/a,FALSE,Yes,No,No,No
210854,#N/A,Burney STP,WDR,i,COMMUNITY,FALSE,Yes,No,Yes,No
210925,#N/A,Butte CSA 21 Skansen Ponds and Rocky Bluffs,WDR,i,COMMUNITY,FALSE,Yes,No,Yes,No
210913,#N/A,Butte College WWTP,WDR,i,COMMUNITY,FALSE,Yes,No,Yes,No
258685,#N/A,Butte County CSA No 82 Stirling City,WDR,i,COMMUNITY,FALSE,Yes,No,Yes,No
629068,#N/A,Button Shell Beach/Fox Landing,WDR,RE,TRANSIENT,FALSE,Yes,No,No,No
836454,#N/A,Buttonwillow Safety Roadside Rest Area,WDR,DU,COMMUNITY,FALSE,Yes,No,No,No
273164,#N/A,Buttonwillow WWTF,WDR,i,COMMUNITY,FALSE,Yes,No,Yes,No
210972,#N/A,Byron Sanitary District WWTF,WDR,i,COMMUNITY,FALSE,Yes,No,Yes,No
212321,#N/A,C.V. Kane Safety Roadside Rest,WDR,DU,COMMUNITY,FALSE,Yes,No,No,No
213156,#N/A,CAPPY CULVER ELEMENTARY SCHOOL Onsite WW Treatment System,WDR,i,COMMUNITY,FALSE,Yes,No,Yes,No
213580,#N/A,"CCC @ Susanville, CSP-LC WTF",WDR,i,COMMUNITY,FALSE,Yes,No,Yes,No
213592,#N/A,CDC CCWF & VSP WWTF,WDR,i,COMMUNITY,FALSE,Yes,No,Yes,No
213596,#N/A,CDC Pelican Bay Prison WWTP,WDR,i,COMMUNITY,FALSE,Yes,No,Yes,No
241842,#N/A,CDCR - Mule Creek State Prison WWTP,WDR,i,COMMUNITY,FALSE,Yes,No,Yes,No
213599,#N/A,CDF Alder Conservation Camp,WDR,i,COMMUNITY,FALSE,Yes,No,Yes,No
214008,#N/A,CDF Chamberlain Creek Conservation Camp,WDR,i,COMMUNITY,FALSE,Yes,No,Yes,No
213601,#N/A,CDF High Rock Camp,WDR,RE,TRANSIENT,FALSE,Yes,No,No,No
213604,#N/A,CDF Parlin Fork Conservation Camp,WDR,i,COMMUNITY,FALSE,Yes,No,Yes,No
213611,#N/A,CDF Trinity River Conservation Camp STP,WDR,i,COMMUNITY,FALSE,Yes,No,Yes,No
833707,#N/A,CDOT Collier Tunnel Rest Area,WDR,DU,COMMUNITY,FALSE,Yes,No,No,No
213700,#N/A,CDOT Maintenance Station Bodega Bay,WDR,DU,COMMUNITY,FALSE,Yes,No,No,No
801615,#N/A,CDOT Randolf Collier Rest Area,WDR,DU,COMMUNITY,FALSE,Yes,No,No,No
751573,#N/A,"CDOT Trinidad Safety Roadside Rest Area, Northbound (RV Dump)",WDR,DU,COMMUNITY,FALSE,Yes,No,No,No
736939,#N/A,CDOT Weed Rest Area; Weed Northbound I-5 Roadside Rest Area,WDR,DU,COMMUNITY,FALSE,Yes,No,No,No
647081,#N/A,CDPR Point Cabrillo Lighthouse,WDR,DU,COMMUNITY,FALSE,Yes,No,No,No
776914,#N/A,CDPR Prairie Creek Redwoods (WDR),WDR,RE,TRANSIENT,FALSE,Yes,No,No,No
213771,#N/A,CDPR Salt Point State Park,WDR,RE,TRANSIENT,FALSE,Yes,No,No,No
213774,#N/A,CDPR Van Damme State Park,WDR,RE,TRANSIENT,FALSE,Yes,No,No,No
259185,#N/A,CIM WWTP,WDR,i,COMMUNITY,FALSE,Yes,No,Yes,No
216283,#N/A,CSA 15 - STP,WDR,i,COMMUNITY,FALSE,Yes,No,Yes,No
216284,#N/A,CSA 3-Lake Camanche WWTP,WDR,i,COMMUNITY,FALSE,Yes,No,Yes,No
237113,#N/A,CSA 44-Zone G (Linne),WDR,i,COMMUNITY,FALSE,Yes,No,Yes,No
216445,#N/A,CVWD Improv Dist #58,WDR,i,COMMUNITY,FALSE,Yes,No,Yes,No
216322,#N/A,CWMS WWTP (at Markham Vineyards),WDR,NR,n/a,FALSE,Yes,No,No,No
212430,#N/A,Cabana Holiday MHP,WDR,i,COMMUNITY,FALSE,Yes,No,Yes,No
212455,#N/A,Cachuma Lake Recreation Area WWTP,WDR,RE,TRANSIENT,FALSE,Yes,No,No,No
869544,#N/A,Cal Fire- CZU Soquel Fire Station,WDR,RT,TRANSIENT,FALSE,Yes,No,Yes,No
213600,#N/A,CalFire Deadwood Conservation Camp STP,WDR,i,COMMUNITY,FALSE,Yes,No,Yes,No
212568,#N/A,Calaveras Big Trees State Park,WDR,RE,TRANSIENT,FALSE,Yes,No,No,No
213002,#N/A,Calaveras Timber Trails WWTF & Disposal Facility,WDR,RE,TRANSIENT,FALSE,Yes,No,No,No
212603,#N/A,Calico Ghost Town REC Fac WTF,WDR,i,COMMUNITY,FALSE,Yes,No,Yes,No
212648,#N/A,California City WTF,WDR,i,COMMUNITY,FALSE,Yes,No,Yes,No
273144,#N/A,California Hot Springs Water Co WWTF,WDR,RV,TRANSIENT,FALSE,Yes,No,Yes,No
212397,#N/A,California Pines CSD,WDR,i,COMMUNITY,FALSE,Yes,No,Yes,No
212424,#N/A,California Utilities,WDR,i,COMMUNITY,FALSE,Yes,No,Yes,No
212741,#N/A,Calipatria State Prison,WDR,i,COMMUNITY,FALSE,Yes,No,Yes,No
212751,#N/A,Calizona RV Park 97-500159,WDR,RV,TRANSIENT,FALSE,Yes,No,Yes,No
212776,#N/A,Calpella CWD WWTP,WDR,i,COMMUNITY,FALSE,Yes,No,Yes,No
212847,#N/A,Camanche North Shore WWTP,WDR,i,COMMUNITY,FALSE,Yes,No,Yes,No
212853,#N/A,Camanche South Shore WWTP,WDR,RE,TRANSIENT,FALSE,Yes,No,No,No
212858,#N/A,Cambria CSD WWTP,WDR,i,COMMUNITY,FALSE,Yes,No,Yes,No
212899,#N/A,Camino Heights WWTP,WDR,i,COMMUNITY,FALSE,Yes,No,Yes,No
216797,#N/A,Camp Arroyo at Del Valle R.P.,WDR,RE,TRANSIENT,FALSE,Yes,No,No,No
781144,#N/A,"Camp Chawanakee, Boy Scouts of America",WDR,RE,TRANSIENT,FALSE,Yes,No,No,No
212924,#N/A,Camp Connell Maintenance Station,WDR,RT,TRANSIENT,FALSE,Yes,No,Yes,No
212929,#N/A,Camp Far West Res North Side,WDR,RE,TRANSIENT,FALSE,Yes,No,No,No
212930,#N/A,Camp Far West Res South Side,WDR,RE,TRANSIENT,FALSE,Yes,No,No,No
786586,#N/A,Camp Hess Kramer,WDR,RE,TRANSIENT,FALSE,Yes,No,No,No
737529,#N/A,Camp Mather,WDR,RE,TRANSIENT,FALSE,Yes,No,No,No
212948,#N/A,Camp Oljato,WDR,RE,TRANSIENT,FALSE,Yes,No,No,No
212962,#N/A,Camp Roberts Main (West) Garrison WWTP,WDR,RT,TRANSIENT,FALSE,Yes,No,Yes,No
212964,#N/A,Camp Royaneh,WDR,RE,TRANSIENT,FALSE,Yes,No,No,No
212969,#N/A,Camp Sierra WWTF,WDR,RE,TRANSIENT,FALSE,Yes,No,No,No
212973,#N/A,Camp Sugar Pine,WDR,NR,n/a,FALSE,Yes,No,No,No
652610,#N/A,Camp Trask,WDR,RE,TRANSIENT,FALSE,Yes,No,No,No
213001,#N/A,Camper's Inn RV Park,WDR,RV,TRANSIENT,FALSE,Yes,No,Yes,No
858639,#N/A,Camps Kilpatrick Packaged WWTP,WDR,i,COMMUNITY,FALSE,Yes,No,Yes,No
213029,#N/A,Canada Woods Reclamation Facility,WDR,i,COMMUNITY,FALSE,Yes,No,Yes,No
213037,#N/A,Canby Ranger Station,WDR,Federal: Non-residential,COMMUNITY,TRUE,Yes,No,No,No
213063,#N/A,Canon Del Sol Onsite WW Treatment System,WDR,DU,COMMUNITY,FALSE,Yes,No,No,No
213080,#N/A,Cantua Farms Employee Housing,WDR,i,COMMUNITY,FALSE,Yes,No,Yes,No
216862,#N/A,Canyon Country Mobile Home (Septic system),WDR,i,COMMUNITY,FALSE,Yes,No,Yes,No
213089,#N/A,Canyon Crest,WDR,i,COMMUNITY,FALSE,Yes,No,Yes,No
273145,#N/A,Canyon Fork WWTF,WDR,NR,n/a,FALSE,Yes,No,No,No
213129,#N/A,Capell Valley Estates,WDR,i,COMMUNITY,FALSE,Yes,No,Yes,No
213154,#N/A,Caples Lake Maint Station,WDR,DU,COMMUNITY,FALSE,Yes,No,No,No
213270,#N/A,Carlsbad WRF,WDR,i,COMMUNITY,FALSE,Yes,No,Yes,No
213294,#N/A,Carmel Valley Ranch WWTP (Producer),WDR,i,COMMUNITY,FALSE,Yes,No,Yes,No
261877,#N/A,Carpenter Squab Ranch,WDR,NR,n/a,FALSE,Yes,No,No,No
213346,#N/A,Carrera Septic System,WDR,PR,COMMUNITY,FALSE,Yes,No,No,No
726877,#N/A,Caruthers WWTF,WDR,i,COMMUNITY,FALSE,Yes,No,Yes,No
213404,#N/A,Casa De Amigos MHP,WDR,i,COMMUNITY,FALSE,Yes,No,Yes,No
213409,#N/A,Casa Del Rey HA,WDR,i,COMMUNITY,FALSE,Yes,No,Yes,No
721549,#N/A,Cascade MHP WWTF,WDR,i,COMMUNITY,FALSE,Yes,No,Yes,No
213456,#N/A,Casini Ranch Family Campground,WDR,RE,TRANSIENT,FALSE,Yes,No,No,No
213470,#N/A,Caspar South Water District,WDR,i,COMMUNITY,FALSE,Yes,No,Yes,No
213494,#N/A,Castle City MHP,WDR,i,COMMUNITY,FALSE,Yes,No,Yes,No
213495,#N/A,Castle Crags State Park,WDR,RE,TRANSIENT,FALSE,Yes,No,No,No
213535,#N/A,Cate School WWTP,WDR,i,COMMUNITY,FALSE,Yes,No,Yes,No
213785,#N/A,Cedar Creek MHP,WDR,i,COMMUNITY,FALSE,Yes,No,Yes,No
213791,#N/A,Cedar Grove WWTF,WDR,Federal: Recreational,COMMUNITY,TRUE,Yes,No,No,No
213792,#N/A,Cedar Lodge WWTF,WDR,RT,TRANSIENT,FALSE,Yes,No,Yes,No
213947,#N/A,Ceres WWTP,WDR,i,COMMUNITY,FALSE,Yes,No,Yes,No
214327,#N/A,Chico Mobile Country Club WWTP,WDR,i,COMMUNITY,FALSE,Yes,No,Yes,No
273157,#N/A,Children's Hospital WWTF,WDR,i,COMMUNITY,FALSE,Yes,No,Yes,No
256981,#N/A,China Peak Ski Area WWTF,WDR,NR,n/a,FALSE,Yes,No,No,No
273106,#N/A,Chowchilla WWTF,WDR,i,COMMUNITY,FALSE,Yes,No,Yes,No
241305,#N/A,Chualar Wastewater Treatment Plant,WDR,i,COMMUNITY,FALSE,Yes,No,Yes,No
214478,#N/A,Chuckawalla Corr Fac,WDR,i,COMMUNITY,FALSE,Yes,No,Yes,No
650910,#N/A,Church Street WWTP,WDR,i,COMMUNITY,FALSE,Yes,No,Yes,No
214541,#N/A,Cinnabar Hills Golf Club WWTP,WDR,NR,n/a,FALSE,Yes,No,No,No
214559,#N/A,Circle Oaks WWTF,WDR,i,COMMUNITY,FALSE,Yes,No,Yes,No
209551,#N/A,City of Biggs WWTP,WDR,i,COMMUNITY,FALSE,Yes,No,Yes,No
214650,#N/A,City of Loyalton and Grandi Ranch WWTF,WDR,i,COMMUNITY,FALSE,Yes,No,Yes,No
244250,#N/A,City of Newman Wastewater Treatment Facility,WDR,i,COMMUNITY,FALSE,Yes,No,Yes,No
247782,#N/A,City of Patterson WQCF,WDR,i,COMMUNITY,FALSE,Yes,No,Yes,No
255678,#N/A,City of Santa Maria WWTP,WDR,i,COMMUNITY,FALSE,Yes,No,Yes,No
872487,#N/A,City of Tulare Wastewater Treatment Facility,WDR,i,COMMUNITY,FALSE,Yes,No,Yes,No
214671,#N/A,City of Wheatland WWTP,WDR,i,COMMUNITY,FALSE,Yes,No,Yes,No
849194,#N/A,Civita Water Reclamation Facility,WDR,i,COMMUNITY,FALSE,Yes,No,Yes,No
214777,#N/A,Clayton Palms Community,WDR,i,COMMUNITY,FALSE,Yes,No,Yes,No
214795,#N/A,Clear Creek Mobile Estates,WDR,i,COMMUNITY,FALSE,Yes,No,Yes,No
217920,#N/A,Clear Creek Outdoor Education Center,WDR,i,COMMUNITY,FALSE,Yes,No,Yes,No
214812,#N/A,Clearlake Oaks Co WTR Dis WWTP,WDR,i,COMMUNITY,FALSE,Yes,No,Yes,No
214873,#N/A,Clover Creek WWTF,WDR,Federal: Residential/transient,TRANSIENT,TRUE,Yes,No,Yes,No
214957,#N/A,Coalinga State Hospital WWTF,WDR,i,COMMUNITY,FALSE,Yes,No,Yes,No
273107,#N/A,Coalinga WWTF,WDR,i,COMMUNITY,FALSE,Yes,No,Yes,No
214984,#N/A,Coalinga-Avenal SRRA,WDR,DU,COMMUNITY,FALSE,Yes,No,No,No
273146,#N/A,Coit Ginning Company WWTF,WDR,i,COMMUNITY,FALSE,Yes,No,Yes,No
215086,#N/A,Cold Springs Mobile Manor,WDR,i,COMMUNITY,FALSE,Yes,No,Yes,No
215141,#N/A,"College of the Redwoods, POTW",WDR,i,COMMUNITY,FALSE,Yes,No,Yes,No
215073,#N/A,Colonel Allensworth State Historic Park,WDR,DU,COMMUNITY,FALSE,Yes,No,No,No
841495,#N/A,Colony Oak K-8 School,WDR,i,COMMUNITY,FALSE,Yes,No,Yes,No
201946,#N/A,Conejo Mountain Memorial Park,WDR,NR,n/a,FALSE,Yes,No,No,No
215515,#N/A,"Consolidated Tribal Health Project, Inc.",WDR,i,COMMUNITY,FALSE,Yes,No,Yes,No
873489,#N/A,Contra Costa Logistics Center - Building 4,WDR,NR,n/a,FALSE,Yes,No,No,No
215611,#N/A,Convict Lake Campground WTF,WDR,Federal: Recreational,COMMUNITY,TRUE,Yes,No,No,No
215637,#N/A,Cool Village WWTF,WDR,NR,n/a,FALSE,Yes,No,No,No
215674,#N/A,Copper Mountain College,WDR,i,COMMUNITY,FALSE,Yes,No,Yes,No
215698,#N/A,Corcoran State Prison WWTF,WDR,i,COMMUNITY,FALSE,Yes,No,Yes,No
273108,#N/A,Corcoran WWTF,WDR,i,COMMUNITY,FALSE,Yes,No,Yes,No
259173,#N/A,Corona WWRF #2,WDR,i,COMMUNITY,FALSE,Yes,No,Yes,No
215838,#N/A,Coso Junction Roadside Rest,WDR,DU,COMMUNITY,FALSE,Yes,No,No,No
215859,#N/A,Costanoa Lodge and Camp,WDR,RE,TRANSIENT,FALSE,Yes,No,No,No
741102,#N/A,Cosumnes River Elementary School,WDR,i,COMMUNITY,FALSE,Yes,No,Yes,No
215910,#N/A,Coulterville WWTF,WDR,i,COMMUNITY,FALSE,Yes,No,Yes,No
215915,#N/A,Country Club Estates – SLO Co CSA-18,WDR,i,COMMUNITY,FALSE,Yes,No,Yes,No
215918,#N/A,Country Creek RV Resort,WDR,RV,TRANSIENT,FALSE,Yes,No,Yes,No
216287,#N/A,County Service Area (CSA) 44 Zone E (Castello),WDR,i,COMMUNITY,FALSE,Yes,No,Yes,No
240562,#N/A,Coyote Valley RV Park WWTP,WDR,RV,TRANSIENT,FALSE,Yes,No,Yes,No
259187,#N/A,Creekside MHP WWTP,WDR,i,COMMUNITY,FALSE,Yes,No,Yes,No
744627,#N/A,Creekside RV Park,WDR,i,COMMUNITY,FALSE,Yes,No,Yes,No
216087,#N/A,Creekside Subdivision,WDR,i,COMMUNITY,FALSE,Yes,No,Yes,No
251660,#N/A,Creekside Village,WDR,i,COMMUNITY,FALSE,Yes,No,Yes,No
216135,#N/A,Crestline SD Three WTF's,WDR,i,COMMUNITY,FALSE,Yes,No,Yes,No
813804,#N/A,Crestview Maintenance Station Wash Rock,WDR,DU,COMMUNITY,FALSE,Yes,No,No,No
216157,#N/A,Crocker Mountain Estates STP,WDR,i,COMMUNITY,FALSE,Yes,No,Yes,No
216208,#N/A,"Crowley Lake Fish Camp, Inc.",WDR,RE,TRANSIENT,FALSE,Yes,No,No,No
629578,#N/A,Crown Business Center,WDR,NR,n/a,FALSE,Yes,No,No,No
216428,#N/A,Cuyama CSD WWTP,WDR,i,COMMUNITY,FALSE,Yes,No,Yes,No
216432,#N/A,Cuyamaca Rancho State Park,WDR,RE,TRANSIENT,FALSE,Yes,No,No,No
216491,#N/A,Cypress Ridge Sewer Facility,WDR,i,COMMUNITY,FALSE,Yes,No,Yes,No
218967,#N/A,D-Q University WWTF,WDR,i,COMMUNITY,FALSE,Yes,No,Yes,No
218975,#N/A,D.L. Bliss State Park,WDR,RE,TRANSIENT,FALSE,Yes,No,No,No
219280,#N/A,"DDJC, Tracy - WWTP, Stormwater",WDR,Federal: Non-residential,COMMUNITY,TRUE,Yes,No,No,No
220454,#N/A,DOMESTIC WASTEWATER T&DFs,WDR,NR,n/a,FALSE,Yes,No,No,No
220928,#N/A,DVNM HDQ Furnace Creek WWTF,WDR,Federal: Recreational,COMMUNITY,TRUE,Yes,No,No,No
851459,#N/A,Dana Hills High School,WDR,i,COMMUNITY,FALSE,Yes,No,Yes,No
219169,#N/A,Davenport WWTP,WDR,i,COMMUNITY,FALSE,Yes,No,Yes,No
219219,#N/A,Davis Migrant Center WWTF,WDR,i,COMMUNITY,FALSE,Yes,No,Yes,No
219249,#N/A,Days End RV Park,WDR,RV,TRANSIENT,FALSE,Yes,No,Yes,No
219356,#N/A,Deanza Sprgs Cmpgrd 97-50001,WDR,RE,TRANSIENT,FALSE,Yes,No,No,No
219395,#N/A,Deer Creek RV Park,WDR,RV,TRANSIENT,FALSE,Yes,No,Yes,No
236755,#N/A,Deer Meadow Leachfield,WDR,NR,n/a,FALSE,Yes,No,No,No
273167,#N/A,Del Rey WWTF,WDR,i,COMMUNITY,FALSE,Yes,No,Yes,No
219497,#N/A,Del Rio CSD WWTF,WDR,i,COMMUNITY,FALSE,Yes,No,Yes,No
602499,#N/A,Del Rio East HOA WWTP,WDR,i,COMMUNITY,FALSE,Yes,No,Yes,No
219502,#N/A,Del Valle Regional Park WWTP,WDR,RE,TRANSIENT,FALSE,Yes,No,No,No
273109,#N/A,Delano WWTF,WDR,i,COMMUNITY,FALSE,Yes,No,Yes,No
219515,#N/A,Delft Colony WWTF,WDR,i,COMMUNITY,FALSE,Yes,No,Yes,No
273168,#N/A,Delhi WWTF,WDR,i,COMMUNITY,FALSE,Yes,No,Yes,No
219551,#N/A,Delta Conservation Camp,WDR,i,COMMUNITY,FALSE,Yes,No,Yes,No
219630,#N/A,Descanso Detention Water PCF,WDR,i,COMMUNITY,FALSE,Yes,No,Yes,No
735798,#N/A,Descanso Maintenance Station,WDR,NR,n/a,FALSE,Yes,No,No,No
219649,#N/A,Desert Crest WWTP,WDR,i,COMMUNITY,FALSE,Yes,No,Yes,No
707420,#N/A,Desert Knoll Inc.,WDR,i,COMMUNITY,FALSE,Yes,No,Yes,No
219661,#N/A,Desert Lake CSD WTF,WDR,i,COMMUNITY,FALSE,Yes,No,Yes,No
219664,#N/A,Desert Oasis Safety Rdside RES,WDR,DU,COMMUNITY,FALSE,Yes,No,No,No
219667,#N/A,Desert Pools RV RST 97-50077,WDR,RV,TRANSIENT,FALSE,Yes,No,Yes,No
219668,#N/A,Desert Riviera MH&RV 97-50070,WDR,i,COMMUNITY,FALSE,Yes,No,Yes,No
219669,#N/A,Desert Sands RV Park 97-500140,WDR,RV,TRANSIENT,FALSE,Yes,No,Yes,No
219673,#N/A,Desert Springs RV Park,WDR,RV,TRANSIENT,FALSE,Yes,No,Yes,No
649866,#N/A,Desert Vista Village Wastewater Treatment and Disposal Systems,WDR,i,COMMUNITY,FALSE,Yes,No,Yes,No
219693,#N/A,Destiny Mcintyre RV,WDR,RV,TRANSIENT,FALSE,Yes,No,Yes,No
219737,#N/A,Devils Garden Conservation Camp,WDR,i,COMMUNITY,FALSE,Yes,No,Yes,No
220271,#N/A,Dingerville USA,WDR,i,COMMUNITY,FALSE,Yes,No,Yes,No
273110,#N/A,Dinuba WWTF,WDR,i,COMMUNITY,FALSE,Yes,No,Yes,No
220279,#N/A,"Diocese of San Joaquin, Episcopal Conference Center Oakhurst (ECCO)",WDR,i,COMMUNITY,FALSE,Yes,No,Yes,No
220363,#N/A,Division Creek Roadside Rest,WDR,DU,COMMUNITY,FALSE,Yes,No,No,No
220385,#N/A,Dixon Migrant Center WWTF,WDR,i,COMMUNITY,FALSE,Yes,No,Yes,No
220396,#N/A,Dixon WWTF,WDR,i,COMMUNITY,FALSE,Yes,No,Yes,No
220429,#N/A,Dodge Ridge Resort WWTF,WDR,RT,TRANSIENT,FALSE,Yes,No,Yes,No
220494,#N/A,Don Pedro Houseboats/Mini Mart,WDR,NR,n/a,FALSE,Yes,No,No,No
220495,#N/A,Don Pedro Sewer Zone 1,WDR,i,COMMUNITY,FALSE,Yes,No,Yes,No
220569,#N/A,Dorothea Lange Elementary Onsite WW Treatment System,WDR,i,COMMUNITY,FALSE,Yes,No,Yes,No
220567,#N/A,Dorris City STP,WDR,i,COMMUNITY,FALSE,Yes,No,Yes,No
273111,#N/A,Dos Palos WWTF,WDR,i,COMMUNITY,FALSE,Yes,No,Yes,No
220570,#N/A,Dos Picos County Park,WDR,RE,TRANSIENT,FALSE,Yes,No,No,No
220618,#N/A,Douglas Flat/Vallecito WWTP,WDR,i,COMMUNITY,FALSE,Yes,No,Yes,No
220804,#N/A,Duffy's Myrtledale WW Ponds,WDR,i,COMMUNITY,FALSE,Yes,No,Yes,No
220824,#N/A,Duncans Mills Campground,WDR,RE,TRANSIENT,FALSE,Yes,No,No,No
220836,#N/A,Dunn School,WDR,i,COMMUNITY,FALSE,Yes,No,Yes,No
220841,#N/A,Dunnigan Roadside Rest WWTF,WDR,DU,COMMUNITY,FALSE,Yes,No,No,No
220844,#N/A,Dunnigan WWTF,WDR,i,COMMUNITY,FALSE,Yes,No,Yes,No
875677,#N/A,Durden Property 0 Lucy Brown Lane,WDR,PR,COMMUNITY,FALSE,Yes,No,No,No
874864,#N/A,Durden Residence OWTS,WDR,PR,COMMUNITY,FALSE,Yes,No,No,No
221757,#N/A,E-Z Golden State Truck Stop,WDR,NR,n/a,FALSE,Yes,No,No,No
221758,#N/A,E-Z Livin' Mobile Home Park,WDR,i,COMMUNITY,FALSE,Yes,No,Yes,No
222129,#N/A,EBMUD Pardee Center WWTF,WDR,NR,n/a,FALSE,Yes,No,No,No
222912,#N/A,ESALEN INSTITUTE Onsite WW Treatment System,WDR,NR,n/a,FALSE,Yes,No,No,No
259194,#N/A,EVMWD Horsethief Canyon WWTP,WDR,i,COMMUNITY,FALSE,Yes,No,Yes,No
259210,#N/A,EVMWD Railroad Canyon WWRF,WDR,i,COMMUNITY,FALSE,Yes,No,Yes,No
835076,#N/A,EZ Trip 1277,WDR,NR,n/a,FALSE,Yes,No,No,No
722140,#N/A,Eagle Ridge RV Park,WDR,RV,TRANSIENT,FALSE,Yes,No,Yes,No
221974,#N/A,Eagles Nest Leachfield,WDR,i,COMMUNITY,FALSE,Yes,No,Yes,No
273169,#N/A,Earlimart WWTF,WDR,i,COMMUNITY,FALSE,Yes,No,Yes,No
221988,#N/A,Early Intake Wastewater System,WDR,RT,TRANSIENT,FALSE,Yes,No,Yes,No
223236,#N/A,East Brother Light StationWWTP,WDR,NR,n/a,FALSE,Yes,No,No,No
880583,#N/A,"East Side Campground OWTS, Pinnacles National Park",WDR,Federal: Recreational,COMMUNITY,TRUE,Yes,No,No,No
222071,#N/A,Eastern Sierra CSD WWTF,WDR,i,COMMUNITY,FALSE,Yes,No,Yes,No
222069,#N/A,Eastern Sierra College Center,WDR,i,COMMUNITY,FALSE,Yes,No,Yes,No
222091,#N/A,Eastman Lake Admin Area,WDR,Federal: Recreational,COMMUNITY,TRUE,Yes,No,No,No
222092,#N/A,Eastman Lake Chowchilla REC,WDR,Federal: Recreational,COMMUNITY,TRUE,Yes,No,No,No
222093,#N/A,Eastman Lake Cordoniz REC,WDR,Federal: Recreational,COMMUNITY,TRUE,Yes,No,No,No
222143,#N/A,Echo Lodge Resort,WDR,RE,TRANSIENT,FALSE,Yes,No,No,No
222144,#N/A,Echo Mars Ponds,WDR,Federal: Non-residential,COMMUNITY,TRUE,Yes,No,No,No
222396,#N/A,El Capitan Canyon Campground,WDR,RE,TRANSIENT,FALSE,Yes,No,No,No
222398,#N/A,El Capitan State Beach WWTP,WDR,DU,COMMUNITY,FALSE,Yes,No,No,No
222436,#N/A,El Dorado MHP WWTF,WDR,i,COMMUNITY,FALSE,Yes,No,Yes,No
798453,#N/A,El Rio Estates,WDR,i,COMMUNITY,FALSE,Yes,No,Yes,No
271777,#N/A,El Toro Water Dist WWRF,WDR,i,COMMUNITY,FALSE,Yes,No,Yes,No
252260,#N/A,Elk Country RV Resort & Campground,WDR,RV,TRANSIENT,FALSE,Yes,No,Yes,No
222621,#N/A,Elkhorn Correctional Facility WWTF,WDR,i,COMMUNITY,FALSE,Yes,No,Yes,No
222624,#N/A,Elkhorn Safety Roadside Rest Area,WDR,NR,n/a,FALSE,Yes,No,No,No
222628,#N/A,Elkus Youth Ranch WWTP,WDR,NR,n/a,FALSE,Yes,No,No,No
222684,#N/A,Emerald Cove Resort,WDR,RV,TRANSIENT,FALSE,Yes,No,Yes,No
222685,#N/A,Emerald Pines Resort Cottages,WDR,RE,TRANSIENT,FALSE,Yes,No,No,No
268043,#N/A,Encinal Canyon Water Recycling Plant on Tract 46277,WDR,i,COMMUNITY,FALSE,Yes,No,Yes,No
222803,#N/A,Englebright Lake WWTF,WDR,Federal: Recreational,COMMUNITY,TRUE,Yes,No,No,No
222916,#N/A,Escalon Treatment Plant,WDR,i,COMMUNITY,FALSE,Yes,No,Yes,No
222947,#N/A,Esparto CSD WWTF,WDR,i,COMMUNITY,FALSE,Yes,No,Yes,No
222998,#N/A,Etna STP,WDR,i,COMMUNITY,FALSE,Yes,No,Yes,No
223043,#N/A,Evans Residence,WDR,PR,COMMUNITY,FALSE,Yes,No,No,No
223068,#N/A,Evergreen Lodge,WDR,RE,TRANSIENT,FALSE,Yes,No,No,No
273112,#N/A,Exeter WWTF,WDR,i,COMMUNITY,FALSE,Yes,No,Yes,No
224503,#N/A,FIRESTONE BUSINESS PARK Onsite WW Treatment System,WDR,NR,n/a,FALSE,Yes,No,No,No
224057,#N/A,Fairbanks Ranch WPCF,WDR,i,COMMUNITY,FALSE,Yes,No,Yes,No
224107,#N/A,Fairway Oaks Development,WDR,i,COMMUNITY,FALSE,Yes,No,Yes,No
224125,#N/A,Fall River Mills STP,WDR,i,COMMUNITY,FALSE,Yes,No,Yes,No
224130,#N/A,Fallbrook Kamp Retreat,WDR,RE,TRANSIENT,FALSE,Yes,No,No,No
804421,#N/A,"Family Ranch, Inc.",WDR,NR,n/a,FALSE,Yes,No,No,No
259201,#N/A,Farm MWC WWTP,WDR,i,COMMUNITY,FALSE,Yes,No,Yes,No
273113,#N/A,Farmersville WWTF,WDR,i,COMMUNITY,FALSE,Yes,No,Yes,No
224192,#N/A,Farming D WWTF,WDR,PR,COMMUNITY,FALSE,Yes,No,No,No
224242,#N/A,Feather River Hospital,WDR,i,COMMUNITY,FALSE,Yes,No,Yes,No
224326,#N/A,Fenn Hunting Club WW Treatment,WDR,NR,n/a,FALSE,Yes,No,No,No
224384,#N/A,Fetzer Vineyards Labor Housing,WDR,i,COMMUNITY,FALSE,Yes,No,Yes,No
224429,#N/A,"Fiero Lane Water Company, Inc.",WDR,NR,n/a,FALSE,Yes,No,No,No
224431,#N/A,Fiesta Cathedral Palm 97-50083,WDR,RE,TRANSIENT,FALSE,Yes,No,No,No
225881,#N/A,Fillmore WWTP and Wastewater Recycling Plant,WDR,i,COMMUNITY,FALSE,Yes,No,Yes,No
225896,#N/A,"Fire Camp #11, Acton",WDR,i,COMMUNITY,FALSE,Yes,No,Yes,No
225897,#N/A,"Fire Camp #8, Malibu",WDR,RT,TRANSIENT,FALSE,Yes,No,Yes,No
225899,#N/A,Fire Station # 71,WDR,RT,TRANSIENT,FALSE,Yes,No,Yes,No
225903,#N/A,Fire Station #99,WDR,RT,TRANSIENT,FALSE,Yes,No,Yes,No
273114,#N/A,Firebaugh WWTF,WDR,i,COMMUNITY,FALSE,Yes,No,Yes,No
224567,#N/A,Five and Forty Six WWTF,WDR,NR,n/a,FALSE,Yes,No,No,No
787568,#N/A,Floral Gift & Home Decor International,WDR,PR,COMMUNITY,FALSE,Yes,No,No,No
224692,#N/A,Flying J #613,WDR,RT,TRANSIENT,FALSE,Yes,No,Yes,No
224827,#N/A,Foothill Elementary School WWTF,WDR,i,COMMUNITY,FALSE,Yes,No,Yes,No
647162,#N/A,Foothill Horizons School,WDR,i,COMMUNITY,FALSE,Yes,No,Yes,No
224826,#N/A,Foothills MHP,WDR,i,COMMUNITY,FALSE,Yes,No,Yes,No
259190,#N/A,Forest Home CC WWTP,WDR,NR,n/a,FALSE,Yes,No,No,No
224889,#N/A,Forest Meadows WWT & RP,WDR,i,COMMUNITY,FALSE,Yes,No,Yes,No
224893,#N/A,Forest Springs WWTF,WDR,i,COMMUNITY,FALSE,Yes,No,Yes,No
226148,#N/A,Forester & Fire Warden Camp 13,WDR,i,COMMUNITY,FALSE,Yes,No,Yes,No
224898,#N/A,Foresthill High School,WDR,i,COMMUNITY,FALSE,Yes,No,Yes,No
225534,#N/A,Fort Hunter Liggett WWTP,WDR,Federal: Residential or mixed,COMMUNITY,TRUE,Yes,No,Yes,No
225072,#N/A,Fort Jones City WWTP,WDR,i,COMMUNITY,FALSE,Yes,No,Yes,No
225146,#N/A,Fountain of Youth Spa,WDR,i,COMMUNITY,FALSE,Yes,No,Yes,No
273170,#N/A,Franklin WWTF,WDR,i,COMMUNITY,FALSE,Yes,No,Yes,No
225411,#N/A,French Ranch Community WWTP,WDR,i,COMMUNITY,FALSE,Yes,No,Yes,No
225420,#N/A,Frenchman Lake Recreation Area,WDR,Federal: Recreational,COMMUNITY,TRUE,Yes,No,No,No
201064,#N/A,Fresno Cnty #1-Tamarack Estates WWTF,WDR,i,COMMUNITY,FALSE,Yes,No,Yes,No
201073,#N/A,Fresno Cnty #30-El Porvenir WWTF,WDR,i,COMMUNITY,FALSE,Yes,No,Yes,No
201074,#N/A,Fresno Cnty #31B-Shaver Lake WWTF,WDR,i,COMMUNITY,FALSE,Yes,No,Yes,No
201075,#N/A,Fresno Cnty #32-Cantua Creek WWTF,WDR,i,COMMUNITY,FALSE,Yes,No,Yes,No
201076,#N/A,Fresno Cnty #34-Millerton New Town WWTF,WDR,i,COMMUNITY,FALSE,Yes,No,Yes,No
201078,#N/A,Fresno Cnty #38-Sky Harbour WWTF,WDR,i,COMMUNITY,FALSE,Yes,No,Yes,No
201079,#N/A,Fresno Cnty #40-Shaver Springs WWTF,WDR,i,COMMUNITY,FALSE,Yes,No,Yes,No
201080,#N/A,Fresno Cnty #41-Shaver Lake WWTF,WDR,i,COMMUNITY,FALSE,Yes,No,Yes,No
201081,#N/A,Fresno Cnty #44-D Monte Verdi Estates WWTF,WDR,i,COMMUNITY,FALSE,Yes,No,Yes,No
201082,#N/A,Fresno Cnty #44A-Millerton Lake MHV WWTF,WDR,i,COMMUNITY,FALSE,Yes,No,Yes,No
201083,#N/A,Fresno Cnty #47-Quail Lake WWTF,WDR,i,COMMUNITY,FALSE,Yes,No,Yes,No
234146,#N/A,Fresno Cnty Juvenile Justice WWTF,WDR,i,COMMUNITY,FALSE,Yes,No,Yes,No
273115,#N/A,Fresno Regional WWTF,WDR,i,COMMUNITY,FALSE,Yes,No,Yes,No
793760,#N/A,Friant Ranch WWTF,WDR,i,COMMUNITY,FALSE,Yes,No,Yes,No
225501,#N/A,Frontier Village,WDR,i,COMMUNITY,FALSE,Yes,No,Yes,No
226637,#N/A,Gafner Water Reclamation Facility,WDR,i,COMMUNITY,FALSE,Yes,No,Yes,No
226719,#N/A,Garberville POTW,WDR,i,COMMUNITY,FALSE,Yes,No,Yes,No
226826,#N/A,Gateway Mobile Home Park,WDR,i,COMMUNITY,FALSE,Yes,No,Yes,No
854174,#N/A,Gaviota Safety Roadside Rest Area,WDR,DU,COMMUNITY,FALSE,Yes,No,No,No
226846,#N/A,Gaviota State Park Onsite WW Treatment System,WDR,RE,TRANSIENT,FALSE,Yes,No,No,No
226847,#N/A,Gayla Manor WWTP,WDR,i,COMMUNITY,FALSE,Yes,No,Yes,No
227080,#N/A,Gerber STP,WDR,i,COMMUNITY,FALSE,Yes,No,Yes,No
255382,#N/A,Gianelli (San Luis) Pump-Generate Plant WWTF,WDR,NR,n/a,FALSE,Yes,No,No,No
227217,#N/A,Glacier Point WWTF,WDR,Federal: Recreational,COMMUNITY,TRUE,Yes,No,No,No
806540,#N/A,Glenview Mobile Home Park,WDR,i,COMMUNITY,FALSE,Yes,No,Yes,No
227352,#N/A,Glenwood Boys Ranch WWTP,WDR,i,COMMUNITY,FALSE,Yes,No,Yes,No
227370,#N/A,Globe Hotel,WDR,NR,n/a,FALSE,Yes,No,No,No
227425,#N/A,Gold Beach Park,WDR,RE,TRANSIENT,FALSE,Yes,No,No,No
227440,#N/A,Gold Mountain WWTF,WDR,i,COMMUNITY,FALSE,Yes,No,Yes,No
227444,#N/A,Gold Ridge Forest Unit 3,WDR,i,COMMUNITY,FALSE,Yes,No,Yes,No
227445,#N/A,"Gold Ridge HA, UNIT III",WDR,i,COMMUNITY,FALSE,Yes,No,Yes,No
227451,#N/A,Gold Run Roadside Rests,WDR,DU,COMMUNITY,FALSE,Yes,No,No,No
227463,#N/A,Gold Strike Village,WDR,i,COMMUNITY,FALSE,Yes,No,Yes,No
752217,#N/A,Golden Bear RV Park,WDR,RV,TRANSIENT,FALSE,Yes,No,Yes,No
227485,#N/A,Golden Feather MHP WTP,WDR,i,COMMUNITY,FALSE,Yes,No,Yes,No
227501,#N/A,Golden Hills Mobile Home Park,WDR,i,COMMUNITY,FALSE,Yes,No,Yes,No
227503,#N/A,Golden Hills WWTF,WDR,i,COMMUNITY,FALSE,Yes,No,Yes,No
227507,#N/A,Golden Meadows STP (sand filter),WDR,i,COMMUNITY,FALSE,Yes,No,Yes,No
227508,#N/A,Golden Oaks MHP,WDR,i,COMMUNITY,FALSE,Yes,No,Yes,No
227602,#N/A,Gonzales WWTP,WDR,i,COMMUNITY,FALSE,Yes,No,Yes,No
862046,#N/A,Google Bay View Campus,WDR,NR,n/a,FALSE,Yes,No,No,No
229051,#N/A,Gorman WWTP,WDR,i,COMMUNITY,FALSE,Yes,No,Yes,No
227713,#N/A,Graeagle Meadows Townhomes,WDR,i,COMMUNITY,FALSE,Yes,No,Yes,No
800038,#N/A,Graeagle WWTP,WDR,i,COMMUNITY,FALSE,Yes,No,Yes,No
229145,#N/A,Granite Bay State Park,WDR,RE,TRANSIENT,FALSE,Yes,No,No,No
227779,#N/A,Grant Elementary School,WDR,i,COMMUNITY,FALSE,Yes,No,Yes,No
227781,#N/A,Grant Grove WWTF,WDR,Federal: Recreational,COMMUNITY,TRUE,Yes,No,No,No
227814,#N/A,Grass Valley Mobile Home Village,WDR,i,COMMUNITY,FALSE,Yes,No,Yes,No
227843,#N/A,Grayson Comm Serv Dist WTF,WDR,i,COMMUNITY,FALSE,Yes,No,Yes,No
815678,#N/A,"Greek Orthodox Monestery of the Theotokos, The Life Giving Spring",WDR,i,COMMUNITY,FALSE,Yes,No,Yes,No
783432,#N/A,Green Clean Express Wash,WDR,NR,n/a,FALSE,Yes,No,No,No
808412,#N/A,Green Rock,WDR,NR,n/a,FALSE,Yes,No,No,No
227893,#N/A,"Greenfield WWTP, City of",WDR,i,COMMUNITY,FALSE,Yes,No,Yes,No
227914,#N/A,Greenstone Estates Mobile Home Park,WDR,i,COMMUNITY,FALSE,Yes,No,Yes,No
227918,#N/A,Greenville WW Ponds,WDR,i,COMMUNITY,FALSE,Yes,No,Yes,No
227962,#N/A,Grenada Sanitary District STP,WDR,i,COMMUNITY,FALSE,Yes,No,Yes,No
227980,#N/A,Gridley WWTF,WDR,i,COMMUNITY,FALSE,Yes,No,Yes,No
228016,#N/A,Grizzly Creek Ranch WWTF,WDR,NR,n/a,FALSE,Yes,No,No,No
228057,#N/A,Groveland WWTF,WDR,i,COMMUNITY,FALSE,Yes,No,Yes,No
228067,#N/A,Growlersburg Conservation Camp,WDR,i,COMMUNITY,FALSE,Yes,No,Yes,No
228104,#N/A,Guadalupe WWTP,WDR,i,COMMUNITY,FALSE,Yes,No,Yes,No
228109,#N/A,Gualala WWTF,WDR,i,COMMUNITY,FALSE,Yes,No,Yes,No
273147,#N/A,Gunner Ranch Water Reclamation Plant,WDR,i,COMMUNITY,FALSE,Yes,No,Yes,No
228143,#N/A,Gurdjieff Foundation Retreat,WDR,NR,n/a,FALSE,Yes,No,No,No
273116,#N/A,Gustine WWTF,WDR,i,COMMUNITY,FALSE,Yes,No,Yes,No
229466,#N/A,Hacienda WWTP,WDR,NR,n/a,FALSE,Yes,No,No,No
229727,#N/A,Hale Avenue Resource Recovery Facility (HARRF) Recycled Water,WDR,i,COMMUNITY,FALSE,Yes,No,Yes,No
229544,#N/A,Hamilton City CSD WWTP,WDR,i,COMMUNITY,FALSE,Yes,No,Yes,No
870434,#N/A,Hampton Inn and Suites Three Rivers WWTF,WDR,RT,TRANSIENT,FALSE,Yes,No,Yes,No
273118,#N/A,Hanford WWTF,WDR,i,COMMUNITY,FALSE,Yes,No,Yes,No
231219,#N/A,Hanson Elementary School OWTS,WDR,i,COMMUNITY,FALSE,Yes,No,Yes,No
229643,#N/A,Happy Camp WWTP,WDR,i,COMMUNITY,FALSE,Yes,No,Yes,No
229645,#N/A,Happy Valley Primary School,WDR,i,COMMUNITY,FALSE,Yes,No,Yes,No
259760,#N/A,Harbison Canyon Estates,WDR,i,COMMUNITY,FALSE,Yes,No,Yes,No
782065,#N/A,Harmony Grove Water Reclamation Plant,WDR,i,COMMUNITY,FALSE,Yes,No,Yes,No
240716,#N/A,Harney Lane Migrant Center,WDR,i,COMMUNITY,FALSE,Yes,No,Yes,No
224179,#N/A,Harris Farms Farm Labor Housing Facility,WDR,i,COMMUNITY,FALSE,Yes,No,Yes,No
232096,#N/A,Harris Ranch Inn and Restaurant WWTF,WDR,RT,TRANSIENT,FALSE,Yes,No,Yes,No
246381,#N/A,Hartland Christian OWTS,WDR,NR,n/a,FALSE,Yes,No,No,No
231329,#N/A,Harwood Homes Tract 43196-01,WDR,i,COMMUNITY,FALSE,Yes,No,Yes,No
229955,#N/A,Heather Glen Mobile Park,WDR,i,COMMUNITY,FALSE,Yes,No,Yes,No
229958,#N/A,Heavenly Oaks Residential Community,WDR,i,COMMUNITY,FALSE,Yes,No,Yes,No
271519,#N/A,Heise Park Campground,WDR,RE,TRANSIENT,FALSE,Yes,No,No,No
230011,#N/A,Helendale Silverlakes STP,WDR,i,COMMUNITY,FALSE,Yes,No,Yes,No
230034,#N/A,Helms Housing & Support Facility,WDR,i,COMMUNITY,FALSE,Yes,No,Yes,No
230083,#N/A,Henry W Coe St Pk,WDR,RE,TRANSIENT,FALSE,Yes,No,No,No
230092,#N/A,Hensley Lake,WDR,Federal: Recreational,COMMUNITY,TRUE,Yes,No,No,No
230118,#N/A,Heritage House,WDR,RT,TRANSIENT,FALSE,Yes,No,Yes,No
806008,#N/A,Hi-Desert WD Reclamation Facility,WDR,i,COMMUNITY,FALSE,Yes,No,Yes,No
274587,#N/A,Hi-Ho Lodge & MHP,WDR,i,COMMUNITY,FALSE,Yes,No,Yes,No
230282,#N/A,Hidden Valley Lake WRF,WDR,i,COMMUNITY,FALSE,Yes,No,Yes,No
230289,#N/A,Hideaway Lake M.E. S.T.P. OWTS,WDR,i,COMMUNITY,FALSE,Yes,No,Yes,No
230290,#N/A,Higgins Village WWTF,WDR,i,COMMUNITY,FALSE,Yes,No,Yes,No
783032,#N/A,Hillside Assembly of God Church,WDR,NR,n/a,FALSE,Yes,No,No,No
273141,#N/A,Hilmar CWD WWTF,WDR,i,COMMUNITY,FALSE,Yes,No,Yes,No
230429,#N/A,Hilton Creek CSD Package STP,WDR,i,COMMUNITY,FALSE,Yes,No,Yes,No
239190,#N/A,Hoberg's Resort,WDR,RT,TRANSIENT,FALSE,Yes,No,Yes,No
230512,#N/A,Holbrook Apartments,WDR,PR,COMMUNITY,FALSE,Yes,No,No,No
861192,#N/A,Holcomb Valley Camp,WDR,RE,TRANSIENT,FALSE,Yes,No,No,No
230555,#N/A,Hollister Domestic WWTP,WDR,i,COMMUNITY,FALSE,Yes,No,Yes,No
230556,#N/A,Hollister Industrial WWTP,WDR,NR,n/a,FALSE,Yes,No,No,No
226149,#N/A,Hope Gardens Family Center,WDR,i,COMMUNITY,FALSE,Yes,No,Yes,No
230693,#N/A,Hopland Public Utilities District,WDR,i,COMMUNITY,FALSE,Yes,No,Yes,No
230706,#N/A,Horseshoe Bend REC Area,WDR,RE,TRANSIENT,FALSE,Yes,No,No,No
240362,#N/A,Housing Authority Cnty of Merced - Los Banos,WDR,i,COMMUNITY,FALSE,Yes,No,Yes,No
799843,#N/A,Housing Authority of County of Merced-Merced,WDR,i,COMMUNITY,FALSE,Yes,No,Yes,No
230812,#N/A,Hughson WWTF,WDR,i,COMMUNITY,FALSE,Yes,No,Yes,No
230825,#N/A,Humane Society of Sonoma County,WDR,NR,n/a,FALSE,Yes,No,No,No
273148,#N/A,Hume Lake WWTF,WDR,NR,n/a,FALSE,Yes,No,No,No
230914,#N/A,Huntington Pines Mutual Water Company,WDR,i,COMMUNITY,FALSE,Yes,No,Yes,No
273119,#N/A,Huron WWTF,WDR,i,COMMUNITY,FALSE,Yes,No,Yes,No
871803,#N/A,Huttopia Parasdise Springs,WDR,RE,TRANSIENT,FALSE,Yes,No,No,No
882444,#N/A,Huttopia Six Sigma,WDR,RE,TRANSIENT,FALSE,Yes,No,No,No
888692,#N/A,Hyperion Advanced Water Purification Facility,WDR,i,COMMUNITY,FALSE,Yes,No,Yes,No
232085,#N/A,I'SOT School Ponds,WDR,i,COMMUNITY,FALSE,Yes,No,Yes,No
232095,#N/A,I-5 & Dorris Avenue WWTF,WDR,RT,TRANSIENT,FALSE,Yes,No,Yes,No
273149,#N/A,I-5 & Highway 58 WWTF,WDR,RT,TRANSIENT,FALSE,Yes,No,Yes,No
232097,#N/A,I-5 & Jayne Avenue Facility,WDR,NR,n/a,FALSE,Yes,No,No,No
232098,#N/A,I-5 & Panoche Road WWTF,WDR,RT,TRANSIENT,FALSE,Yes,No,Yes,No
803461,#N/A,I-5 @ Dunsmuir Commercial Vehicle Enforcement Facility CVEF,WDR,DU,COMMUNITY,FALSE,Yes,No,No,No
236297,#N/A,I-5 @ Lakehead SRRA,WDR,DU,COMMUNITY,FALSE,Yes,No,No,No
245524,#N/A,I-5 @ O'Brien SRRA,WDR,DU,COMMUNITY,FALSE,Yes,No,No,No
266620,#N/A,I5 Eastside Wastewater Discharge Ponds,WDR,NR,n/a,FALSE,Yes,No,No,No
259155,#N/A,Idyllwild WD WWTP,WDR,i,COMMUNITY,FALSE,Yes,No,Yes,No
232264,#N/A,Imp Wildlife Wister,WDR,RT,TRANSIENT,FALSE,Yes,No,Yes,No
232259,#N/A,Imperial CCD WWTP,WDR,i,COMMUNITY,FALSE,Yes,No,Yes,No
232340,#N/A,Independence WWTF,WDR,i,COMMUNITY,FALSE,Yes,No,Yes,No
232356,#N/A,Indian Hills Campground,WDR,RE,TRANSIENT,FALSE,Yes,No,No,No
232357,#N/A,Indian Oaks Trailer Ranch,WDR,PR,COMMUNITY,FALSE,Yes,No,No,No
232360,#N/A,Indian Rock Vineyards Subdivision (IRVS) WWTF,WDR,i,COMMUNITY,FALSE,Yes,No,Yes,No
232363,#N/A,Indian Springs Reclamation Facility,WDR,i,COMMUNITY,FALSE,Yes,No,Yes,No
232365,#N/A,Indian Wells RV Round-UP,WDR,RV,TRANSIENT,FALSE,Yes,No,Yes,No
232368,#N/A,Indianola Mobile Home Park,WDR,i,COMMUNITY,FALSE,Yes,No,Yes,No
232429,#N/A,Industrial WWTP,WDR,NR,n/a,FALSE,Yes,No,No,No
232151,#N/A,Institute Noetic Science WWTP Mound System,WDR,NR,n/a,FALSE,Yes,No,No,No
785646,#N/A,Intake Pumping Plant,WDR,NR,n/a,FALSE,Yes,No,No,No
232555,#N/A,Intermountain Conservation Camp,WDR,i,COMMUNITY,FALSE,Yes,No,Yes,No
232556,#N/A,Intermountain Fair of Shasta County,WDR,RE,TRANSIENT,FALSE,Yes,No,No,No
232625,#N/A,Inyokern CSD WTF,WDR,i,COMMUNITY,FALSE,Yes,No,Yes,No
214640,#N/A,Ione WWTF,WDR,i,COMMUNITY,FALSE,Yes,No,Yes,No
232641,#N/A,"Irish Beach Subdivision Units 1,2,3,4",WDR,i,COMMUNITY,FALSE,Yes,No,Yes,No
232714,#N/A,Ishi Conservation Camp,WDR,i,COMMUNITY,FALSE,Yes,No,Yes,No
707492,#N/A,Island Park Recreation Area - Pine Flat Lake,WDR,Federal: Recreational,COMMUNITY,TRUE,Yes,No,No,No
232721,#N/A,Isleton WWTP,WDR,i,COMMUNITY,FALSE,Yes,No,Yes,No
273172,#N/A,Ivanhoe WWTF,WDR,i,COMMUNITY,FALSE,Yes,No,Yes,No
232760,#N/A,Ivy Del Trailer Park,WDR,RV,TRANSIENT,FALSE,Yes,No,Yes,No
233664,#N/A,JGW RV Park,WDR,RV,TRANSIENT,FALSE,Yes,No,Yes,No
805724,#N/A,JH Ranch,WDR,NR,n/a,FALSE,Yes,No,No,No
233409,#N/A,Jalama Beach County Park WWTP,WDR,DU,COMMUNITY,FALSE,Yes,No,No,No
233460,#N/A,Jamestown Sanitary District Wastewater Treatment Facilities,WDR,i,COMMUNITY,FALSE,Yes,No,Yes,No
657618,#N/A,Jenness Park Christian Camp,WDR,RE,TRANSIENT,FALSE,Yes,No,No,No
233610,#N/A,Jenny Lind Elementary School,WDR,i,COMMUNITY,FALSE,Yes,No,Yes,No
770649,#N/A,John & Kimberly Adair,WDR,PR,COMMUNITY,FALSE,Yes,No,No,No
234013,#N/A,Jojoba Hills SKP Resort,WDR,i,COMMUNITY,FALSE,Yes,No,Yes,No
234038,#N/A,Joplin Youth Center,WDR,i,COMMUNITY,FALSE,Yes,No,Yes,No
770632,#N/A,Jordan Winery Onsite Wastewater Treatment System (Domestic Waste),WDR,NR,n/a,FALSE,Yes,No,No,No
260486,#N/A,Jose Flores WWTP,WDR,i,COMMUNITY,FALSE,Yes,No,Yes,No
785905,#N/A,Joshua Tree Elementary School,WDR,i,COMMUNITY,FALSE,Yes,No,Yes,No
234117,#N/A,Julian Water Pollution Facility,WDR,i,COMMUNITY,FALSE,Yes,No,Yes,No
234123,#N/A,June Lake PUD STP,WDR,i,COMMUNITY,FALSE,Yes,No,Yes,No
234126,#N/A,June Mtn Ski Area Chalet,WDR,NR,n/a,FALSE,Yes,No,No,No
256655,#N/A,Justice House - Shay Road,WDR,PR,COMMUNITY,FALSE,Yes,No,No,No
234547,#N/A,K.Q. Ranch Resort 97-50032,WDR,RE,TRANSIENT,FALSE,Yes,No,No,No
234608,#N/A,Kamp Anza RV Resort,WDR,RV,TRANSIENT,FALSE,Yes,No,Yes,No
234718,#N/A,Keefer Creek Subdivision Phase II,WDR,i,COMMUNITY,FALSE,Yes,No,Yes,No
771804,#N/A,Kendall-Jackson Wine Center Domestic Waste,WDR,NR,n/a,FALSE,Yes,No,No,No
234841,#N/A,Kerman WWTF,WDR,i,COMMUNITY,FALSE,Yes,No,Yes,No
210698,#N/A,Kern Cnty Buena Vista Aquatic Rec Area,WDR,RE,TRANSIENT,FALSE,Yes,No,No,No
252277,#N/A,Kern Cnty CSA 39.8-Reeder Tract,WDR,i,COMMUNITY,FALSE,Yes,No,Yes,No
256772,#N/A,Kern Cnty Sheriff's Lerdo WWTF,WDR,i,COMMUNITY,FALSE,Yes,No,Yes,No
234854,#N/A,Kern Co CSA 40-Pine Mountain Club,WDR,i,COMMUNITY,FALSE,Yes,No,Yes,No
273142,#N/A,Kern Sanitation Authority WWTF,WDR,i,COMMUNITY,FALSE,Yes,No,Yes,No
234913,#N/A,Kern Valley Healthcare District WWTF,WDR,i,COMMUNITY,FALSE,Yes,No,Yes,No
234915,#N/A,Kern Valley State Prison WWTF,WDR,i,COMMUNITY,FALSE,Yes,No,Yes,No
273173,#N/A,Kettleman City WWTF,WDR,i,COMMUNITY,FALSE,Yes,No,Yes,No
235021,#N/A,King City Domestic WWTF,WDR,i,COMMUNITY,FALSE,Yes,No,Yes,No
235051,#N/A,Kings Canyon MHP,WDR,i,COMMUNITY,FALSE,Yes,No,Yes,No
719232,#N/A,Kings River UESD OWTS,WDR,i,COMMUNITY,FALSE,Yes,No,Yes,No
235064,#N/A,Kings Valley Mobile Home Park,WDR,i,COMMUNITY,FALSE,Yes,No,Yes,No
235068,#N/A,Kingsbury Greens CSD WWTP,WDR,i,COMMUNITY,FALSE,Yes,No,Yes,No
268017,#N/A,Kinneloa Ridge Development Tract 37856,WDR,PR,COMMUNITY,FALSE,Yes,No,No,No
235088,#N/A,Kirkwood Meadows WWTF,WDR,i,COMMUNITY,FALSE,Yes,No,Yes,No
235102,#N/A,Klamath CSD STP (Del Norte Community Development),WDR,i,COMMUNITY,FALSE,Yes,No,Yes,No
248128,#N/A,Klamath NF Petersburg Fire Station,WDR,Federal: Residential/transient,TRANSIENT,TRUE,Yes,No,Yes,No
209798,#N/A,Klamath Ranch Resort and Blue Heron RV Park,WDR,RV,TRANSIENT,FALSE,Yes,No,Yes,No
855819,#N/A,Knights Bridge Winery - Domestic,WDR,NR,n/a,FALSE,Yes,No,No,No
235144,#N/A,Knights Landing CSD WWTP,WDR,i,COMMUNITY,FALSE,Yes,No,Yes,No
235207,#N/A,Konocti Conservation Camp,WDR,i,COMMUNITY,FALSE,Yes,No,Yes,No
235208,#N/A,Konocti Harbor Resort,WDR,RT,TRANSIENT,FALSE,Yes,No,Yes,No
236119,#N/A,LAGUNA BLANCA SCHOOL Onsite WW Treatment System,WDR,i,COMMUNITY,FALSE,Yes,No,Yes,No
266817,#N/A,LB Twin Lakes Resort,WDR,i,COMMUNITY,FALSE,Yes,No,Yes,No
235671,#N/A,LC Properties Hunting Club,WDR,RE,TRANSIENT,FALSE,Yes,No,No,No
237204,#N/A,LK Combie Mobile Home VLG WWTF,WDR,i,COMMUNITY,FALSE,Yes,No,Yes,No
237372,#N/A,LOPEZ CONTINUATION HIGH SCHOOL Onsite WW Treatment System,WDR,i,COMMUNITY,FALSE,Yes,No,Yes,No
237748,#N/A,La Canada WWRP,WDR,i,COMMUNITY,FALSE,Yes,No,Yes,No
235779,#N/A,La Cima Conservation Camp OWTS,WDR,i,COMMUNITY,FALSE,Yes,No,Yes,No
235798,#N/A,La Contenta WWT & RF,WDR,i,COMMUNITY,FALSE,Yes,No,Yes,No
236124,#N/A,Laguna County Sanitation District Reclamation Plant,WDR,i,COMMUNITY,FALSE,Yes,No,Yes,No
236139,#N/A,Laguna Seca Recreation Area,WDR,RE,TRANSIENT,FALSE,Yes,No,No,No
237867,#N/A,Lagunitas School WWTP,WDR,i,COMMUNITY,FALSE,Yes,No,Yes,No
236178,#N/A,Lake Almanor West,WDR,i,COMMUNITY,FALSE,Yes,No,Yes,No
236179,#N/A,Lake Amador Resort,WDR,RV,TRANSIENT,FALSE,Yes,No,Yes,No
236181,#N/A,Lake Arrowhead CSD WTFS,WDR,i,COMMUNITY,FALSE,Yes,No,Yes,No
236183,#N/A,Lake Berryessa Resort Improvement District WWTF,WDR,i,COMMUNITY,FALSE,Yes,No,Yes,No
236190,#N/A,Lake California WWTP,WDR,i,COMMUNITY,FALSE,Yes,No,Yes,No
236192,#N/A,Lake Canyon Community WWTP,WDR,i,COMMUNITY,FALSE,Yes,No,Yes,No
736188,#N/A,Lake Cnty SD Kelseyville WWD No. 3 Kelseyville WWTF,WDR,i,COMMUNITY,FALSE,Yes,No,Yes,No
259157,#N/A,Lake Hemet MWD WWTP,WDR,i,COMMUNITY,FALSE,Yes,No,Yes,No
236217,#N/A,Lake Henshaw Resort,WDR,i,COMMUNITY,FALSE,Yes,No,Yes,No
237922,#N/A,Lake Hughes Community WWTF,WDR,i,COMMUNITY,FALSE,Yes,No,Yes,No
236222,#N/A,Lake Isabella WWTF,WDR,i,COMMUNITY,FALSE,Yes,No,Yes,No
236225,#N/A,Lake Kaweah/Terminus Dam,WDR,Federal: Non-residential,COMMUNITY,TRUE,Yes,No,No,No
764262,#N/A,Lake Mendocino Recreation Area Bushay Campground On-Site Systems,WDR,Federal: Recreational,COMMUNITY,TRUE,Yes,No,No,No
244646,#N/A,Lake San Antonio Northshore WWTP,WDR,i,COMMUNITY,FALSE,Yes,No,Yes,No
236252,#N/A,Lake San Antonio Southshore WWTP,WDR,i,COMMUNITY,FALSE,Yes,No,Yes,No
236257,#N/A,Lake Shasta MHP,WDR,i,COMMUNITY,FALSE,Yes,No,Yes,No
236258,#N/A,Lake Shastina CSD STP,WDR,i,COMMUNITY,FALSE,Yes,No,Yes,No
236263,#N/A,Lake Sonoma Resort Area,WDR,RE,TRANSIENT,FALSE,Yes,No,No,No
236281,#N/A,Lake Tamarisk WTP,WDR,i,COMMUNITY,FALSE,Yes,No,Yes,No
236237,#N/A,Lake of the Springs Rv Park MHC TT L.P.,WDR,RV,TRANSIENT,FALSE,Yes,No,Yes,No
241869,#N/A,Lakeport City WWTP,WDR,i,COMMUNITY,FALSE,Yes,No,Yes,No
236303,#N/A,Lakeridge Camping & Boating,WDR,RE,TRANSIENT,FALSE,Yes,No,No,No
273150,#N/A,Lakeshore Resort,WDR,RT,TRANSIENT,FALSE,Yes,No,Yes,No
236309,#N/A,Lakeshore Resort at Bucks Lake,WDR,RT,TRANSIENT,FALSE,Yes,No,Yes,No
236336,#N/A,Lakeside Trailer Park,WDR,RV,TRANSIENT,FALSE,Yes,No,Yes,No
273174,#N/A,Lamont WWTF,WDR,i,COMMUNITY,FALSE,Yes,No,Yes,No
236378,#N/A,Lancaster Water Reclamation Plant,WDR,i,COMMUNITY,FALSE,Yes,No,Yes,No
788951,#N/A,Las Flores Maintenance Station,WDR,DU,COMMUNITY,FALSE,Yes,No,No,No
236601,#N/A,Las Palmas Ranch Reclamation Facility,WDR,i,COMMUNITY,FALSE,Yes,No,Yes,No
763517,#N/A,Las Posas Country Club,WDR,NR,n/a,FALSE,Yes,No,No,No
236635,#N/A,Lassen Volcanic National Park & Facilities,WDR,Federal: Recreational,COMMUNITY,TRUE,Yes,No,No,No
273175,#N/A,Laton WWTF,WDR,i,COMMUNITY,FALSE,Yes,No,Yes,No
769381,#N/A,Lawson's Landing Wastewater System,WDR,RV,TRANSIENT,FALSE,Yes,No,Yes,No
273176,#N/A,Le Grand WWTF,WDR,i,COMMUNITY,FALSE,Yes,No,Yes,No
236765,#N/A,Leavitt Lake Sewage Treatment Ponds,WDR,i,COMMUNITY,FALSE,Yes,No,Yes,No
638143,#N/A,Lebec Holiday Inn Express,WDR,RT,TRANSIENT,FALSE,Yes,No,Yes,No
236772,#N/A,Lebec SRRA (Tejon Pass),WDR,DU,COMMUNITY,FALSE,Yes,No,No,No
236786,#N/A,Lee Vining WTF,WDR,i,COMMUNITY,FALSE,Yes,No,Yes,No
236838,#N/A,Leland Meadow WWTP,WDR,i,COMMUNITY,FALSE,Yes,No,Yes,No
273177,#N/A,Lemon Cove WWTF,WDR,i,COMMUNITY,FALSE,Yes,No,Yes,No
236849,#N/A,Lemon Cove/Sequoia Campground,WDR,RE,TRANSIENT,FALSE,Yes,No,No,No
236857,#N/A,Lemoore NAS WWTF,WDR,Federal: Residential or mixed,COMMUNITY,TRUE,Yes,No,Yes,No
273120,#N/A,Lemoore WWTF,WDR,i,COMMUNITY,FALSE,Yes,No,Yes,No
236888,#N/A,Leoni Meadows Retreat Camp,WDR,NR,n/a,FALSE,Yes,No,No,No
236926,#N/A,Lewis Carroll School,WDR,i,COMMUNITY,FALSE,Yes,No,Yes,No
639803,#N/A,Lewis RV Park (aka Last Redwood Corp. dba Ancient Redwood Resort),WDR,RV,TRANSIENT,FALSE,Yes,No,Yes,No
236943,#N/A,Lewiston CSD Wastewater Ponds POTW,WDR,i,COMMUNITY,FALSE,Yes,No,Yes,No
236941,#N/A,"Lewiston CSD Wastewater Treatment Plant, POTW",WDR,i,COMMUNITY,FALSE,Yes,No,Yes,No
236967,#N/A,Liberty High School WWTF,WDR,i,COMMUNITY,FALSE,Yes,No,Yes,No
237004,#N/A,Lilac Oaks Campground,WDR,RE,TRANSIENT,FALSE,Yes,No,No,No
237022,#N/A,Lime Saddle Campground,WDR,RE,TRANSIENT,FALSE,Yes,No,No,No
238315,#N/A,Limoneira WWTP,WDR,i,COMMUNITY,FALSE,Yes,No,Yes,No
237069,#N/A,Linden Co Water Dist WWTF,WDR,i,COMMUNITY,FALSE,Yes,No,Yes,No
273121,#N/A,Lindsay WWTF,WDR,i,COMMUNITY,FALSE,Yes,No,Yes,No
237114,#N/A,Linnell Farm Labor Center,WDR,i,COMMUNITY,FALSE,Yes,No,Yes,No
237123,#N/A,Lion's Gate Reserve,WDR,i,COMMUNITY,FALSE,Yes,No,Yes,No
237149,#N/A,Little Bear Water Co WWTP,WDR,i,COMMUNITY,FALSE,Yes,No,Yes,No
237183,#N/A,Live Oak Camp Lake Cachuma,WDR,RE,TRANSIENT,FALSE,Yes,No,No,No
237188,#N/A,Live Oak Springs Resort,WDR,RV,TRANSIENT,FALSE,Yes,No,Yes,No
220469,#N/A,Livingston Domestic WWTF,WDR,i,COMMUNITY,FALSE,Yes,No,Yes,No
237252,#N/A,Lockeford CSD WWTP,WDR,i,COMMUNITY,FALSE,Yes,No,Yes,No
237286,#N/A,Log Cabin Ranch WWTP,WDR,i,COMMUNITY,FALSE,Yes,No,Yes,No
237312,#N/A,Lompoc Correctional Facility WWTP,WDR,i,COMMUNITY,FALSE,Yes,No,Yes,No
273178,#N/A,London WWTF,WDR,i,COMMUNITY,FALSE,Yes,No,Yes,No
237325,#N/A,Lone Pine WWTF,WDR,i,COMMUNITY,FALSE,Yes,No,Yes,No
237366,#N/A,Lopez Rec Area,WDR,RE,TRANSIENT,FALSE,Yes,No,No,No
855471,#N/A,Lorch Family Residence,WDR,PR,COMMUNITY,FALSE,Yes,No,No,No
237395,#N/A,Los Alamos WWTP,WDR,i,COMMUNITY,FALSE,Yes,No,Yes,No
741003,#N/A,Los Angeles City Fire Dept Camp 14,WDR,RT,TRANSIENT,FALSE,Yes,No,Yes,No
273122,#N/A,Los Banos WWTF,WDR,i,COMMUNITY,FALSE,Yes,No,Yes,No
237451,#N/A,Los Osos Middle School,WDR,i,COMMUNITY,FALSE,Yes,No,Yes,No
205726,#N/A,Los Osos Onsite WW Treatment System at 1690 Valley View Lane,WDR,PR,COMMUNITY,FALSE,Yes,No,No,No
204982,#N/A,Los Osos Onsite WW Treatment System at 345 Skyline Drive,WDR,PR,COMMUNITY,FALSE,Yes,No,No,No
822816,#N/A,Los Osos Water Recycling Facility,WDR,i,COMMUNITY,FALSE,Yes,No,Yes,No
237456,#N/A,Los Pinos Conservation Camp,WDR,RT,TRANSIENT,FALSE,Yes,No,Yes,No
237459,#N/A,Los Ranchos MHP,WDR,i,COMMUNITY,FALSE,Yes,No,Yes,No
273179,#N/A,Lost Hills WWTF,WDR,i,COMMUNITY,FALSE,Yes,No,Yes,No
816491,#N/A,"Lower Grove OWTS, Mariposa Grove of Giant Sequoias",WDR,Federal: Recreational,COMMUNITY,TRUE,Yes,No,No,No
237543,#N/A,Lower Moosa Canyon Recl Facil,WDR,i,COMMUNITY,FALSE,Yes,No,Yes,No
643085,#N/A,Lytle Creek North WWTP,WDR,i,COMMUNITY,FALSE,Yes,No,Yes,No
259197,#N/A,Lytle Creek WWTP,WDR,i,COMMUNITY,FALSE,Yes,No,Yes,No
255136,#N/A,Lytton Rancheria Lytton Springs Facility,WDR,i,COMMUNITY,FALSE,Yes,No,Yes,No
256444,9SSO10710,MCB Camp Pendleton Sewage Collection System (Historic),WDR,Federal: Collection System,COMMUNITY,TRUE,Yes,No,Yes,Yes
240427,#N/A,MESA MIDDLE SCHOOL Onsite WW Treatment System,WDR,i,COMMUNITY,FALSE,Yes,No,Yes,No
241278,#N/A,MONTE VISTA CHRISTIAN SCHOOL Onsite WW Treatment System,WDR,i,COMMUNITY,FALSE,Yes,No,Yes,No
241804,#N/A,MT Whitney Fish Hatchery Resid,WDR,RT,TRANSIENT,FALSE,Yes,No,Yes,No
239038,#N/A,Mace Meadows Leachfield/Fairway Pines Leachfield,WDR,i,COMMUNITY,FALSE,Yes,No,Yes,No
214483,#N/A,Madera Cnty #14-Chukchansi WWTF,WDR,i,COMMUNITY,FALSE,Yes,No,Yes,No
201067,#N/A,Madera Cnty #19-Parkwood WWTF,WDR,i,COMMUNITY,FALSE,Yes,No,Yes,No
201068,#N/A,Madera Cnty #2-Bass Lake WWTF,WDR,i,COMMUNITY,FALSE,Yes,No,Yes,No
201069,#N/A,Madera Cnty #22A-Oakhurst WWTF,WDR,i,COMMUNITY,FALSE,Yes,No,Yes,No
201070,#N/A,Madera Cnty #24 Teaford Meadow Lakes WWTF,WDR,i,COMMUNITY,FALSE,Yes,No,Yes,No
201071,#N/A,Madera Cnty #27-Goldside Estates WWTF,WDR,i,COMMUNITY,FALSE,Yes,No,Yes,No
201072,#N/A,Madera Cnty #28 Ripperdan WWTF,WDR,i,COMMUNITY,FALSE,Yes,No,Yes,No
201077,#N/A,Madera Cnty #37-La Vina WWTF,WDR,i,COMMUNITY,FALSE,Yes,No,Yes,No
201085,#N/A,Madera Cnty #6-Lake Shore Park WWTF,WDR,i,COMMUNITY,FALSE,Yes,No,Yes,No
201087,#N/A,Madera Cnty #7-Marina View Heights WWTF,WDR,i,COMMUNITY,FALSE,Yes,No,Yes,No
201088,#N/A,Madera Cnty #8A-North Fork WWTF,WDR,i,COMMUNITY,FALSE,Yes,No,Yes,No
273123,#N/A,Madera WWTF,WDR,i,COMMUNITY,FALSE,Yes,No,Yes,No
239130,#N/A,Madison WWTF,WDR,i,COMMUNITY,FALSE,Yes,No,Yes,No
273180,#N/A,Malaga CWD WWTF,WDR,i,COMMUNITY,FALSE,Yes,No,Yes,No
242135,#N/A,Malibu Bay Club WWTP,WDR,i,COMMUNITY,FALSE,Yes,No,Yes,No
867687,#N/A,Malibu Beach R.V. Park - Gen WDR,WDR,i,COMMUNITY,FALSE,Yes,No,Yes,No
766648,#N/A,Malibu Civic Center Wastewater Treatment Facility,WDR,i,COMMUNITY,FALSE,Yes,No,Yes,No
242143,#N/A,Malibu Colony West Home Owners Association,WDR,i,COMMUNITY,FALSE,Yes,No,Yes,No
242152,#N/A,Malibu Gardens Condominiums,WDR,i,COMMUNITY,FALSE,Yes,No,Yes,No
753321,#N/A,"Malibu High School, Malibu Middle School and Juan Cabrillo Elem School",WDR,i,COMMUNITY,FALSE,Yes,No,Yes,No
756238,#N/A,Malibu Highlands,WDR,i,COMMUNITY,FALSE,Yes,No,Yes,No
242163,#N/A,Malibu Outrigger Condos,WDR,i,COMMUNITY,FALSE,Yes,No,Yes,No
745254,#N/A,Malibu Racquet Club,WDR,NR,n/a,FALSE,Yes,No,No,No
267359,#N/A,Malibu Under the Oaks Preschool,WDR,i,COMMUNITY,FALSE,Yes,No,Yes,No
242186,#N/A,Malibu WPCP,WDR,i,COMMUNITY,FALSE,Yes,No,Yes,No
239283,#N/A,Mammoth CWD STP,WDR,i,COMMUNITY,FALSE,Yes,No,Yes,No
735383,#N/A,Mammoth Lakes WTP Teritiary Unit,WDR,i,COMMUNITY,FALSE,Yes,No,Yes,No
239291,#N/A,Mammoth Mtn Ski Area WTF,WDR,RT,TRANSIENT,FALSE,Yes,No,Yes,No
239317,#N/A,Manila CSD WWTP,WDR,i,COMMUNITY,FALSE,Yes,No,Yes,No
239451,#N/A,Marconi Conference Center WWTP,WDR,RT,TRANSIENT,FALSE,Yes,No,Yes,No
273124,#N/A,Maricopa Wastewater Disposal Facility,WDR,i,COMMUNITY,FALSE,Yes,No,Yes,No
239542,#N/A,Mariposa Lodge- Onsite Sewage System,WDR,i,COMMUNITY,FALSE,Yes,No,Yes,No
239543,#N/A,Mariposa Pines WWTF,WDR,i,COMMUNITY,FALSE,Yes,No,Yes,No
239591,#N/A,Markleeville Wstwtr Trtmnt Sys,WDR,i,COMMUNITY,FALSE,Yes,No,Yes,No
239592,#N/A,Markley Cove Resort,WDR,RE,TRANSIENT,FALSE,Yes,No,No,No
709408,#N/A,Marshall Community WWTP,WDR,i,COMMUNITY,FALSE,Yes,No,Yes,No
855609,#N/A,Martin Family Residence,WDR,PR,COMMUNITY,FALSE,Yes,No,No,No
890350,#N/A,Martinez Residence - Graywater System,WDR,PR,COMMUNITY,FALSE,Yes,No,No,No
239729,#N/A,Marysville WWTP,WDR,i,COMMUNITY,FALSE,Yes,No,Yes,No
239789,#N/A,Mata Amritanandamayi WWTP Pond System,WDR,NR,n/a,FALSE,Yes,No,No,No
771776,#N/A,Mattei's Tavern,WDR,RT,TRANSIENT,FALSE,Yes,No,Yes,No
639980,#N/A,Mauricio Leon De La Barra Residence,WDR,PR,COMMUNITY,FALSE,Yes,No,No,No
239874,#N/A,Maxwell PUD WWTF,WDR,i,COMMUNITY,FALSE,Yes,No,Yes,No
239875,#N/A,Maxwell Roadside Rest Station,WDR,DU,COMMUNITY,FALSE,Yes,No,No,No
239889,#N/A,Mayacama Golf Club LLC,WDR,i,COMMUNITY,FALSE,Yes,No,Yes,No
722666,#N/A,Mayacama Ranch,WDR,NR,n/a,FALSE,Yes,No,No,No
239896,#N/A,Mayflower Park,WDR,RE,TRANSIENT,FALSE,Yes,No,No,No
239958,#N/A,McArthur Burney Falls State Park,WDR,RE,TRANSIENT,FALSE,Yes,No,No,No
815299,#N/A,McCabe Municipal Wastewater Treatment Plant,WDR,i,COMMUNITY,FALSE,Yes,No,Yes,No
240000,#N/A,McCloud WWTF,WDR,i,COMMUNITY,FALSE,Yes,No,Yes,No
240003,#N/A,McClure Lake Boat Club Trailer Park,WDR,i,COMMUNITY,FALSE,Yes,No,Yes,No
240004,#N/A,McClure Pt Rec Area,WDR,RE,TRANSIENT,FALSE,Yes,No,No,No
273125,#N/A,McFarland WWTF,WDR,i,COMMUNITY,FALSE,Yes,No,Yes,No
239947,#N/A,McSwain Rec Area WWTF,WDR,RE,TRANSIENT,FALSE,Yes,No,No,No
239977,#N/A,Mccain Vly Consv CMP,WDR,i,COMMUNITY,FALSE,Yes,No,Yes,No
240166,#N/A,Meadowbrook Oaks MHP,WDR,i,COMMUNITY,FALSE,Yes,No,Yes,No
240168,#N/A,Meadowbrook WWTF (Templeton CSD),WDR,i,COMMUNITY,FALSE,Yes,No,Yes,No
240177,#N/A,Meadowlark WRF,WDR,i,COMMUNITY,FALSE,Yes,No,Yes,No
240183,#N/A,Meadows Mobile Home Park,WDR,i,COMMUNITY,FALSE,Yes,No,Yes,No
242706,#N/A,Mendenhall-Munz Boys Camp WWTP,WDR,i,COMMUNITY,FALSE,Yes,No,Yes,No
273126,#N/A,Mendota WWTF,WDR,i,COMMUNITY,FALSE,Yes,No,Yes,No
240425,#N/A,Mesa Dunes Mobile Home Estates,WDR,i,COMMUNITY,FALSE,Yes,No,Yes,No
240555,#N/A,Mi-Wuk Village WW System,WDR,i,COMMUNITY,FALSE,Yes,No,Yes,No
860254,#N/A,Microsoft Silicon Valley Recycled Water System,WDR,NR,n/a,FALSE,Yes,No,No,No
240655,#N/A,Middletown STP (SD 2-2),WDR,i,COMMUNITY,FALSE,Yes,No,Yes,No
210068,#N/A,Millerton Creek Ranch Sewage Pond Facility,WDR,NR,n/a,FALSE,Yes,No,No,No
240826,#N/A,Millerton Lake State Rec Area,WDR,RE,TRANSIENT,FALSE,Yes,No,No,No
240840,#N/A,Millstream MHP,WDR,i,COMMUNITY,FALSE,Yes,No,Yes,No
706717,#N/A,Minarets High School WWTP,WDR,i,COMMUNITY,FALSE,Yes,No,Yes,No
240892,#N/A,Mira Bella WWTF,WDR,i,COMMUNITY,FALSE,Yes,No,Yes,No
243031,#N/A,Miramar Building (23805-15),WDR,NR,n/a,FALSE,Yes,No,No,No
240914,#N/A,Miramonte Conservation Camp,WDR,i,COMMUNITY,FALSE,Yes,No,Yes,No
240917,#N/A,Miranda POTW,WDR,i,COMMUNITY,FALSE,Yes,No,Yes,No
240924,#N/A,Mireles Residence,WDR,PR,COMMUNITY,FALSE,Yes,No,No,No
240951,#N/A,Mission Hills La Purisima WWTP,WDR,i,COMMUNITY,FALSE,Yes,No,Yes,No
241012,#N/A,Mitchell Camp,WDR,RE,TRANSIENT,FALSE,Yes,No,No,No
241098,#N/A,Mobile Estates,WDR,i,COMMUNITY,FALSE,Yes,No,Yes,No
241143,#N/A,Modesto Reservoir WWTP,WDR,i,COMMUNITY,FALSE,Yes,No,Yes,No
241188,#N/A,Mojave STP,WDR,i,COMMUNITY,FALSE,Yes,No,Yes,No
241192,#N/A,Mokelumne Hill WWTF,WDR,i,COMMUNITY,FALSE,Yes,No,Yes,No
762533,#N/A,"Monica Ros School, Inc",WDR,i,COMMUNITY,FALSE,Yes,No,Yes,No
241264,#N/A,Montague STP,WDR,i,COMMUNITY,FALSE,Yes,No,Yes,No
241266,#N/A,"Montair Subdivision, STP",WDR,i,COMMUNITY,FALSE,Yes,No,Yes,No
241299,#N/A,Monterey Bay Academy Sewage TP,WDR,i,COMMUNITY,FALSE,Yes,No,Yes,No
241306,#N/A,Monterey Dunes Colony WWTP,WDR,i,COMMUNITY,FALSE,Yes,No,Yes,No
847506,#N/A,Monterey Vacation RV Park,WDR,RV,TRANSIENT,FALSE,Yes,No,Yes,No
241376,#N/A,Moore's Resort WWTP Sewage Ponds,WDR,RT,TRANSIENT,FALSE,Yes,No,Yes,No
848096,#N/A,Moorpark WRF - WDR,WDR,i,COMMUNITY,FALSE,Yes,No,Yes,No
241383,#N/A,Mops Inc,WDR,i,COMMUNITY,FALSE,Yes,No,Yes,No
259203,#N/A,Moreno Valley RWRF,WDR,i,COMMUNITY,FALSE,Yes,No,Yes,No
209383,#N/A,Motel 6 and Americas Best Value Inn Wastewater Treatment System,WDR,RT,TRANSIENT,FALSE,Yes,No,Yes,No
243493,#N/A,Mount Baldy School,WDR,i,COMMUNITY,FALSE,Yes,No,Yes,No
241545,#N/A,Mount Bullion Conservation Camp,WDR,i,COMMUNITY,FALSE,Yes,No,Yes,No
241546,#N/A,Mount Hermon Conference Center,WDR,i,COMMUNITY,FALSE,Yes,No,Yes,No
241588,#N/A,Mountain Gate RV Park,WDR,RV,TRANSIENT,FALSE,Yes,No,Yes,No
241590,#N/A,Mountain High East Septic System,WDR,NR,n/a,FALSE,Yes,No,No,No
241774,#N/A,Mountain High West Package Plant,WDR,NR,n/a,FALSE,Yes,No,No,No
241826,#N/A,Mountain Home Conservation Camp,WDR,i,COMMUNITY,FALSE,Yes,No,Yes,No
241636,#N/A,Mountain View Acres MHP,WDR,i,COMMUNITY,FALSE,Yes,No,Yes,No
243533,#N/A,Mountain View Alzheimer's Center,WDR,i,COMMUNITY,FALSE,Yes,No,Yes,No
241649,#N/A,Mountain View Villas,WDR,i,COMMUNITY,FALSE,Yes,No,Yes,No
241772,#N/A,Mt Empire Jr & Sr High School,WDR,i,COMMUNITY,FALSE,Yes,No,Yes,No
241791,#N/A,Mt Shasta Ski Park,WDR,NR,n/a,FALSE,Yes,No,No,No
241907,#N/A,Murphys WWTF,WDR,i,COMMUNITY,FALSE,Yes,No,Yes,No
855043,#N/A,Mussey Grade Village Park,WDR,i,COMMUNITY,FALSE,Yes,No,Yes,No
241946,#N/A,Mustang Village,WDR,i,COMMUNITY,FALSE,Yes,No,Yes,No
614538,#N/A,Mustards Grill WWTP,WDR,NR,n/a,FALSE,Yes,No,No,No
244073,#N/A,NEED Camp Whiskeytown,WDR,Federal: Recreational,COMMUNITY,TRUE,Yes,No,No,No
244785,#N/A,NW Regional Waste Disp Fac,WDR,i,COMMUNITY,FALSE,Yes,No,Yes,No
271828,#N/A,Nacimiento Resort,WDR,RV,TRANSIENT,FALSE,Yes,No,Yes,No
864305,#N/A,Nancy Wright Regional Water Reclamation Facility,WDR,i,COMMUNITY,FALSE,Yes,No,Yes,No
243845,#N/A,Napa Berryessa WTF,WDR,i,COMMUNITY,FALSE,Yes,No,Yes,No
271771,#N/A,Napa Valley Country Club WWTP Ponds,WDR,NR,n/a,FALSE,Yes,No,No,No
273155,#N/A,National Chavez Center WWTF,WDR,i,COMMUNITY,FALSE,Yes,No,Yes,No
759149,#N/A,National Disaster Search Dog Foundation-National Training Center,WDR,NR,n/a,FALSE,Yes,No,No,No
243988,#N/A,Naval Radio Transmitting Fac,WDR,Federal: Non-residential,COMMUNITY,TRUE,Yes,No,No,No
244080,#N/A,Needles WWTP,WDR,i,COMMUNITY,FALSE,Yes,No,Yes,No
209670,#N/A,Nevada City School of the Arts WWTF,WDR,i,COMMUNITY,FALSE,Yes,No,Yes,No
273151,#N/A,New Auberry WWTF,WDR,i,COMMUNITY,FALSE,Yes,No,Yes,No
244174,#N/A,New Don Pedro WW Facilities,WDR,RE,TRANSIENT,FALSE,Yes,No,No,No
244186,#N/A,New Hogan Lake Recreational Areas,WDR,Federal: Recreational,COMMUNITY,TRUE,Yes,No,No,No
227381,#N/A,New Melones Lake Glory Hole Recreation Area,WDR,Federal: Recreational,COMMUNITY,TRUE,Yes,No,No,No
734616,#N/A,New Piru WTF,WDR,i,COMMUNITY,FALSE,Yes,No,Yes,No
244240,#N/A,Newell CWD STP,WDR,i,COMMUNITY,FALSE,Yes,No,Yes,No
606994,#N/A,Newhall Church of the Nazarene,WDR,NR,n/a,FALSE,Yes,No,No,No
750984,#N/A,Nick's Cove & Cottages WWTP,WDR,RT,TRANSIENT,FALSE,Yes,No,Yes,No
244360,#N/A,Nipomo CSD Black Lake - Reclaimed Water Producer,WDR,i,COMMUNITY,FALSE,Yes,No,Yes,No
244361,#N/A,Nipomo CSD Southland Treatment Facility,WDR,i,COMMUNITY,FALSE,Yes,No,Yes,No
244529,#N/A,North Fork Mill Housing Facility,WDR,i,COMMUNITY,FALSE,Yes,No,Yes,No
215677,#N/A,North Fresno WWRF,WDR,i,COMMUNITY,FALSE,Yes,No,Yes,No
244565,#N/A,North San Juan WW Facility,WDR,i,COMMUNITY,FALSE,Yes,No,Yes,No
244567,#N/A,North Shafter Farm Labor Camp,WDR,i,COMMUNITY,FALSE,Yes,No,Yes,No
244568,#N/A,North Shore Campground,WDR,RE,TRANSIENT,FALSE,Yes,No,No,No
244569,#N/A,North Shore WRP,WDR,i,COMMUNITY,FALSE,Yes,No,Yes,No
273143,#N/A,North of River WWTF,WDR,i,COMMUNITY,FALSE,Yes,No,Yes,No
248427,#N/A,"Northcrest MHP, LLC (Northcrest Trailer City)",WDR,i,COMMUNITY,FALSE,Yes,No,Yes,No
244647,#N/A,Northshore RV Resort 97-50082,WDR,RV,TRANSIENT,FALSE,Yes,No,Yes,No
244695,#N/A,Nott Septic System,WDR,PR,COMMUNITY,FALSE,Yes,No,No,No
245520,#N/A,O'Shaughnessy WWTP,WDR,RT,TRANSIENT,FALSE,Yes,No,Yes,No
825789,#N/A,"OWTS at 100 Lagunitas Road, Lagunitas, Marin County",WDR,PR,COMMUNITY,FALSE,Yes,No,No,No
826202,#N/A,"OWTS at 195 Resaca Ave, Forest Knolls, Marin Co",WDR,PR,COMMUNITY,FALSE,Yes,No,No,No
245547,#N/A,Oak Bottom Recreation Area,WDR,Federal: Recreational,COMMUNITY,TRUE,Yes,No,No,No
245554,#N/A,Oak Creek MHP WWTF,WDR,i,COMMUNITY,FALSE,Yes,No,Yes,No
245555,#N/A,"Oak Crest Mobile Estates, Inc",WDR,i,COMMUNITY,FALSE,Yes,No,Yes,No
832099,#N/A,Oak Dell RV Park,WDR,i,COMMUNITY,FALSE,Yes,No,Yes,No
245564,#N/A,Oak Hills Development WWTP,WDR,i,COMMUNITY,FALSE,Yes,No,Yes,No
245570,#N/A,Oak Lane Mobile Village,WDR,i,COMMUNITY,FALSE,Yes,No,Yes,No
245581,#N/A,Oak Shores Development CSA-7A,WDR,i,COMMUNITY,FALSE,Yes,No,Yes,No
245582,#N/A,Oak Springs Resort/PointXcamp,WDR,RV,TRANSIENT,FALSE,Yes,No,Yes,No
245585,#N/A,Oak Tree Ranch Private Residential Community OWTS,WDR,i,COMMUNITY,FALSE,Yes,No,Yes,No
245602,#N/A,Oakdale WWTF,WDR,i,COMMUNITY,FALSE,Yes,No,Yes,No
241099,#N/A,Oakwood Lake WWTF,WDR,i,COMMUNITY,FALSE,Yes,No,Yes,No
245628,#N/A,Oakzanita Springs Park,WDR,RV,TRANSIENT,FALSE,Yes,No,Yes,No
255393,#N/A,Oasis West RV Park,WDR,RV,TRANSIENT,FALSE,Yes,No,Yes,No
245760,#N/A,Ocean Canyon Camping Resort / Avila-Pismo Beach KOA,WDR,RE,TRANSIENT,FALSE,Yes,No,No,No
245775,#N/A,Oceana Marin (North Marin CWD),WDR,i,COMMUNITY,FALSE,Yes,No,Yes,No
245805,#N/A,Odd Fellows WWTF,WDR,NR,n/a,FALSE,Yes,No,No,No
759306,#N/A,Ojai Country Inn,WDR,RT,TRANSIENT,FALSE,Yes,No,Yes,No
633495,#N/A,Ojai Retreat,WDR,NR,n/a,FALSE,Yes,No,No,No
246352,#N/A,Ojai Valley School,WDR,i,COMMUNITY,FALSE,Yes,No,Yes,No
875225,#N/A,Olancha Lake RV Park,WDR,RV,TRANSIENT,FALSE,Yes,No,Yes,No
245872,#N/A,Old Crocker Inn,WDR,RT,TRANSIENT,FALSE,Yes,No,Yes,No
245924,#N/A,Olema Campground Wastewater System,WDR,RE,TRANSIENT,FALSE,Yes,No,No,No
246685,#N/A,Olivelands Elementary School,WDR,i,COMMUNITY,FALSE,Yes,No,Yes,No
273127,#N/A,Orange Cove WWTF,WDR,i,COMMUNITY,FALSE,Yes,No,Yes,No
246257,#N/A,Ortega Oaks RV & Campground,WDR,RE,TRANSIENT,FALSE,Yes,No,No,No
763484,#N/A,Our Lady of Malibu Catholic Church,WDR,NR,n/a,FALSE,Yes,No,No,No
826633,#N/A,Our Lady of Peace Retreat Center,WDR,NR,n/a,FALSE,Yes,No,No,No
876879,#N/A,Oveyssi Residence,WDR,PR,COMMUNITY,FALSE,Yes,No,No,No
246361,#N/A,Owens Valley Conser Camp WTF,WDR,i,COMMUNITY,FALSE,Yes,No,Yes,No
247112,#N/A,PACHECO CREEK ESTATES Onsite WW Treatment System,WDR,i,COMMUNITY,FALSE,Yes,No,Yes,No
230037,#N/A,PG&E Helms Plant,WDR,i,COMMUNITY,FALSE,Yes,No,Yes,No
248978,#N/A,POST RANCH INN Onsite WW Treatment System,WDR,RT,TRANSIENT,FALSE,Yes,No,Yes,No
249381,#N/A,PRUNETREE SHOPPING CENTER Onsite WW Treatment System,WDR,NR,n/a,FALSE,Yes,No,No,No
247199,#N/A,Pacific Dunes Ranch,WDR,RV,TRANSIENT,FALSE,Yes,No,Yes,No
731257,#N/A,Pajaro Valley WMA and City of Watsonville Water Reclamation,WDR,i,COMMUNITY,FALSE,Yes,No,Yes,No
247419,#N/A,Palm Desert WRP #10,WDR,i,COMMUNITY,FALSE,Yes,No,Yes,No
247430,#N/A,Palm Springs Oasis RV,WDR,RV,TRANSIENT,FALSE,Yes,No,Yes,No
257153,#N/A,"Palm Springs Village-309, LLC Silvertip Resort Village WWTF",WDR,RT,TRANSIENT,FALSE,Yes,No,Yes,No
247435,#N/A,Palm Springs WWTF,WDR,i,COMMUNITY,FALSE,Yes,No,Yes,No
247448,#N/A,Palmdale Water Reclamation Plant,WDR,i,COMMUNITY,FALSE,Yes,No,Yes,No
247464,#N/A,Palo Cedro WWTF,WDR,i,COMMUNITY,FALSE,Yes,No,Yes,No
247509,#N/A,Papas Taverna WWTP OWTS,WDR,NR,n/a,FALSE,Yes,No,No,No
249765,#N/A,Paradise Cove Mobile Home Park,WDR,i,COMMUNITY,FALSE,Yes,No,Yes,No
828255,#N/A,Paradise Cove Mobile Home Park & Paradise Cove Beach Cafe,WDR,i,COMMUNITY,FALSE,Yes,No,Yes,No
247527,#N/A,Paradise Pines School,WDR,i,COMMUNITY,FALSE,Yes,No,Yes,No
249771,#N/A,Paradise Ranch WWTP,WDR,i,COMMUNITY,FALSE,Yes,No,Yes,No
247616,#N/A,Pardee Reservoir Recreation Area,WDR,RE,TRANSIENT,FALSE,Yes,No,No,No
247633,#N/A,Park Knolls Subdivision,WDR,i,COMMUNITY,FALSE,Yes,No,Yes,No
247644,#N/A,Park Moabi WWTF,WDR,i,COMMUNITY,FALSE,Yes,No,Yes,No
247694,#N/A,Parkside Estates Mobile Home Park,WDR,i,COMMUNITY,FALSE,Yes,No,Yes,No
273128,#N/A,Parlier WWTF,WDR,i,COMMUNITY,FALSE,Yes,No,Yes,No
247731,#N/A,Pasadera Reclamation Facility (Producer),WDR,i,COMMUNITY,FALSE,Yes,No,Yes,No
725130,#N/A,Paso Robles Athletic Club,WDR,NR,n/a,FALSE,Yes,No,No,No
247747,#N/A,Paso Robles RV Ranch,WDR,RV,TRANSIENT,FALSE,Yes,No,Yes,No
247809,#N/A,Pauma Valley Treatment Plant,WDR,i,COMMUNITY,FALSE,Yes,No,Yes,No
247939,#N/A,Penn Valley Mobile Home Park,WDR,i,COMMUNITY,FALSE,Yes,No,Yes,No
247940,#N/A,Penn Valley WWTP,WDR,i,COMMUNITY,FALSE,Yes,No,Yes,No
247966,#N/A,Peoria Flat Baseline Conservation Camp,WDR,i,COMMUNITY,FALSE,Yes,No,Yes,No
247975,#N/A,Peppermint Creek MHP,WDR,i,COMMUNITY,FALSE,Yes,No,Yes,No
259209,#N/A,Perris Valley RWRF,WDR,i,COMMUNITY,FALSE,Yes,No,Yes,No
248169,#N/A,Pfeiffer Big Sur State Park WWTP,WDR,RE,TRANSIENT,FALSE,Yes,No,No,No
248242,#N/A,Pheasant Landing III HA WWTP,WDR,i,COMMUNITY,FALSE,Yes,No,Yes,No
248244,#N/A,Pheasant Landing Phase 2,WDR,i,COMMUNITY,FALSE,Yes,No,Yes,No
248269,#N/A,Philip S Raine SRRA,WDR,DU,COMMUNITY,FALSE,Yes,No,No,No
248400,#N/A,Pilot Knob RV Resort,WDR,RV,TRANSIENT,FALSE,Yes,No,Yes,No
248402,#N/A,Pilot Rock Cons Camp Pack WTF,WDR,i,COMMUNITY,FALSE,Yes,No,Yes,No
248405,#N/A,Pilot Travel Cntr 307,WDR,NR,n/a,FALSE,Yes,No,No,No
248424,#N/A,Pine Grove Community Leachfield System,WDR,i,COMMUNITY,FALSE,Yes,No,Yes,No
248425,#N/A,Pine Grove Conservation Camp,WDR,i,COMMUNITY,FALSE,Yes,No,Yes,No
869940,#N/A,Pine Grove Mobile Home Estates,WDR,i,COMMUNITY,FALSE,Yes,No,Yes,No
820183,#N/A,Pine Ridge School,WDR,i,COMMUNITY,FALSE,Yes,No,Yes,No
259204,#N/A,Pine Springs Ranch WWTP,WDR,RE,TRANSIENT,FALSE,Yes,No,No,No
248440,#N/A,Pine Valley Trailer Park,WDR,PR,COMMUNITY,FALSE,Yes,No,No,No
248439,#N/A,Pine Valley WW Polltn Cntl Fac (Pine Valley Sanitation District) OWTS,WDR,i,COMMUNITY,FALSE,Yes,No,Yes,No
248441,#N/A,Pinecrest Park,WDR,RV,TRANSIENT,FALSE,Yes,No,Yes,No
248442,#N/A,Pinecrest WWTP,WDR,i,COMMUNITY,FALSE,Yes,No,Yes,No
248453,#N/A,Pinezanita Trailer Ranch,WDR,RV,TRANSIENT,FALSE,Yes,No,Yes,No
248471,#N/A,Pio Pico Preserve,WDR,RE,TRANSIENT,FALSE,Yes,No,No,No
248476,#N/A,Pioneer Creek MH Community,WDR,i,COMMUNITY,FALSE,Yes,No,Yes,No
726883,#N/A,Pixley WWTF,WDR,i,COMMUNITY,FALSE,Yes,No,Yes,No
248573,#N/A,Pla-Vada Community Assoc STP,WDR,i,COMMUNITY,FALSE,Yes,No,Yes,No
855592,#N/A,Place de Mer Onsite WW Treatment System,WDR,i,COMMUNITY,FALSE,Yes,No,Yes,No
254925,#N/A,"Placer Cnty SA No 28, ZONE No.6, Sheridan WWTP",WDR,i,COMMUNITY,FALSE,Yes,No,Yes,No
273182,#N/A,Planada WWTF,WDR,i,COMMUNITY,FALSE,Yes,No,Yes,No
248629,#N/A,Plant #12,WDR,Federal: Residential or mixed,COMMUNITY,TRUE,Yes,No,Yes,No
793561,#N/A,"Plant Sciences, Inc. Juniper Village",WDR,i,COMMUNITY,FALSE,Yes,No,Yes,No
248650,#N/A,Plantation MHP,WDR,i,COMMUNITY,FALSE,Yes,No,Yes,No
248717,#N/A,Pleasant Valley State Prison WWTF,WDR,i,COMMUNITY,FALSE,Yes,No,Yes,No
248742,#N/A,Plumas Eureka Estates WWTF,WDR,i,COMMUNITY,FALSE,Yes,No,Yes,No
248753,#N/A,Plymouth WWTP,WDR,i,COMMUNITY,FALSE,Yes,No,Yes,No
248787,#N/A,Poe Colonia (Cady Subdivision),WDR,i,COMMUNITY,FALSE,Yes,No,Yes,No
248791,#N/A,Point Arena Wastewater Treatment Plant,WDR,i,COMMUNITY,FALSE,Yes,No,Yes,No
251021,#N/A,Point Dume Club WWRP,WDR,i,COMMUNITY,FALSE,Yes,No,Yes,No
250647,#N/A,Point Dume Co Comf/Lifeguard Station,WDR,DU,COMMUNITY,FALSE,Yes,No,No,No
273183,#N/A,Poplar WWTF,WDR,i,COMMUNITY,FALSE,Yes,No,Yes,No
248903,#N/A,Port Sonoma Marina WWTP Pond,WDR,NR,n/a,FALSE,Yes,No,No,No
248908,#N/A,Porter Creek Ranch (Union of Reformed Judaism Camp Newman / UAHC Camp SWIG),WDR,RE,TRANSIENT,FALSE,Yes,No,No,No
273130,#N/A,Porterville WWTF,WDR,i,COMMUNITY,FALSE,Yes,No,Yes,No
250760,#N/A,Portico at Malibu,WDR,i,COMMUNITY,FALSE,Yes,No,Yes,No
248933,#N/A,Portola Redwood St Park WWTP,WDR,RE,TRANSIENT,FALSE,Yes,No,No,No
730149,#N/A,Post Mile R2.9 Northbound Camp Roberts Safety Roadside Rest,WDR,DU,COMMUNITY,FALSE,Yes,No,No,No
866179,#N/A,Post Mile R5.3 Southbound Safety Roadside Rest Area,WDR,DU,COMMUNITY,FALSE,Yes,No,No,No
248991,#N/A,Potrero Park,WDR,RV,TRANSIENT,FALSE,Yes,No,Yes,No
249207,#N/A,Prince of Peace Abbey,WDR,NR,n/a,FALSE,Yes,No,No,No
249211,#N/A,Princeton WWTP,WDR,i,COMMUNITY,FALSE,Yes,No,Yes,No
857542,#N/A,Project Phoenix,WDR,NR,n/a,FALSE,Yes,No,No,No
249380,#N/A,Prunedale Shopping Center,WDR,NR,n/a,FALSE,Yes,No,No,No
249420,#N/A,Puerta La Cruz Conservation Camp,WDR,i,COMMUNITY,FALSE,Yes,No,Yes,No
263448,#N/A,Quail Ridge RV Park (formerly Seven Lakes Resort),WDR,i,COMMUNITY,FALSE,Yes,No,Yes,No
251110,#N/A,Quail Valley REC Park,WDR,RE,TRANSIENT,FALSE,Yes,No,No,No
251384,#N/A,R Wild Horse Ranch,WDR,RV,TRANSIENT,FALSE,Yes,No,Yes,No
213003,#N/A,R-Ranch Campground WWTF,WDR,RE,TRANSIENT,FALSE,Yes,No,No,No
252295,#N/A,REFUGIO STATE BEACH Onsite WW Treatment System,WDR,DU,COMMUNITY,FALSE,Yes,No,No,No
252486,#N/A,RESTHAVEN PARK Onsite WW Treatment System,WDR,i,COMMUNITY,FALSE,Yes,No,Yes,No
719809,#N/A,RND Enterprises,WDR,NR,n/a,FALSE,Yes,No,No,No
241905,#N/A,Railroad Park Resort,WDR,RE,TRANSIENT,FALSE,Yes,No,No,No
251490,#N/A,Rainbow Conservation Camp,WDR,i,COMMUNITY,FALSE,Yes,No,Yes,No
251507,#N/A,Rainbow Truck Weigh & Inspection Facility,WDR,DU,COMMUNITY,FALSE,Yes,No,No,No
251548,#N/A,Ralph W Chapman WRF,WDR,i,COMMUNITY,FALSE,Yes,No,Yes,No
251577,#N/A,Ramona Canyon RV Resort dba Ramona Oaks RV Resort,WDR,RV,TRANSIENT,FALSE,Yes,No,Yes,No
251605,#N/A,Rancheria RV Park,WDR,RV,TRANSIENT,FALSE,Yes,No,Yes,No
259152,#N/A,Rancho Caballero WWTP,WDR,i,COMMUNITY,FALSE,Yes,No,Yes,No
246333,#N/A,Rancho California RV Resorts,WDR,RV,TRANSIENT,FALSE,Yes,No,Yes,No
773960,#N/A,Rancho Cielo Youth Campus,WDR,NR,n/a,FALSE,Yes,No,No,No
251631,#N/A,Rancho Colina MH Estates STP,WDR,i,COMMUNITY,FALSE,Yes,No,Yes,No
251635,#N/A,Rancho Corrido RV Park,WDR,RV,TRANSIENT,FALSE,Yes,No,Yes,No
251653,#N/A,Rancho Del Campo WPCF OWTS,WDR,i,COMMUNITY,FALSE,Yes,No,Yes,No
251675,#N/A,Rancho Larios WWTP,WDR,i,COMMUNITY,FALSE,Yes,No,Yes,No
251695,#N/A,Rancho Murieta CSD WWT & Rec,WDR,i,COMMUNITY,FALSE,Yes,No,Yes,No
251701,#N/A,Rancho Paso MHP,WDR,i,COMMUNITY,FALSE,Yes,No,Yes,No
251714,#N/A,Rancho Santa Fe San Dist Plant,WDR,i,COMMUNITY,FALSE,Yes,No,Yes,No
739749,#N/A,Rancho Seco Recreational Area WWTF,WDR,RE,TRANSIENT,FALSE,Yes,No,No,No
658051,#N/A,Rare Earth Estates Subdivision,WDR,i,COMMUNITY,FALSE,Yes,No,Yes,No
264524,#N/A,Ratna Ling Retreat Center,WDR,NR,n/a,FALSE,Yes,No,No,No
251805,#N/A,Rawhide Mobile Home Park WWTF,WDR,i,COMMUNITY,FALSE,Yes,No,Yes,No
252104,#N/A,Red Bluff Northbound Rest Stop,WDR,DU,COMMUNITY,FALSE,Yes,No,No,No
252114,#N/A,Red Bluff RV Park,WDR,RV,TRANSIENT,FALSE,Yes,No,Yes,No
252116,#N/A,Red Bluff Southbound Rest Stop,WDR,DU,COMMUNITY,FALSE,Yes,No,No,No
259148,#N/A,Redlands WWRF,WDR,i,COMMUNITY,FALSE,Yes,No,Yes,No
223017,#N/A,Redwood Coast Cabins and RV Resort,WDR,RE,TRANSIENT,FALSE,Yes,No,No,No
252612,#N/A,Redwood Family Camp,WDR,RE,TRANSIENT,FALSE,Yes,No,No,No
252254,#N/A,Redwood Park STP,WDR,i,COMMUNITY,FALSE,Yes,No,Yes,No
273131,#N/A,Reedley WWTF,WDR,i,COMMUNITY,FALSE,Yes,No,Yes,No
252318,#N/A,Regular Baptist Camp,WDR,RE,TRANSIENT,FALSE,Yes,No,No,No
862791,#N/A,Reiter Berry Farms-Employee Housing,WDR,i,COMMUNITY,FALSE,Yes,No,Yes,No
657017,#N/A,Residence at 3565 Mandeville Canyon Rd,WDR,PR,COMMUNITY,FALSE,Yes,No,No,No
638478,#N/A,Residence at 3685 Mandeville Canyon Rd,WDR,PR,COMMUNITY,FALSE,Yes,No,No,No
657010,#N/A,Residence at 3715 Mandeville Canyon Rd,WDR,PR,COMMUNITY,FALSE,Yes,No,No,No
638561,#N/A,Residence of Craig Bailey,WDR,PR,COMMUNITY,FALSE,Yes,No,No,No
778917,#N/A,Residence of Ken & Jo-Anne Gerry,WDR,PR,COMMUNITY,FALSE,Yes,No,No,No
252613,#N/A,Richardson Springs CSD,WDR,i,COMMUNITY,FALSE,Yes,No,Yes,No
273184,#N/A,Richgrove WWTF,WDR,i,COMMUNITY,FALSE,Yes,No,Yes,No
252660,#N/A,Richvale Wastewater Treatment Facility,WDR,i,COMMUNITY,FALSE,Yes,No,Yes,No
252695,#N/A,Ridgecrest WTF,WDR,i,COMMUNITY,FALSE,Yes,No,Yes,No
252700,#N/A,Ridgemark Estates WWTP,WDR,i,COMMUNITY,FALSE,Yes,No,Yes,No
252736,#N/A,Rio Bend RV,WDR,RV,TRANSIENT,FALSE,Yes,No,Yes,No
252737,#N/A,Rio Bend RV & Golf Resort,WDR,RV,TRANSIENT,FALSE,Yes,No,Yes,No
252748,#N/A,Rio DEL Sol RV Haven 97-500101,WDR,RV,TRANSIENT,FALSE,Yes,No,Yes,No
252757,#N/A,Rio Lindo Adventist Academy,WDR,i,COMMUNITY,FALSE,Yes,No,Yes,No
252762,#N/A,Rio Ramaza WW Disposal Ponds,WDR,i,COMMUNITY,FALSE,Yes,No,Yes,No
252768,#N/A,Rio Vista Mobile Estates,WDR,i,COMMUNITY,FALSE,Yes,No,Yes,No
252780,#N/A,Ripley WTP 03-012,WDR,i,COMMUNITY,FALSE,Yes,No,Yes,No
252782,#N/A,Ripon Industrial & Domestic TP,WDR,i,COMMUNITY,FALSE,Yes,No,Yes,No
252813,#N/A,River City WWTF,WDR,NR,n/a,FALSE,Yes,No,No,No
254304,#N/A,River Community STP,WDR,i,COMMUNITY,FALSE,Yes,No,Yes,No
273152,#N/A,River Island East WWTF,WDR,i,COMMUNITY,FALSE,Yes,No,Yes,No
252820,#N/A,River Lodge Resort,WDR,RE,TRANSIENT,FALSE,Yes,No,No,No
252827,#N/A,River Pines WWTP,WDR,i,COMMUNITY,FALSE,Yes,No,Yes,No
252838,#N/A,River Reflections RV Park,WDR,RV,TRANSIENT,FALSE,Yes,No,Yes,No
727137,#N/A,River's Edge RV Park,WDR,RV,TRANSIENT,FALSE,Yes,No,Yes,No
252871,#N/A,Riverbank WWTP,WDR,i,COMMUNITY,FALSE,Yes,No,Yes,No
257951,#N/A,Riverbend Mobile Home Park,WDR,i,COMMUNITY,FALSE,Yes,No,Yes,No
839233,#N/A,Riverdale Mobile Home Park,WDR,i,COMMUNITY,FALSE,Yes,No,Yes,No
273185,#N/A,Riverdale WWTF,WDR,i,COMMUNITY,FALSE,Yes,No,Yes,No
656349,#N/A,Riverland RV Resort Wastewater Treatment Facility,WDR,i,COMMUNITY,FALSE,Yes,No,Yes,No
807214,#N/A,Riverstone WWTF,WDR,i,COMMUNITY,FALSE,Yes,No,Yes,No
780906,#N/A,Riverwoods Mobile Home Park (Gasquet Mobile Home Park),WDR,i,COMMUNITY,FALSE,Yes,No,Yes,No
253121,#N/A,Rock Creek Area WTP,WDR,Federal: Recreational,COMMUNITY,TRUE,Yes,No,No,No
253241,#N/A,Rolling Green Terrace WTF,WDR,i,COMMUNITY,FALSE,Yes,No,Yes,No
253256,#N/A,Rollins Reservoir Rec Areas,WDR,RE,TRANSIENT,FALSE,Yes,No,No,No
253264,#N/A,Romero Overlook,WDR,RE,TRANSIENT,FALSE,Yes,No,No,No
800687,#N/A,Ron Radziner Residence,WDR,PR,COMMUNITY,FALSE,Yes,No,No,No
253293,#N/A,Rosamond WTF (Ponds),WDR,i,COMMUNITY,FALSE,Yes,No,Yes,No
852291,#N/A,Rosedale Village Mobile Home Park OWTS,WDR,i,COMMUNITY,FALSE,Yes,No,Yes,No
253412,#N/A,Rovana Housing Package STP,WDR,i,COMMUNITY,FALSE,Yes,No,Yes,No
259160,#N/A,Running Springs WWTP,WDR,i,COMMUNITY,FALSE,Yes,No,Yes,No
255349,#N/A,SAN JUAN OAKS GOLF CLUB Onsite WW Treatment System,WDR,NR,n/a,FALSE,Yes,No,No,No
255657,#N/A,SANTA MARGARITA ELEMENTARY Onsite WW Treatment System,WDR,i,COMMUNITY,FALSE,Yes,No,Yes,No
255739,#N/A,SANTA YNEZ PRESBYTERIAN CHURCH Onsite WW Treatment System,WDR,NR,n/a,FALSE,Yes,No,No,No
759028,#N/A,SCICON WWTF,WDR,i,COMMUNITY,FALSE,Yes,No,Yes,No
747480,#N/A,SCLA Central WWTP-Victorville Water Dist,WDR,i,COMMUNITY,FALSE,Yes,No,Yes,No
219671,#N/A,SCSD Desert Shores WWTP,WDR,i,COMMUNITY,FALSE,Yes,No,Yes,No
647900,#N/A,SCSD Thomas R. Cannell WWTP,WDR,i,COMMUNITY,FALSE,Yes,No,Yes,No
256045,#N/A,SCWA Airport WRF (Airport-Larkfield-Wikiup),WDR,i,COMMUNITY,FALSE,Yes,No,Yes,No
256049,#N/A,SCWA Geyserville CSD,WDR,i,COMMUNITY,FALSE,Yes,No,Yes,No
256057,#N/A,SCWA Oceanic Properties Sea Ranch Central Plant,WDR,i,COMMUNITY,FALSE,Yes,No,Yes,No
273187,#N/A,SKF CSD WWTF,WDR,i,COMMUNITY,FALSE,Yes,No,Yes,No
257519,#N/A,SMWD-Nichols Reseach Inst WRF,WDR,i,COMMUNITY,FALSE,Yes,No,Yes,No
259163,#N/A,STP 10 & 11,WDR,Federal: Residential or mixed,COMMUNITY,TRUE,Yes,No,Yes,No
259230,#N/A,STPUD Wastewater Treatment Plant,WDR,i,COMMUNITY,FALSE,Yes,No,Yes,No
739902,#N/A,SYSCO Food Services of Sacramento,WDR,NR,n/a,FALSE,Yes,No,No,No
254987,#N/A,Sacramento River RV Park,WDR,RV,TRANSIENT,FALSE,Yes,No,Yes,No
829714,#N/A,Sage Estates,WDR,i,COMMUNITY,FALSE,Yes,No,Yes,No
255071,#N/A,Salamander Mobile Park 95-019,WDR,i,COMMUNITY,FALSE,Yes,No,Yes,No
255081,#N/A,Salida WWTP,WDR,i,COMMUNITY,FALSE,Yes,No,Yes,No
255110,#N/A,Salt Creek Conservation Camp,WDR,i,COMMUNITY,FALSE,Yes,No,Yes,No
255125,#N/A,Salton Sea REC-HDQS Campground,WDR,RE,TRANSIENT,FALSE,Yes,No,No,No
255126,#N/A,Salton Sea REC-Mecca Beach,WDR,RE,TRANSIENT,FALSE,Yes,No,No,No
255172,#N/A,Samuel P Taylor St Pk WWTP,WDR,RE,TRANSIENT,FALSE,Yes,No,No,No
255190,#N/A,San Ardo Wastewater Treatment Plant,WDR,i,COMMUNITY,FALSE,Yes,No,Yes,No
255192,#N/A,San Benito Elementary School,WDR,i,COMMUNITY,FALSE,Yes,No,Yes,No
255265,#N/A,San Elijo Water Campus,WDR,i,COMMUNITY,FALSE,Yes,No,Yes,No
259193,#N/A,San Jacinto Valley RWRF,WDR,i,COMMUNITY,FALSE,Yes,No,Yes,No
255306,#N/A,San Jerardo WWTP,WDR,i,COMMUNITY,FALSE,Yes,No,Yes,No
273132,#N/A,San Joaquin WWTF,WDR,i,COMMUNITY,FALSE,Yes,No,Yes,No
214660,#N/A,San Jose City Family Camp,WDR,RE,TRANSIENT,FALSE,Yes,No,No,No
255371,#N/A,San Lorenzo Valley HS,WDR,i,COMMUNITY,FALSE,Yes,No,Yes,No
255372,#N/A,San Lucas WWTF,WDR,i,COMMUNITY,FALSE,Yes,No,Yes,No
260176,#N/A,San Luis Hills WWTF,WDR,i,COMMUNITY,FALSE,Yes,No,Yes,No
271808,#N/A,San Luis Obispo Water Reclamation Facility,WDR,i,COMMUNITY,FALSE,Yes,No,Yes,No
255383,#N/A,San Luis Rec Area/Basalt Camp,WDR,RE,TRANSIENT,FALSE,Yes,No,No,No
255386,#N/A,San Luis Rey Water Reclamation Facility - Recycled Water and Pure Water,WDR,i,COMMUNITY,FALSE,Yes,No,Yes,No
255396,#N/A,San Luis State REC Area,WDR,RE,TRANSIENT,FALSE,Yes,No,No,No
255417,#N/A,San Mateo Co Honor Camp WWTP,WDR,i,COMMUNITY,FALSE,Yes,No,Yes,No
240289,#N/A,San Mateo Memorial Park WWTP,WDR,PR,COMMUNITY,FALSE,Yes,No,No,No
255430,#N/A,San Miguel SD WWTP,WDR,i,COMMUNITY,FALSE,Yes,No,Yes,No
272525,#N/A,San Miguelito Wild Cherry Canyon,WDR,i,COMMUNITY,FALSE,Yes,No,Yes,No
255447,#N/A,San Pasqual WRF,WDR,i,COMMUNITY,FALSE,Yes,No,Yes,No
255468,#N/A,San Vicente Wastewater Treatment Plant,WDR,i,COMMUNITY,FALSE,Yes,No,Yes,No
769664,#N/A,San Ysidro Land Port of Entry - AppRecyclWW,WDR,Federal: Non-residential,COMMUNITY,TRUE,Yes,No,No,No
255508,#N/A,Sand Dollar Beach Onsite WW Treatment System,WDR,DU,COMMUNITY,FALSE,Yes,No,No,No
255531,#N/A,Sands RV & Golf Resort,WDR,RV,TRANSIENT,FALSE,Yes,No,Yes,No
255535,#N/A,Sandy Mush WWTF,WDR,i,COMMUNITY,FALSE,Yes,No,Yes,No
232428,#N/A,Sanger Industrial WWTF,WDR,NR,n/a,FALSE,Yes,No,No,No
273133,#N/A,Sanger WWTF,WDR,i,COMMUNITY,FALSE,Yes,No,Yes,No
255621,#N/A,Santa Cruz Co Medium Security,WDR,i,COMMUNITY,FALSE,Yes,No,Yes,No
255649,#N/A,Santa Fe Valley WTP,WDR,i,COMMUNITY,FALSE,Yes,No,Yes,No
255653,#N/A,Santa Lucia WW Recycling Facility (Prod/User),WDR,i,COMMUNITY,FALSE,Yes,No,Yes,No
255658,#N/A,Santa Margarita Lake Campground,WDR,RE,TRANSIENT,FALSE,Yes,No,No,No
255679,#N/A,Santa Maria WWTP,WDR,i,COMMUNITY,FALSE,Yes,No,Yes,No
273186,#N/A,Santa Nella WWTF,WDR,i,COMMUNITY,FALSE,Yes,No,Yes,No
650554,#N/A,Santa Paula WRF,WDR,i,COMMUNITY,FALSE,Yes,No,Yes,No
255697,#N/A,Santa Rosa City Oakmont Plant,WDR,i,COMMUNITY,FALSE,Yes,No,Yes,No
255735,#N/A,Santa Rosa WRF-Recycled WTR,WDR,i,COMMUNITY,FALSE,Yes,No,Yes,No
260475,#N/A,Saticoy Country Club,WDR,NR,n/a,FALSE,Yes,No,No,No
256005,#N/A,Scotts Flat Reservoir Rec Area,WDR,RE,TRANSIENT,FALSE,Yes,No,No,No
256012,#N/A,Scotts Valley WWTF Producer,WDR,i,COMMUNITY,FALSE,Yes,No,Yes,No
256218,#N/A,Seeno Duck Club WWTP Evap Pond,WDR,NR,n/a,FALSE,Yes,No,No,No
256220,#N/A,Seghesio Farm Worker Housing,WDR,i,COMMUNITY,FALSE,Yes,No,Yes,No
256283,#N/A,Senator Wash REC Area 02-007,WDR,Federal: Recreational,COMMUNITY,TRUE,Yes,No,No,No
256307,#N/A,Sequoia Dawn Apartments WWTF,WDR,i,COMMUNITY,FALSE,Yes,No,Yes,No
256309,#N/A,Sequoia Field WWTF,WDR,i,COMMUNITY,FALSE,Yes,No,Yes,No
256316,#N/A,Sequoia Woods/Mountain Retreat WWTF,WDR,i,COMMUNITY,FALSE,Yes,No,Yes,No
241865,#N/A,Sequoia and Kings Canyon Multiple Leachfields,WDR,Federal: Recreational,COMMUNITY,TRUE,Yes,No,No,No
260763,#N/A,Serra Retreat Center,WDR,NR,n/a,FALSE,Yes,No,No,No
256530,#N/A,Shadow Hills RV Resort,WDR,RV,TRANSIENT,FALSE,Yes,No,Yes,No
256531,#N/A,Shadow Lake Mobile Home Park LLC/WWTP,WDR,i,COMMUNITY,FALSE,Yes,No,Yes,No
256537,#N/A,Shadowridge WRP,WDR,i,COMMUNITY,FALSE,Yes,No,Yes,No
256543,#N/A,Shady Glen Mobile Home Park,WDR,i,COMMUNITY,FALSE,Yes,No,Yes,No
256545,#N/A,Shady Lakes MHP,WDR,i,COMMUNITY,FALSE,Yes,No,Yes,No
729031,#N/A,Shandon Roadside Rest Area,WDR,DU,COMMUNITY,FALSE,Yes,No,No,No
864895,#N/A,Sharon Heights Recycled Water Facility,WDR,i,COMMUNITY,FALSE,Yes,No,Yes,No
256606,#N/A,Shasta College Sewage Disposal Pond,WDR,i,COMMUNITY,FALSE,Yes,No,Yes,No
724329,#N/A,Shepherd of the Hills Hillcrest Christian Church,WDR,NR,n/a,FALSE,Yes,No,No,No
273153,#N/A,Sherwood MHP WWTF,WDR,i,COMMUNITY,FALSE,Yes,No,Yes,No
256893,#N/A,Sierra Army Depot Sewage Treatment Plant,WDR,Federal: Residential or mixed,COMMUNITY,TRUE,Yes,No,Yes,No
256920,#N/A,Sierra Conservation CTR-WWTP-1 (NON15),WDR,i,COMMUNITY,FALSE,Yes,No,Yes,No
273188,#N/A,Sierra High School WWTF,WDR,i,COMMUNITY,FALSE,Yes,No,Yes,No
256972,#N/A,Sierra Ridge WWTP,WDR,i,COMMUNITY,FALSE,Yes,No,Yes,No
273154,#N/A,Sierra Shadows WWTF,WDR,i,COMMUNITY,FALSE,Yes,No,Yes,No
218150,#N/A,Sierra View Center,WDR,NR,n/a,FALSE,Yes,No,No,No
259212,#N/A,Silent Valley RV Park WWTP,WDR,RV,TRANSIENT,FALSE,Yes,No,Yes,No
257103,#N/A,Silver Lake Family Camp,WDR,RE,TRANSIENT,FALSE,Yes,No,No,No
816488,#N/A,Silver Oak Cellars - Highway 128 Alexander Valley (Domestic Waste),WDR,NR,n/a,FALSE,Yes,No,No,No
257342,#N/A,Skinner Lake Recreation Area,WDR,RE,TRANSIENT,FALSE,Yes,No,No,No
257360,#N/A,Sky Valley Parks 97-50011,WDR,RE,TRANSIENT,FALSE,Yes,No,No,No
257379,#N/A,Skyline Ranch Country Club,WDR,i,COMMUNITY,FALSE,Yes,No,Yes,No
257387,#N/A,Skyview Terrace MHP,WDR,i,COMMUNITY,FALSE,Yes,No,Yes,No
257388,#N/A,Skywalker Ranch WWTPs,WDR,NR,n/a,FALSE,Yes,No,No,No
814481,#N/A,Smoke Tree Villas,WDR,i,COMMUNITY,FALSE,Yes,No,Yes,No
273189,#N/A,Snelling WWTF,WDR,i,COMMUNITY,FALSE,Yes,No,Yes,No
243821,#N/A,Snowflower RV Resort,WDR,RV,TRANSIENT,FALSE,Yes,No,Yes,No
256483,#N/A,Soledad Wastewater Treatment Plant,WDR,i,COMMUNITY,FALSE,Yes,No,Yes,No
257687,#N/A,Solvang WWTP,WDR,i,COMMUNITY,FALSE,Yes,No,Yes,No
255836,#N/A,"Sonoma Co Service Area 41, Zone 2, Sea Ranch Onsite Wastewater Management Zone",WDR,i,COMMUNITY,FALSE,Yes,No,Yes,No
256154,#N/A,Sonoma Raceway WWTP Ponds & Recycled Water,WDR,NR,n/a,FALSE,Yes,No,No,No
766948,#N/A,"Sonoma-Cutrer Vineyards, Inc. Domestic Waste",WDR,NR,n/a,FALSE,Yes,No,No,No
253236,#N/A,Sonora Estates Manufactured Housing Community,WDR,i,COMMUNITY,FALSE,Yes,No,Yes,No
257763,#N/A,Sonora Regional WWTF,WDR,i,COMMUNITY,FALSE,Yes,No,Yes,No
826481,#N/A,South Entrance Wastewater Facility,WDR,Federal: Non-residential,COMMUNITY,TRUE,Yes,No,No,No
257927,#N/A,Southeast Regional WW System,WDR,i,COMMUNITY,FALSE,Yes,No,Yes,No
258004,#N/A,Southworth Ranch Estates WWTF,WDR,i,COMMUNITY,FALSE,Yes,No,Yes,No
638757,#N/A,Spalding Tract Sewer System,WDR,i,COMMUNITY,FALSE,Yes,No,Yes,No
258043,#N/A,Spanish Flat WWT & Disposal Facility,WDR,i,COMMUNITY,FALSE,Yes,No,Yes,No
258159,#N/A,Spirit Rock Meditation Center WWTP,WDR,NR,n/a,FALSE,Yes,No,No,No
258186,#N/A,Spreckels Wastewater Treatment Plant,WDR,i,COMMUNITY,FALSE,Yes,No,Yes,No
258207,#N/A,Spring Valley School,WDR,i,COMMUNITY,FALSE,Yes,No,Yes,No
273190,#N/A,Springville WWTF,WDR,i,COMMUNITY,FALSE,Yes,No,Yes,No
258348,#N/A,St Anthony Trailer Pk,WDR,RV,TRANSIENT,FALSE,Yes,No,Yes,No
271772,#N/A,St Helena Hospital WWTP,WDR,i,COMMUNITY,FALSE,Yes,No,Yes,No
258414,#N/A,Stagecoach Trail RV 97-50031,WDR,RV,TRANSIENT,FALSE,Yes,No,Yes,No
642587,#N/A,Steckel County Park,WDR,RE,TRANSIENT,FALSE,Yes,No,No,No
258683,#N/A,"Stinson Beach- OWTS in Stinson Beach, Marin County",WDR,i,COMMUNITY,FALSE,Yes,No,Yes,No
872049,#N/A,Stockton Verde Mobile Home Park WWTF,WDR,i,COMMUNITY,FALSE,Yes,No,Yes,No
258743,#N/A,Stoco WWTF,WDR,RT,TRANSIENT,FALSE,Yes,No,Yes,No
258777,#N/A,Stonehurst SD-6 WWTP,WDR,i,COMMUNITY,FALSE,Yes,No,Yes,No
258792,#N/A,Stones-Bengard Sewage Treatment Ponds,WDR,i,COMMUNITY,FALSE,Yes,No,Yes,No
259143,#N/A,Stovepipe Wells Village,WDR,Federal: Residential/transient,TRANSIENT,TRUE,Yes,No,Yes,No
273135,#N/A,Stratford WWTF,WDR,i,COMMUNITY,FALSE,Yes,No,Yes,No
273192,#N/A,Strathmore  WWTF,WDR,i,COMMUNITY,FALSE,Yes,No,Yes,No
259265,#N/A,Streeter Residence,WDR,PR,COMMUNITY,FALSE,Yes,No,No,No
259325,#N/A,Success Reservoir Campground,WDR,Federal: Recreational,COMMUNITY,TRUE,Yes,No,No,No
259335,#N/A,Sugar Pine Conservation Camp,WDR,i,COMMUNITY,FALSE,Yes,No,Yes,No
259336,#N/A,Sugar Pine OWTS,WDR,i,COMMUNITY,FALSE,Yes,No,Yes,No
259223,#N/A,Sun City RWRF,WDR,i,COMMUNITY,FALSE,Yes,No,Yes,No
214575,#N/A,Sun NG Cisco Grove RV LLC,WDR,RV,TRANSIENT,FALSE,Yes,No,Yes,No
870558,#N/A,Suncrest Country Club,WDR,NR,n/a,FALSE,Yes,No,No,No
819961,#N/A,Sundance RV Resort LLC,WDR,i,COMMUNITY,FALSE,Yes,No,Yes,No
259529,#N/A,Sunrise Hwy RV Park,WDR,RV,TRANSIENT,FALSE,Yes,No,Yes,No
259588,#N/A,Sunshine Resort 97-50099,WDR,RE,TRANSIENT,FALSE,Yes,No,No,No
634671,#N/A,Sunwest Apartments,WDR,i,COMMUNITY,FALSE,Yes,No,Yes,No
232170,#N/A,Super Store Industries Stockton,WDR,NR,n/a,FALSE,Yes,No,No,No
242174,#N/A,Surfrider (septic tank),WDR,RT,TRANSIENT,FALSE,Yes,No,Yes,No
259717,#N/A,Sutter Creek WWTP,WDR,i,COMMUNITY,FALSE,Yes,No,Yes,No
262995,#N/A,TCWD - Crystal Canyon WRP (Formerly Goren WWTP),WDR,i,COMMUNITY,FALSE,Yes,No,Yes,No
262996,#N/A,TCWD Robinson Ranch WRF,WDR,i,COMMUNITY,FALSE,Yes,No,Yes,No
268725,#N/A,TT48818,WDR,i,COMMUNITY,FALSE,Yes,No,Yes,No
262797,#N/A,Taft Federal Prison WWTF,WDR,i,COMMUNITY,FALSE,Yes,No,Yes,No
214665,#N/A,Taft WWTF,WDR,i,COMMUNITY,FALSE,Yes,No,Yes,No
262840,#N/A,Tahoe Truckee Sanitation Agency,WDR,i,COMMUNITY,FALSE,Yes,No,Yes,No
868911,#N/A,Tajiguas Resource Recovery Project - Materials Recycling Facility & ADF,WDR,NR,n/a,FALSE,Yes,No,No,No
262914,#N/A,Tanwood Manufactuing Housing Community,WDR,i,COMMUNITY,FALSE,Yes,No,Yes,No
642582,#N/A,Tapo Canyon County Park,WDR,RE,TRANSIENT,FALSE,Yes,No,No,No
262987,#N/A,Taylorsville STP,WDR,i,COMMUNITY,FALSE,Yes,No,Yes,No
821955,#N/A,Teen Challenge of Southern California,WDR,i,COMMUNITY,FALSE,Yes,No,Yes,No
263072,#N/A,Tehachapi Correctional Inst WWTF,WDR,i,COMMUNITY,FALSE,Yes,No,Yes,No
273136,#N/A,Tehachapi WWTF,WDR,i,COMMUNITY,FALSE,Yes,No,Yes,No
263080,#N/A,Tehama-Colusa Canal Facility Sewage,WDR,Federal: Non-residential,COMMUNITY,TRUE,Yes,No,No,No
263091,#N/A,Tejon Headquarters WWTF,WDR,NR,n/a,FALSE,Yes,No,No,No
740731,#N/A,Tejon Industrial Complex East WWTF,WDR,RT,TRANSIENT,FALSE,Yes,No,Yes,No
273156,#N/A,Tejon Industrial Complex West WWTF,WDR,RT,TRANSIENT,FALSE,Yes,No,Yes,No
739154,#N/A,Tejon Mountain Village,WDR,i,COMMUNITY,FALSE,Yes,No,Yes,No
263090,#N/A,Tejon Ranch - Grapevine,WDR,NR,n/a,FALSE,Yes,No,No,No
263143,#N/A,Temecula Truck Inspection Facility,WDR,DU,COMMUNITY,FALSE,Yes,No,No,No
263145,#N/A,Temecula Valley RWRF,WDR,i,COMMUNITY,FALSE,Yes,No,Yes,No
263168,#N/A,Tenaya Lodge Wastewater Treatment Plant,WDR,RT,TRANSIENT,FALSE,Yes,No,Yes,No
263172,#N/A,Tennant CSD ST/LF,WDR,i,COMMUNITY,FALSE,Yes,No,Yes,No
273193,#N/A,Terra Bella WWTF,WDR,i,COMMUNITY,FALSE,Yes,No,Yes,No
817457,#N/A,Tesoro Viejo Wastewater Treatment Plant,WDR,i,COMMUNITY,FALSE,Yes,No,Yes,No
267210,#N/A,The Audubon Nature Center,WDR,NR,n/a,FALSE,Yes,No,No,No
267271,#N/A,The Enclave in Malibu,WDR,NR,n/a,FALSE,Yes,No,No,No
718887,#N/A,The Farmhouse Inn,WDR,RT,TRANSIENT,FALSE,Yes,No,Yes,No
263437,#N/A,The Inn at Pasatiempo,WDR,RT,TRANSIENT,FALSE,Yes,No,Yes,No
267340,#N/A,The Master's University,WDR,i,COMMUNITY,FALSE,Yes,No,Yes,No
263469,#N/A,The Oaks Commun Assoc-WWTF,WDR,i,COMMUNITY,FALSE,Yes,No,Yes,No
231227,#N/A,The Ojai Foundation,WDR,i,COMMUNITY,FALSE,Yes,No,Yes,No
267384,#N/A,The Pointe at Malibu,WDR,i,COMMUNITY,FALSE,Yes,No,Yes,No
244531,#N/A,The Preserve at Millerton Lake,WDR,i,COMMUNITY,FALSE,Yes,No,Yes,No
214771,#N/A,The Ranch Subdivision,WDR,i,COMMUNITY,FALSE,Yes,No,Yes,No
753984,#N/A,The Ranch at Live Oak,WDR,PR,COMMUNITY,FALSE,Yes,No,No,No
267429,#N/A,The Thacher School Wastewater Treatment Plant,WDR,i,COMMUNITY,FALSE,Yes,No,Yes,No
270563,#N/A,The Villas at Butte Creek WWTP,WDR,i,COMMUNITY,FALSE,Yes,No,Yes,No
260412,#N/A,Thomas Aquinas College,WDR,i,COMMUNITY,FALSE,Yes,No,Yes,No
263621,#N/A,Thornton Farm Labor Camp,WDR,i,COMMUNITY,FALSE,Yes,No,Yes,No
259219,#N/A,Thousand Trails RV Park - Idyllwild,WDR,RV,TRANSIENT,FALSE,Yes,No,Yes,No
776356,#N/A,Thousand Trails RV Resort and Campground - San Benito,WDR,RE,TRANSIENT,FALSE,Yes,No,No,No
243820,#N/A,Thousand Trails Russian River Park,WDR,RV,TRANSIENT,FALSE,Yes,No,Yes,No
273194,#N/A,Tipton WWTF,WDR,i,COMMUNITY,FALSE,Yes,No,Yes,No
267585,#N/A,Tivoli Cove WWTP,WDR,i,COMMUNITY,FALSE,Yes,No,Yes,No
267596,#N/A,Todd Road Jail WWTP,WDR,i,COMMUNITY,FALSE,Yes,No,Yes,No
251606,#N/A,Tolowa Dee-ni' Nation (Smith River Rancheria Leachfield Project),WDR,RT,TRANSIENT,FALSE,Yes,No,Yes,No
264662,#N/A,Tomales Village WWTP,WDR,i,COMMUNITY,FALSE,Yes,No,Yes,No
264740,#N/A,Tooleville WWTF,WDR,i,COMMUNITY,FALSE,Yes,No,Yes,No
890343,#N/A,Top Dog Car Wash Express 97-500,WDR,NR,n/a,FALSE,Yes,No,No,No
267637,#N/A,Top O'Topanga Community Association WWTP,WDR,i,COMMUNITY,FALSE,Yes,No,Yes,No
754470,#N/A,Topanga Library,WDR,DU,COMMUNITY,FALSE,Yes,No,No,No
264856,#N/A,Toyon Middle School,WDR,i,COMMUNITY,FALSE,Yes,No,Yes,No
268050,#N/A,Tract 46647,WDR,PR,COMMUNITY,FALSE,Yes,No,No,No
266244,#N/A,Trails End Mobile Manor,WDR,i,COMMUNITY,FALSE,Yes,No,Yes,No
268548,#N/A,Trancas WPCP,WDR,i,COMMUNITY,FALSE,Yes,No,Yes,No
273195,#N/A,Tranquillity WWTF,WDR,i,COMMUNITY,FALSE,Yes,No,Yes,No
266310,#N/A,Traver WWTF,WDR,i,COMMUNITY,FALSE,Yes,No,Yes,No
266350,#N/A,Tres Pinos WWTP,WDR,i,COMMUNITY,FALSE,Yes,No,Yes,No
266353,#N/A,Trestle Beach Onsite WW Treatment System,WDR,DU,COMMUNITY,FALSE,Yes,No,No,No
268657,#N/A,Trical Inc. Office Bldg.,WDR,NR,n/a,FALSE,Yes,No,No,No
707474,#N/A,Trimmer Recreation Area - Pine Flat Lake,WDR,Federal: Recreational,COMMUNITY,TRUE,Yes,No,No,No
726653,#N/A,Trinidad Extended Stay RV (Midway RV Park),WDR,RV,TRANSIENT,FALSE,Yes,No,Yes,No
229873,#N/A,Trinity County Waterworks District #1 Hayfork WWTP,WDR,i,COMMUNITY,FALSE,Yes,No,Yes,No
266460,#N/A,Trinity Dam Mobile Home Park,WDR,i,COMMUNITY,FALSE,Yes,No,Yes,No
246382,#N/A,Trinity Presbyterian Church OWTS,WDR,NR,n/a,FALSE,Yes,No,No,No
266519,#N/A,Trona & Pioneer Point WTF,WDR,i,COMMUNITY,FALSE,Yes,No,Yes,No
266668,#N/A,Tucalota Springs RV Park,WDR,RV,TRANSIENT,FALSE,Yes,No,Yes,No
266694,#N/A,Tulelake City WWTP,WDR,i,COMMUNITY,FALSE,Yes,No,Yes,No
266720,#N/A,Tuolumne City WWTP,WDR,i,COMMUNITY,FALSE,Yes,No,Yes,No
274504,#N/A,Tuolumne Meadows Wastewater Treatment Facility,WDR,Federal: Recreational,COMMUNITY,TRUE,Yes,No,No,No
634668,#N/A,Turtle Rock 29 HOA,WDR,i,COMMUNITY,FALSE,Yes,No,Yes,No
266759,#N/A,Turtle Rock Park Campgroud,WDR,RE,TRANSIENT,FALSE,Yes,No,No,No
857302,#N/A,Tuscan Ridge Base Camp WWTF,WDR,i,COMMUNITY,FALSE,Yes,No,Yes,No
266792,#N/A,Tuttletown Recreation Area,WDR,Federal: Recreational,COMMUNITY,TRUE,Yes,No,No,No
266795,#N/A,Twain Harte WWTP,WDR,i,COMMUNITY,FALSE,Yes,No,Yes,No
257648,#N/A,Twin Creek Condominiums (Solano Co) WWTP,WDR,i,COMMUNITY,FALSE,Yes,No,Yes,No
268842,#N/A,"Two Harbors STP, Catalina Island",WDR,i,COMMUNITY,FALSE,Yes,No,Yes,No
266837,#N/A,Two Springs Resort 97-50035,WDR,RE,TRANSIENT,FALSE,Yes,No,No,No
268923,#N/A,"UC Davis, Bodega Marine Lab (WDR)",WDR,DU,COMMUNITY,FALSE,Yes,No,No,No
269543,#N/A,US Coast Guard TRACEN - Tomales,WDR,Federal: Residential or mixed,COMMUNITY,TRUE,Yes,No,Yes,No
256443,"9 000000863	",US Navy SEWAGE COLLECTION SYSTEM (Duplicates Place ID 645086),WDR,Federal: Collection System,COMMUNITY,TRUE,Yes,No,Yes,Yes
269534,#N/A,USACOE Lake Sonoma Waste System,WDR,Federal: Residential or mixed,COMMUNITY,TRUE,Yes,No,Yes,No
217147,#N/A,USC Marine Science Center,WDR,i,COMMUNITY,FALSE,Yes,No,Yes,No
269533,#N/A,USCOE Lake Mendocino-Recreation Area,WDR,Federal: Recreational,COMMUNITY,TRUE,Yes,No,No,No
269535,#N/A,USCOE Liberty Glen Campground,WDR,Federal: Recreational,COMMUNITY,TRUE,Yes,No,No,No
219738,#N/A,USDI NPD Devils Postpile Facilities,WDR,Federal: Recreational,COMMUNITY,TRUE,Yes,No,No,No
243921,#N/A,USDI Redwood NP Office Building Orick,WDR,Federal: Non-residential,COMMUNITY,TRUE,Yes,No,No,No
269584,#N/A,USFS Orleans Ranger Station STP,WDR,Federal: Non-residential,COMMUNITY,TRUE,Yes,No,No,No
269589,#N/A,USMC - Mainside WWTF,WDR,Federal: Residential or mixed,COMMUNITY,TRUE,Yes,No,Yes,No
631390,9SSO10710,"USMC Base, Camp Pendleton CS",WDR,Federal: Collection System,COMMUNITY,TRUE,Yes,No,Yes,Yes
631390,9SSO10710,"USMC Base, Camp Pendleton CS",WDR,Federal: Collection System,COMMUNITY,TRUE,Yes,No,Yes,Yes
638334,#N/A,USMC Camp Pendleton Southern Regional Tertiary Treatment Plant,WDR,Federal: Residential or mixed,COMMUNITY,TRUE,Yes,No,Yes,No
269591,#N/A,USMC-MWTC WWTC,WDR,Federal: Residential or mixed,COMMUNITY,TRUE,Yes,No,Yes,No
835506,#N/A,University of California Animal Health and Food Safety (CAHFS) Laboratory,WDR,DU,COMMUNITY,FALSE,Yes,No,No,No
269335,#N/A,Upper Sherman Tree OWTS,WDR,Federal: Recreational,COMMUNITY,TRUE,Yes,No,No,No
237194,#N/A,"V.A. Med Center, Livermore-WWTP",WDR,Federal: Hospital,TRANSIENT,TRUE,Yes,No,Yes,No
270528,#N/A,VILLAGE GREEN Onsite WW Treatment System,WDR,NR,n/a,FALSE,Yes,No,No,No
270578,#N/A,VINEYARD ELEMENTARY SCHOOL Onsite WW Treatment System,WDR,i,COMMUNITY,FALSE,Yes,No,Yes,No
761913,#N/A,VVWRA Sub-Regional Plant-Apple Valley,WDR,i,COMMUNITY,FALSE,Yes,No,Yes,No
761903,#N/A,VVWRA- Sub-Regional Plant-Hesperia,WDR,i,COMMUNITY,FALSE,Yes,No,Yes,No
269951,#N/A,Vagabond Village Mobile Home Park,WDR,i,COMMUNITY,FALSE,Yes,No,Yes,No
269953,#N/A,Vail Lake RV Resort,WDR,RV,TRANSIENT,FALSE,Yes,No,Yes,No
269983,#N/A,Vallecito Conservation Camp,WDR,i,COMMUNITY,FALSE,Yes,No,Yes,No
270074,#N/A,Valley Oaks Mobile Home Park,WDR,i,COMMUNITY,FALSE,Yes,No,Yes,No
270105,#N/A,Valley Springs SD WWTF,WDR,i,COMMUNITY,FALSE,Yes,No,Yes,No
270116,#N/A,Valley View Conservation Camp,WDR,i,COMMUNITY,FALSE,Yes,No,Yes,No
270123,#N/A,Valley View Trailer Park,WDR,i,COMMUNITY,FALSE,Yes,No,Yes,No
851487,#N/A,Valley Wells Rest Area,WDR,DU,COMMUNITY,FALSE,Yes,No,No,No
225733,#N/A,Ventura KOA,WDR,RE,TRANSIENT,FALSE,Yes,No,No,No
271111,#N/A,Veterans of Foreign Wars of the U.S.,WDR,NR,n/a,FALSE,Yes,No,No,No
270501,#N/A,Villa East Apts,WDR,i,COMMUNITY,FALSE,Yes,No,Yes,No
270508,#N/A,Villa Paseo Senior Residences,WDR,i,COMMUNITY,FALSE,Yes,No,Yes,No
773972,#N/A,Vines RV Resort (former Sun Vines),WDR,RV,TRANSIENT,FALSE,Yes,No,Yes,No
751990,#N/A,Vineyard RV Resort,WDR,i,COMMUNITY,FALSE,Yes,No,Yes,No
270618,#N/A,Vintners Inn,WDR,RT,TRANSIENT,FALSE,Yes,No,Yes,No
273138,#N/A,Visalia Water Reclamation Facility (WRF),WDR,i,COMMUNITY,FALSE,Yes,No,Yes,No
805193,#N/A,Vista Canyon Water Factory,WDR,i,COMMUNITY,FALSE,Yes,No,Yes,No
268023,#N/A,Vista Pacifica at Broad Beach,WDR,i,COMMUNITY,FALSE,Yes,No,Yes,No
272435,#N/A,WHITE OAKS PLAZA Onsite WW Treatment System,WDR,NR,n/a,FALSE,Yes,No,No,No
272434,#N/A,WHITE OAKS SUBDIVISION Onsite WW Treatment System,WDR,i,COMMUNITY,FALSE,Yes,No,Yes,No
259226,#N/A,Wagon Train Road Package Plant,WDR,NR,n/a,FALSE,Yes,No,No,No
271593,#N/A,Walker Creek Ranch WWTP,WDR,i,COMMUNITY,FALSE,Yes,No,Yes,No
271617,#N/A,Wallace Lake Estates WWTF,WDR,i,COMMUNITY,FALSE,Yes,No,Yes,No
271673,#N/A,"Walter's Camp, Inc.",WDR,RE,TRANSIENT,FALSE,Yes,No,No,No
719040,#N/A,Warlow SRRA WWTF,WDR,DU,COMMUNITY,FALSE,Yes,No,No,No
271721,#N/A,Warner Springs Mobile Estates,WDR,i,COMMUNITY,FALSE,Yes,No,Yes,No
271740,#N/A,Wasco State Prison WWTF,WDR,i,COMMUNITY,FALSE,Yes,No,Yes,No
273196,#N/A,Wasco WWTF,WDR,i,COMMUNITY,FALSE,Yes,No,Yes,No
271750,#N/A,Washington Ridge Cons. Camp,WDR,i,COMMUNITY,FALSE,Yes,No,Yes,No
271836,#N/A,Waterford WWTP,WDR,i,COMMUNITY,FALSE,Yes,No,Yes,No
271887,#N/A,Wawona WWTF,WDR,Federal: Residential/transient,TRANSIENT,TRUE,Yes,No,Yes,No
271915,#N/A,Weaverville SD WWTP,WDR,i,COMMUNITY,FALSE,Yes,No,Yes,No
271942,#N/A,Weed Shastina WWTP,WDR,i,COMMUNITY,FALSE,Yes,No,Yes,No
271945,#N/A,Weed WWTP,WDR,i,COMMUNITY,FALSE,Yes,No,Yes,No
271953,#N/A,Weimar Institute WWTP,WDR,i,COMMUNITY,FALSE,Yes,No,Yes,No
719032,#N/A,Wente Scout Reservation,WDR,NR,n/a,FALSE,Yes,No,No,No
272009,#N/A,Weott WWTP,WDR,i,COMMUNITY,FALSE,Yes,No,Yes,No
272099,#N/A,West Lane Mobile Home Park,WDR,i,COMMUNITY,FALSE,Yes,No,Yes,No
810716,#N/A,West Park Mobile Home Park,WDR,i,COMMUNITY,FALSE,Yes,No,Yes,No
272109,#N/A,West Point WWTF,WDR,i,COMMUNITY,FALSE,Yes,No,Yes,No
272138,#N/A,West Valley High School,WDR,i,COMMUNITY,FALSE,Yes,No,Yes,No
718781,#N/A,Western Hills Mobile Home Park,WDR,i,COMMUNITY,FALSE,Yes,No,Yes,No
259153,#N/A,Western Hills WWRF,WDR,NR,n/a,FALSE,Yes,No,No,No
259198,#N/A,Western Water Recycling Facility,WDR,i,COMMUNITY,FALSE,Yes,No,Yes,No
272279,#N/A,Westley Comm Sewage Trt Fac,WDR,i,COMMUNITY,FALSE,Yes,No,Yes,No
820261,#N/A,Westley Safety Roadside Rest Area,WDR,DU,COMMUNITY,FALSE,Yes,No,No,No
272298,#N/A,Westport CWD,WDR,i,COMMUNITY,FALSE,Yes,No,Yes,No
272344,#N/A,Westwood STP,WDR,i,COMMUNITY,FALSE,Yes,No,Yes,No
272348,#N/A,Wetherell Mobile Home Park (Gasquet MHP),WDR,i,COMMUNITY,FALSE,Yes,No,Yes,No
272410,#N/A,Whiskey Creek Recreation Area,WDR,Federal: Recreational,COMMUNITY,TRUE,Yes,No,No,No
272418,#N/A,Whispering Palms WPCF,WDR,i,COMMUNITY,FALSE,Yes,No,Yes,No
274505,#N/A,White Wolf Wastewater Treatment Facility,WDR,Federal: Residential/transient,TRANSIENT,TRUE,Yes,No,Yes,No
272456,#N/A,Whitehawk Ranch WWTP,WDR,i,COMMUNITY,FALSE,Yes,No,Yes,No
272480,#N/A,Whitmore Maintenance Station,WDR,DU,COMMUNITY,FALSE,Yes,No,No,No
272537,#N/A,Wild Wings Water Recycling Facility,WDR,i,COMMUNITY,FALSE,Yes,No,Yes,No
259218,#N/A,Wilderness Lakes WWTP,WDR,RE,TRANSIENT,FALSE,Yes,No,No,No
272563,#N/A,Wildwood Est Leachfield,WDR,i,COMMUNITY,FALSE,Yes,No,Yes,No
272565,#N/A,Wildwood MHP,WDR,i,COMMUNITY,FALSE,Yes,No,Yes,No
766558,#N/A,Willow Creek Apartments,WDR,i,COMMUNITY,FALSE,Yes,No,Yes,No
272688,#N/A,Willow Springs MHP,WDR,i,COMMUNITY,FALSE,Yes,No,Yes,No
272703,#N/A,Willows Roadside Rest,WDR,DU,COMMUNITY,FALSE,Yes,No,No,No
272716,#N/A,Wilseyville Wastewater Treatment Plant,WDR,i,COMMUNITY,FALSE,Yes,No,Yes,No
272758,#N/A,Windflower Point STP,WDR,i,COMMUNITY,FALSE,Yes,No,Yes,No
272763,#N/A,Windmill Resort 97-50072,WDR,RE,TRANSIENT,FALSE,Yes,No,No,No
272799,#N/A,Wine Country RV Resort,WDR,RV,TRANSIENT,FALSE,Yes,No,Yes,No
272837,#N/A,Winters WWTF,WDR,i,COMMUNITY,FALSE,Yes,No,Yes,No
272919,#N/A,Woodbridge SD-Sewage Treatment,WDR,i,COMMUNITY,FALSE,Yes,No,Yes,No
272935,#N/A,Woodcrest Elementary School,WDR,i,COMMUNITY,FALSE,Yes,No,Yes,No
272938,#N/A,Wooded Acres North Subdivision,WDR,PR,COMMUNITY,FALSE,Yes,No,No,No
272945,#N/A,Woodfords Indian Colony WTDF,WDR,i,COMMUNITY,FALSE,Yes,No,Yes,No
273140,#N/A,Woodlake WWTF,WDR,i,COMMUNITY,FALSE,Yes,No,Yes,No
272965,#N/A,Woodleaf Camp STP,WDR,RE,TRANSIENT,FALSE,Yes,No,No,No
272974,#N/A,Woods Valley Kampground,WDR,RE,TRANSIENT,FALSE,Yes,No,No,No
272975,#N/A,Woods Valley Ranch Water Reclamation Facility,WDR,i,COMMUNITY,FALSE,Yes,No,Yes,No
272983,#N/A,Woodson Bridge State Park,WDR,RE,TRANSIENT,FALSE,Yes,No,No,No
272986,#N/A,Woodville Farm Labor Center,WDR,i,COMMUNITY,FALSE,Yes,No,Yes,No
273197,#N/A,Woodville WWTF,WDR,i,COMMUNITY,FALSE,Yes,No,Yes,No
272988,#N/A,Woodward Bluffs MHP WWTF,WDR,i,COMMUNITY,FALSE,Yes,No,Yes,No
272989,#N/A,Woodward Reservoir Reg Park,WDR,DU,COMMUNITY,FALSE,Yes,No,No,No
818357,#N/A,Wyntoon Estate,WDR,NR,n/a,FALSE,Yes,No,No,No
274468,#N/A,YMCA Camp Tulequoia,WDR,RE,TRANSIENT,FALSE,Yes,No,No,No
655108,#N/A,Yocha De He Golf Club,WDR,i,COMMUNITY,FALSE,Yes,No,Yes,No
274495,#N/A,Yosemite Institute Crane Flat,WDR,Federal: Residential/transient,TRANSIENT,TRUE,Yes,No,Yes,No
274498,#N/A,Yosemite Lakes Campground,WDR,RE,TRANSIENT,FALSE,Yes,No,No,No
213011,#N/A,Yosemite Lakes Campsite Facility,WDR,RE,TRANSIENT,FALSE,Yes,No,No,No
214903,#N/A,Yosemite Lakes Clubhouse Facility,WDR,NR,n/a,FALSE,Yes,No,No,No
274503,#N/A,Yosemite Nat Prk Hodgdon MDW,WDR,Federal: Recreational,COMMUNITY,TRUE,Yes,No,No,No
274506,#N/A,Yosemite Pine RV Park,WDR,RV,TRANSIENT,FALSE,Yes,No,Yes,No
274509,#N/A,Yosemite South Coarsegold Ranch,WDR,i,COMMUNITY,FALSE,Yes,No,Yes,No
882631,#N/A,Yosemite Terrace Estates and Yosemite Westlake Campground and RV Park,WDR,RV,TRANSIENT,FALSE,Yes,No,Yes,No
274512,#N/A,Yosemite Vista Estates,WDR,i,COMMUNITY,FALSE,Yes,No,Yes,No
274513,#N/A,Yosemite West MD WWTF,WDR,i,COMMUNITY,FALSE,Yes,No,Yes,No
273159,#N/A,Yosemite-Mariposa KOA WWTF,WDR,RE,TRANSIENT,FALSE,Yes,No,No,No
274538,#N/A,Yreka City WWTP,WDR,i,COMMUNITY,FALSE,Yes,No,Yes,No
274572,#N/A,Yucca Falls RV Resort,WDR,RV,TRANSIENT,FALSE,Yes,No,Yes,No
791117,#N/A,Yucca Valley Senior Housing,WDR,i,COMMUNITY,FALSE,Yes,No,Yes,No
