"Region","Wdid","Status","Last.Updated.On","CS.Type","SSOq.Population.Served","SSOq.Annual.O.M.Budget","SSOq.Annual.Cap.Exp.Budget","SSOq.Entry.Individuals","SSOq.Journey.Individuals","SSOq.Super.Individuals","SSOq.Manage.Individuals","SSOq.Grade.I.Maint","SSOq.Grade.I.Plant","SSOq.Grade.II.Maint","SSOq.Grade.II.Ei","SSOq.Grade.II.Mechanical","SSOq.Grade.III.Maint","SSOq.Grade.III.Ei","SSOq.Grade.III.Mechanical","SSOq.Grade.IV.Maint","SSOq.Grade.IV.Ei","SSOq.Grade.IV.Mechanical","SSOQ_CSU_I","SSOQ_CSU_II","SSOQ_PIPE_6_GRAVITY","SSOQ_PIPE_6_FORCE","SSOQ_PIPE_8_GRAVITY","SSOQ_PIPE_8_FORCE","SSOQ_PIPE_9_18_GRAVITY","SSOQ_PIPE_9_18_FORCE","SSOQ_PIPE_19_36_GRAVITY","SSOQ_PIPE_19_36_FORCE","SSOQ_PIPE_36_GRAVITY","SSOQ_PIPE_36_FORCE","SSOQ_PIPE_UNKNOWN_GRAVITY","SSOQ_PIPE_UNKNOWN_FORCE","SSOQ_PIPE_TOTAL_GRAVITY","SSOQ_PIPE_TOTAL_FORCE","SSOQ_MILES_OF_FORCE_MAIN","SSOQ_MILES_OF_GRAVITY_SEWER","SSOQ_MILES_OF_LATERALS","SSOQ_PORTION_OF_LTERL_RESPSBLE","SSOQ_MILES_OF_LTERL_RESPSBLE","SSOQ_NO_SERVICE_LATERAL","SSOQ_UNKNOWN_GRAVITY","SSOQ_UNKNOWN_OVER","SSOQ_UNKNOWN_UNDER","SSOQ_CONSTRUCTED_BEFORE_1900","SSOQ_BEFORE_1900_OVER","SSOQ_BEFORE_1900_UNDER","SSOQ_CONSTRUCTED_1900_1919","SSOQ_1900_1919_OVER","SSOQ_1900_1919_UNDER","SSOQ_CONSTRUCTED_1920_1939","SSOQ_1920_1939_OVER","SSOQ_1920_1939_UNDER","SSOQ_CONSTRUCTED_1940_1959","SSOQ_1940_1959_OVER","SSOQ_1940_1959_UNDER","SSOQ_CONSTRUCTED_1960_1979","SSOQ_1960_1979_OVER","SSOQ_1960_1979_UNDER","SSOQ_CONSTRUCTED_1980_1999","SSOQ_1980_1999_OVER","SSOQ_1980_1999_UNDER","SSOQ_CONSTRUCTED_2000_CURRENT","SSOQ_AFTER_2000_OVER","SSOQ_AFTER_2000_UNDER","SSOQ_TOTAL_GRAVITY","SSOQ_TOTAL_OVER","SSOQ_TOTAL_UNDER","SSOQ_INACCESSIBLE_SEWER_MILES","SSOQ_SEWER_CLEAN_PRODUCTION","SSOQ_GRAVITY_SEWER_INSPECTION","SSOQ_SSF_AVERAGE_DRY","SSOQ_SSF_PEAK_WET","SSOQ_TO_TYPE_1","SSOQ_TO_NAME_1","SSOQ_TO_WDID_1","SSOQ_26_COUNT","SSOQ_TRIBUTARY_SSS","SSOQ_TRIBUTARY_1","SSOQ_TRIBUTARY_NAME_1","SSOQ_TRIBUTARY_WDID_1","SSOQ_27B_COUNT","SSOQ_GRAVITY_AERIAL_CROSS","SSOQ_FORCE_AERIAL_CROSS","SSOQ_SIPHONS_CONVEY_SEWAGE","X"
"1","1SSO10001","Active","04/03/2023","Municipal (Public)","19,114","750,000","250,000","1",6,"2","1","3","1","0","0","1","0","0","0","1","0","0",3,0,"65","100","18","0","7","0","5","0","0","0","5","0",100,100,"2","61","51","lower","31","5421","0","0","0","0","0","0","4","0","0","40","0","0","18","0","0","26","0","2","8","0","5","4","1",3,100,1,10,"1.3","14.86","0.40","1.031","11","WWTP same agency","City of Arcata","1B82114OHU",1,"Yes","No","Fieldbrook/Glendale","unknown",1,3,0,0,NA
"1","1SSO10003","Active","05/30/2023","Municipal (Public)","1,139","508,225","3,315,889","0",6,"1","1","4","0","2","0","0","0","0","0","0","0","0",0,0,"0","100","80","0","20","0","0","0","0","0","0","0",100,100,"1.9","15.1","3,180","none","0","1115","0","0","0","0","0","0","0","0","0","0","0","0","0","0","0","85","0","8","10","0","0","5","0",0,100,0,8,"0.5","5","5","0.263","1.1","WWTP same agency","BBPUD RECLAMATION AND DISPOSAL FACILITY","1B750280SON",1,"No"," "," "," ",0,0,0,0,NA
"1","1SSO10004","Active","01/11/2023","Municipal (Public)","450","99,000","61,640","0",2,"1","1","2","0","2","0","0","0","0","0","0","0","0",4,0,"90","0","10","0","0","0","0","0","0","0","0","0",100,0,"0.3","2.9","1.0","lower","0.4","110","0","0","0","0","0","0","0","0","0","0","0","0","65","0","0","0","0","0","25","0","0","10","0",0,100,0,0,"0","0.3","0.3",".03",".08","WWTP same agency","Calpella County Water District","1SSO10004",1,"No"," "," "," ",0,1,0,0,NA
"1","1SSO10005","Historical","","","","","","",NA,"","","","","","","","","","","","","",NA,NA,"","","","","","","","","","","","",NA,NA,"","","","","","","","","","","","","","","","","","","","","","","","","","","","","",NA,NA,NA,NA,"","","","","","","","",0,"","","","",0,NA,NA,NA,NA
"1","1SSO10006","Active","09/06/2022","Prison","4,000","3,000","3,000","1",5,"1","1","0","0","0","0","0","0","0","0","0","0","0",1,1,"46","100","46","0","8","0","0","0","0","0","0","0",100,100,"0.1","4.5","1.1","upperLower","1.1","108","0","0","0","0","0","0","0","0","0","0","0","0","0","0","0","0","0","0","98","0","0","2","0",1,100,0,1,"0","0.1","0.59",".5","1.5","WWTP same agency","Pelican Bay State Prison","1SSO10006",1,"No"," "," "," ",0,0,0,0,NA
"1","1SSO10011","Historical","02/10/2023","Park (w/Campground)","250","2,000","2,000","0",2,"1","1","0","0","0","0","0","0","0","0","1","0","1",0,0,"100","100","0","0","0","0","0","0","0","0","0","0",100,100,"0.2","0.9","0.1","upperLower","0.1","8","0","0","0","0","0","0","0","0","0","0","0","0","0","0","0","53","0","0","47","0","1","0","0",0,100,0,1,"0.4","0","0",".009",".014","SSS same agency","CDPR Van Damme State Park CS","1SSO10011",1,"No"," "," "," ",0,2,0,1,NA
"1","1SSO10012","Active","07/05/2022","Municipal (Public)","7,535","1,823,488","794,472","1",4,"1","1","1","0","0","0","0","1","0","0","0","0","0",1,0,"73","0","20","0","6","0","1","0","0","0","0","0",100,0,"1","25.8","26.6","lower","6.5","2300","0","0","0","0","0","0","0","0","0","0","0","0","5","0","0","15","0","0","50","0","0","30","0",0,100,0,0,"3","7","1",".46","3.9","WWTP other agency","The Laguna Plant","0",1,"No"," "," "," ",0,2,2,3,NA
"1","1SSO10014","Active","09/01/2022","Municipal (Public)","50,000","8,387,426","6,135,316","2",7,"3","3","5","0","4","0","0","0","0","0","0","0","0",2,5,"50","0","10","0","25","50","15","50","0","0","0","0",100,100,"11","119","91","lower","45","9600","0","0","0","10","0","0","10","0","0","20","0","0","25","5","0","20","3","0","10","4","0","5","4",0,100,16,0,"3","40","6","3","30","WWTP same agency","Elk River WWTP","805407",1,"Yes","Yes","HCSD","1FF011419",1,2,1,2,NA
"1","1SSO10016","Active","08/08/2023","Municipal (Public)","43,958","15,994,877","5,237,207","0",4,"1","1","2","0","0","0","0","3","0","0","1","0","1",4,0,"55","0","29","0","12","20","3","80","1","0","0","0",100,100,"7.5","110","80","none","0","80","0","0","0","0","0","0","0","0","0","0","0","0","5","0","0","65","1","0","25","1","0","5","0",1,100,2,1,"0.6","14.6","15","3.5","15","WWTP other agency","City of Santa Rosa","1B830990SON",1,"Yes","No","Sonoma State University","1B08057RSON",2,10,2,16,NA
"1","1SSO10017","Active","03/08/2023","Municipal (Public)","7,448","5,003,918","1,004,850","2",10,"1","1","4","0","2","0","0","1","0","0","1","0","0",0,0,"74","0","12","22","12","78","2","0","0","0","0","0",100,100,"2.7","29.6","53","lower","10.5","2754","0","0","0","0","0","0","0","0","0","5","0","0","20","0","0","50","0","0","20","0","1","5","1",0,100,1,1,"2.7","29","10",".404","3.476","WWTP other agency","Laguna Wastewater Treatment Plant","1B830990SON",1,"No"," "," "," ",0,4,1,3,NA
"1","1SSO10018","Active","07/06/2022","Municipal (Public)","5,000","509,500","0","2",3,"1","1","0","0","0","0","0","0","0","0","0","0","0",0,0,"42","0","29","0","27","0","2","0","0","0","0","0",100,0,"0.1","23.2","14.4","lower","18.4","2381","0","0","0","0","0","0","0","0","0","0","0","0","8","0","0","15","0","0","65","0","0","12","0",0,100,0,0,"2","2","0",".5","3.63","WWTP same agency","Willits Wastewater Plant","1B800780MEN",1,"No"," "," "," ",0,9,0,5,NA
"1","1SSO10019","Active","11/01/2022","Municipal (Public)","8,700","750,000","345,000","0",1,"1","0","0","0","0","0","0","0","0","0","0","0","0",2,1,"60","1","25","0","5","0","5","0","5","0","0","0",100,100,"0.1","33","21","none","0","3200","0","0","0","0","0","0","1","0","0","1","0","0","1","0","0","30","0","0","57","0","1","10","0",0,100,0,1,"0","8","2","500,000","3,000,000","WWTP same agency","City of Cloverdale","1B884032OSON",1,"No"," "," "," ",0,2,0,0,NA
"1","1SSO10020","Historical","05/16/2019","School","4,800","75,000","15,000","3",1,"1","1","0","0","0","0","0","0","0","0","0","0","0",0,0,"78","0","22","0","0","0","0","0","0","0","0","0",100,0,"0.0","2.1","0.4","upperLower","0.4","31","0","0","0","0","0","0","0","0","0","0","0","0","0","0","0","94","0","1","0","0","0","6","0",0,100,0,1,"0.1","0.1","0","0.024","0.1","WWTP same agency","College of the Redwoods WWTP","1B801210HUM",1,"No"," "," "," ",0,1,1,0,NA
"1","1SSO10021","Active","01/09/2023","Municipal (Public)","425","276,270","3,145","4",0,"1","1","0","0","1","0","0","0","0","0","0","0","0",1,1,"63","0","17","0","20","0","0","0","0","0","0","0",100,0,"0","4.2","2","lower","1","235","0","0","0","0","0","0","0","0","0","0","0","0","0","0","0","68","0","0","7","0","1","25","0",2,100,0,3,"0.5","0","0.1",".037",".046","WWTP same agency","Covelo CSD","1B830090MEN",1,"Yes","No","Business Park","None",4,1,0,0,NA
"1","1SSO10022","Active","06/15/2022","Municipal (Public)","5,500","4,022,725","1,086,915","6",6,"2","2","0","1","0","0","0","0","0","0","0","0","0",0,0,"75","20","13","0","10","80","2","0","0","0","0","0",100,100,"0.7","13","18","lower","9","1500","0","0","0","0","0","0","0","0","0","4","0","0","5","0","0","63","1","4","20","0","0","8","0",1,100,1,5,"0","2.2","0.1","1.14","5.07","WWTP same agency","City of Crescent City WWTF","1A8400060DN",1,"Yes","No","Del Norte County CSA",NA,1,1,1,0,NA
"1","1SSO10023","Active","08/03/2022","Municipal (Public)","9,250","230,000","100,000","0",1,"1","1","0","0","0","0","0","0","0","0","0","0","0",0,0,"75","67","12","7","13","26","0","0","0","0","0","0",100,100,"3.9","32.5","26","none","0","2320","0","0","0","0","0","0","0","0","0","0","0","0","0","0","0","10","3","0","70","10","0","20","2",0,100,15,0,"0.3","4","4","0.8","4.2","WWTP other agency","Crescent City Waste Water treatment Plant","1A84006ODN",1,"No"," "," "," ",0,6,3,0,NA
"1","1SSO10024","Active","07/13/2020","Municipal (Public)","938","119,000","3,000","1",1,"1","1","1","0","1","0","0","0","0","0","0","0","0",0,0,"100","0","0","0","0","100","0","0","0","0","0","0",100,100,"0.4","6.1","6.1","lower","6.1","493","0","0","0","0","0","0","0","0","0","0","0","0","0","0","0","90","1","0","5","0","1","5","0",0,100,1,1,"0","1.5","0.1","72,619","66,397","WWTP same agency","City of Dorris WWTP","1A77141OSIS",1,"No"," "," "," ",0,0,0,0,NA
"1","1SSO10025","Active","04/06/2023","Municipal (Public)","765","139,457","80,000","1",1,"1","1","1","1","1","0","0","0","0","0","0","0","0",1,1,"8","0","42","0","50","0","0","0","0","0","0","0",100,0,"0","5","1","lower","0","360","0","0","0","0","0","0","0","0","0","0","0","0","0","0","0","20","0","0","10","0","0","70","0",0,100,0,0,"0","5","0",".215","1.6","WWTP same agency","City of Etna Collection System","1SSO10025",1,"No"," "," "," ",0,0,0,0,NA
"1","1SSO10027","Active","05/05/2023","Municipal (Public)","1,200","800,000","100,000","2",2,"1","1","0","00","0","0","0","0","0","0","0","0","0",0,0,"60","0","13","0","27","0","0","0","0","0","0","0",100,0,"0","9","0","lower","2","800","0","0","0","0","0","0","80","0","0","0","0","0","0","0","0","5","0","0","5","0","0","10","0",0,100,0,0,"0.5","1.5","12",".1","2","WWTP same agency","City of Ferndale","1SSO10027",1,"No"," "," "," ",0,3,0,0,NA
"1","1SSO10028","Active","05/17/2023","Municipal (Public)","1,200","1,241,000","313,000","0",2,"1","1","0","0","0","0","0","0","0","0","0","0","0",0,4,"60","100","10","0","30","0","0","0","0","0","0","0",100,100,"1.0","6.5","3.4","lower","1.7","410","0","0","0","0","0","0","0","0","0","0","0","0","50","0","0","0","0","0","0","1","1","50","0",0,100,1,1,"1","3.5","0.3","80,000","350,000","WWTP same agency","Forestville Water District Wastwater Treatment, Re","1SSO10028",1,"No"," "," "," ",0,0,0,0,NA
"1","1SSO10030","Active","11/03/2022","Municipal (Public)","616","139,037","0","0",2,"1","1","1","1","0","0","0","0","0","0","0","0","0",0,0,"50","0","40","0","10","0","0","0","0","0","0","0",100,0,"0.1","6","2.8","none","0","343","0","0","0","0","0","0","0","0","0","0","0","0","30","0","0","20","0","0","30","0","0","20","0",0,100,0,0,"0.3","0.5","0",".040",".080","WWTP same agency","na","na",1,"No"," "," "," ",0,2,0,0,NA
"1","1SSO10031","Active","05/22/2023","Municipal (Public)","12,295","489,000","6,019,328","3",10,"1","1","0","0","0","0","0","0","0","0","0","0","0",1,1,"75","90","20","10","5","0","0","0","0","0","0","0",100,100,"2","42","8","lower","3","5000","0","0","0","0","0","0","5","0","0","15","0","0","20","0","0","25","0","0","25","0","0","10","1",6,100,1,6,"2","22","9",".750","4.5","WWTP same agency","Tom Cooke Memorial WWTP","1B83135OHUM",1,"No"," "," "," ",0,0,0,0,NA
"1","1SSO10032","Historical","02/20/2022","Municipal (Public)","1,300","75,888","26,051","0",4,"1","1","0","1","2","0","0","0","0","0","0","0","0",3,3,"100","100","0","0","0","0","0","0","0","0","0","0",100,100,"1","10","4","lower","2","282","0","2","2","0","0","0","0","0","0","23","0","0","23","0","0","50","0","0","2","0","0","2","0",0,100,2,2,"1","2","0",".027",".489","SSS same agency","Garberville Sanitary District","1SSO10032",2,"No"," "," "," ",0,0,0,0,NA
"1","1SSO10033","Active","06/14/2023","Municipal (Public)","1,815","12,000","25,000","0",2,"1","0","0","0","0","0","0","0","0","0","0","0","0",0,0,"80","0","0","100","20","0","0","0","0","0","0","0",100,100,"0.3","5.9","4","none","0","446","0","0","0","0","0","0","0","0","0","0","0","0","0","0","0","100","1","1","0","0","0","0","0",0,100,1,1,"0","0","0",".080",".396","WWTP same agency","Graton Community Services District","1B84060OSON",1,"No"," "," "," ",0,0,0,0,NA
"1","1SSO10035","Active","01/04/2023","Municipal (Public)","652","922,638","460,773","2",0,"1","1","0","0","0","0","0","0","0","0","0","0","0",0,0,"55","60","45","40","0","0","0","0","0","0","0","0",100,100,"5","9","4.5","lower","3","305","0","0","0","0","0","0","0","0","0","0","0","0","0","0","0","0","0","0","100","0","4","0","0",0,100,0,4,"0","1","1","0.0652","0.1202","WWTP same agency","Gualala Community Services District","1B89005RMEN",1,"Yes","No","The Sea Ranch NTP","1B89005RMEN",1,0,1,0,NA
"1","1SSO10036","Active","01/21/2020","Municipal (Public)","927","110,000","95,000","1",0,"0","1","1","na","na","na","na","0","na","na","na","na","na",0,0,"0","100","100","0","0","0","0","0","0","0","0","0",100,100,"4","20","na","none","0","323","0","0","0","0","0","0","0","0","0","0","0","0","0","0","0","0","0","0","0","0","0","100","1",5,100,1,5,"0","0","0",".180",".340","WWTP same agency","Happy Camp Sanitary district","none",4,"No"," "," "," ",0,1,0,1,NA
"1","1SSO10037","Active","03/07/2023","Municipal (Public)","11,340","7,736,901","324,312","1",17,"3","2","5","0","3","3","1","1","0","0","2","0","0",1,0,"28","50","40","0","22","0","10","50","0","0","0","0",100,100,"2.9","54","90.6","lower","54.6","4826","0","0","0","0","0","0","0","0","0","10","0","0","56","0","0","16","1","8","14","0","1","4","0",1,100,1,10,"0","7","4","1.4","4.0","WWTP same agency","Healdsburg City","1SSO10037",1,"No"," "," "," ",0,0,2,0,NA
"1","1SSO10038","Active","01/11/2023","Municipal (Public)","1,200","173,000","94,000","0",4,"1","1","4","0","2","0","0","0","0","0","0","0","0",6,0,"0","100","100","0","0","0","0","0","0","0","0","0",100,100,"0.6","4.4","6","lower","3.8","288","0","0","0","0","0","0","0","0","0","0","0","0","0","0","0","90","0","0","2","0","0","8","0",0,100,0,0,"0.6","0.8","0.2",".04",".125","WWTP same agency","Hopland Public Utility District","1SSO10038",1,"No"," "," "," ",0,3,1,0,NA
"1","1SSO10040","Historical","03/18/2019","Municipal (Public)","240","0","0","1",0,"0","0","0","0","0","0","0","0","0","0","0","0","0",0,0,"10","100","90","0","0","0","0","0","0","0","0","0",100,0,"0.4","0.98","0.5","none","0","51","0","0","0","0","0","0","0","0","0","0","0","0","0","0","0","100","0","1","0","0","0","0","0",0,100,0,1,"0","0.98","0.98",".014",".06","SSS same agency","leach fields 2-3-4-5","na",1,"No"," "," "," ",0,0,0,0,NA
"1","1SSO10041","Active","11/07/2022","Municipal (Public)","3,000","645,279","90,000","2",2,"1","1","0","1","0","0","0","0","0","0","0","0","0",1,0,"85","98","8","2","7","0","0","0","0","0","0","0",100,100,"12","37.7","2","lower","2","1012","0","0","0","0","0","0","0","0","0","0","0","0","0","0","0","70","1","18","20","0","0","10","0",0,100,1,18,"0","5","5",".113",".113","WWTP same agency","LSCSD WWTP","1A79100SIS",1,"No"," "," "," ",0,1,0,1,NA
"1","1SSO10042","Active","06/23/2021","Municipal (Public)","750","12,000","375,000","0",2,"0","1","0","0","0","0","0","0","0","0","0","0","0",0,0,"83","0","17","0","0","0","0","0","0","0","0","100",100,100,"0","2","1","lower","0.4","215","0","0","0","0","0","0","0","0","0","4","0","0","41","0","0","5","0","0","26","0","0","24","0",0,100,0,0,"0.1","0.1","0",".045","0.702","WWTP same agency","Loleta WWTF","1B8008810HUM",1,"No"," "," "," ",0,0,0,0,NA
"1","1SSO10043","Active","07/07/2022","Municipal (Public)","1,000","35,000","12,500","0",1,"1","1","1","0","0","0","0","0","0","0","0","0","0",0,0,"0","100","0","0","0","0","0","0","0","0","100","0",100,100,"6.3","0","5.4","lower","5.4","355","0","0","0","0","0","0","0","0","0","0","0","0","0","0","0","50","0","0","50","1","0","0","0",0,100,1,0,"0","0","0",".06",".165","WWTP same agency","Manila Ttreatment Plant","1b80162ohum",1,"No"," "," "," ",0,0,0,0,NA
"1","1SSO10044","Active","03/30/2023","Municipal (Public)","15,700","3,536,184","4,458,000","2",6,"1","2","0","0","0","0","0","2","0","0","0","0","0",2,0,"80","83","9","0","11","17","0","0","0","0","0","0",100,100,"1.7","68","31","none","0","5310","0","0","0","0","0","0","0","0","0","0","0","0","0","0","0","61","0","0","24","4","0","15","1",0,100,5,0,"6","12","3",".764","2.357","WWTP same agency","McKinleyville CSD","1B82084OHUM",1,"No"," "," "," ",0,6,1,0,NA
"1","1SSO10045","Active","02/01/2023","Municipal (Public)","3,500","527,395","36,080","1",2,"1","1","0","0","0","0","0","0","0","0","0","0","0",0,0,"31","100","61","0","8","0","0","0","0","0","0","0",100,100,"0.4","9","0","lower","0","405","0","0","0","0","0","0","0","0","0","10","0","0","0","0","0","90","0","2","0","0","1","0","0",0,100,0,3,"0.04","2.0","0",".66",".273","WWTP same agency","Mendocino City CSD WWTP","ISO 10045",1,"Yes","No","Russian Gulch State Park",NA,1,0,0,0,NA
"1","1SSO10047","Active","08/29/2022","Municipal (Public)","550","70,000","15,000","2",1,"1","0","1","0","1","0","0","0","0","0","0","0","0",0,0,"100","0","0","0","0","0","0","0","0","0","0","0",100,0,"0","5","3","lower","3","115","0","0","0","0","0","0","0","0","0","0","0","0","0","0","0","0","0","0","100","0","0","0","0",0,100,0,0,"0","0","0",".035",".065","WWTP same agency","Miranda Community Services District","n/a",1,"No"," "," "," ",0,0,0,0,NA
"1","1SSO10048","Historical","02/28/2018","Municipal (Public)","1500","132,660","4,000","1",3,"2","0","1","0","1","0","0","0","0","0","0","0","0",0,0,"85","100","11","0","4","0","0","0","0","0","0","0",100,100,"0.5","6.8","0","upperLower","0","506","0","0","0","0","0","0","0","0","0","0","0","0","90","0","0","0","100","0","5","0","0","5","0",0,100,100,0,"0","6","2",".060",".140","WWTP same agency","City of Montague","1SSO10048",1,"No"," "," "," ",0,0,1,0,NA
"1","1SSO10051","Historical","","","","","","",NA,"","","","","","","","","","","","","",NA,NA,"","","","","","","","","","","","",NA,NA,"","","","","","","","","","","","","","","","","","","","","","","","","","","","","",NA,NA,NA,NA,"","","","","","","","",0,"","","","",0,NA,NA,NA,NA
"1","1SSO10052","Active","06/16/2023","Municipal (Public)","350","248,000","995,000","3",9,"3","2","0","0","0","0","0","0","0","0","0","0","0",0,0,"94","0","3","100","3","0","0","0","0","0","0","0",100,100,"0.7","4.4","2.1","none","0","234","0","0","0","0","0","0","0","0","0","0","0","0","0","0","0","95","1","1","3","0","0","2","00",0,100,1,1,"1","0","4.4","0.014","0.075","SSS same agency","Oceana Marin (North Marin CWD) CS","1SSO10052",1,"No"," "," "," ",0,0,0,0,NA
"1","1SSO10053","Active","01/11/2023","Municipal (Public)","501","217,679","148,491","2",1,"1","1","0","0","0","0","0","1","0","0","0","0","0",2,0,"95","100","5","0","0","0","0","0","0","0","0","0",100,100,"1.1","2.1","2.1","none","0","176","0","0","0","0","0","0","0","0","0","75","0","0","10","0","0","0","0","0","10","0","1","5","0",1,100,0,2,"0","1.8","1.0",".029",".0747","WWTP same agency","Percolation ponds","1B800450MEN",1,"No"," "," "," ",0,0,1,0,NA
"1","1SSO10055","Active","11/17/2021","Municipal (Public)","1,150","218,974","56,500","1",3,"2","2","0","0","0","0","0","0","0","0","0","0","0",0,0,"10","100","70","0","20","0","0","0","0","0","0","0",100,100,"5","15","3","none","0","500","0","0","0","0","0","0","0","0","0","0","0","0","0","0","0","58","0","0","40","0","0","2","0",0,100,0,0,"0.8","0","1",".18",".45","WWTP same agency","Redway Wastewater Plant","1B831470HUM",1,"No"," "," "," ",0,0,2,0,NA
"1","1SSO10058","Active","05/24/2023","Municipal (Public)","3,100","892,329","265,000","2",0,"1","3","0","0","0","0","0","0","0","0","0","0","0",0,0,"90","0","5","0","5","100","0","0","0","0","0","0",100,100,"2.5","25","7","lower","3","1200","0","0","0","0","0","0","0","0","0","0","0","0","15","0","0","35","2","0","25","0","0","25","0",0,100,2,0,"0","20","0",".2","2.25","WWTP same agency","Rio Dell WWTP","1B83134ohum",1,"No"," "," "," ",0,0,1,1,NA
"1","1SSO10062","Active","11/08/2022","Municipal (Public)","8,833","3,914,100","119,027","2",5,"1","1","0","0","0","0","0","2","0","0","0","0","0",0,0,"43","100","32","0","16","0","8","0","0","0","1","0",100,0,"0.1","38.4","10","lower","5","1760","0","0","0","0","0","0","0","0","0","0","0","0","0","0","0","0","0","0","100","0","0","0","0",0,100,0,0,"4.5","10.3","0.3","0.52","2.1","WWTP same agency","Airport/Larkfield/Wikiup","1SSO10062",1,"No"," "," "," ",0,1,0,0,NA
"1","1SSO10063","Active","11/08/2022","Municipal (Public)","861","406,000","23,142","2",5,"1","1","0","0","0","0","0","2","0","0","0","0","0",0,0,"56","0","39","0","5","0","0","0","0","0","0","0",100,0,"0.3","4.7","1.6","lower","0.8","282","0","0","0","0","0","0","0","0","0","0","0","0","0","0","0","100","0","0","0","0","1","0","0",0,100,0,1,"0.5","1.2","0","0.04","0.05","WWTP same agency","Geyserville","1SSO10063",1,"No"," "," "," ",0,0,0,0,NA
"1","1SSO10064","Active","11/10/2022","Municipal (Public)","610","1,173,700","46,103","2",5,"1","1","0","0","0","0","0","2","0","0","0","0","0",0,0,"48","100","48","0","4","0","0","0","0","0","0","0",100,0,"0.6","1.7","0.6","lower","0.3","100","0","0","0","0","0","0","0","0","0","0","0","0","0","0","0","100","0","1","0","0","0","0","0",0,100,0,1,"0.1","0.1","1.8","0.01","0.1","WWTP same agency","Occidental County Sanitation District","1SSO10064",1,"No"," "," "," ",0,0,0,0,NA
"1","1SSO10065","Active","11/08/2022","Municipal (Public)","250","189,382.8","2,139","3",3,"1","1","3","0","3","0","0","1","0","0","1","0","0",0,0,"97","100","3","0","0","0","0","0","0","0","0","0",100,0,"0.3","1.3","0.7","lower","0.35","120","0","0","0","0","0","0","0","0","0","0","0","0","0","0","0","95","0","0","5","0","0","0","0",0,100,0,0,"0","0","0","0.003","0.02","WWTP same agency","Sea Ranch - Central","1SSO10065",1,"No"," "," "," ",0,1,0,0,NA
"1","1SSO10066","Active","01/30/2023","Municipal (Public)","1,156","441,527,450","4,991","3",3,"1","1","3","0","3","0","0","1","0","0","1","0","0",0,0,"86","92","5","8","9","0","0","0","0","0","0","0",100,100,"1","14","2.7","lower","1.4","480","0","0","0","0","0","0","0","0","0","0","0","0","0","0","0","95","0","0","5","0","2","0","0",0,100,0,2,"0","0","0","0.02","0.09","WWTP other agency","Gualala Community Services District",NA,1,"No"," "," "," ",0,0,0,0,NA
"1","1SSO10067","Active","11/08/2022","Municipal (Public)","7,305","3,903,500","83,557.7","2",5,"1","1","0","0","0","0","0","2","0","0","0","0","0",0,0,"73","33","16","11","10","56","1","0","0","0","0","0",100,100,"4.2","34.1","14.2","lower","7.1","2497","0","0","0","0","0","0","0","0","0","0","0","0","0","0","0","0","0","0","100","2","9","0","0",0,100,2,9,"3.4","11.5","0.14","0.11","0.66","WWTP same agency","Russian River CSD","1SSO10067",1,"No"," "," "," ",0,5,2,0,NA
"1","1SSO10068","Active","02/10/2023","Municipal (Public)","647","239,850","36,500","0",1,"0","1","0","0","0","0","0","0","0","0","0","0","0",0,0,"100","100","0","0","0","0","0","0","0","0","0","0",100,100,"1","22","12","lower","12","2504","0","0","0","0","0","0","0","0","0","0","0","0","0","0","0","100","0","5","0","0","4","0","0",0,100,0,9,"1","0","0","0.17","0.77","WWTP same agency","Resort Improvement District No. 1","1B84086OHUM",1,"No"," "," "," ",0,0,2,0,NA
"1","1SSO10069","Active","08/22/2019","School","10,000","750,000","0","0",5,"2","2","0","0","0","0","0","0","0","0","0","0","0",1,1,"30","0","30","0","10","0","10","0","20","0","0","0",100,0,"0","2.5","1.2","upperLower","1.2","19","0","0","0","0","0","0","0","0","0","0","0","0","0","0","0","70","0","0","20","0","0","10","0",0,100,0,0,"0","0.3","0.4",".2169",".319","WWTP other agency","Laguna Water Treatment Plant","1B83099OSONOSON",2,"No"," "," "," ",0,1,0,0,NA
"1","1SSO10070","Active","02/14/2023","Municipal (Public)","38,462","768,500","700,000","0",3,"0.5","0.5","2","0","1","0","0","0","0","0","1","0","0",2,1,"28","0","59","0","12","0","1","0","0","0","0","0",100,0,"0","18.39","17","none","0","1938","0","0","0","0","0","0","0","0","0","0","0","0","11","0","0","19","0","0","27","0","0","43","0",0,100,0,0,"0","16.27","6.37",".40",".68","WWTP other agency","Laguana Treatment Plant","1B830990SON",1,"No","No"," "," ",1,0,0,3,NA
"1","1SSO10074","Active","11/10/2022","Municipal (Public)","16,500","2,576,035","35,000","4",5,"2","1","1","0","0","0","0","0","0","0","0","0","0",0,0,"80","0","10","0","10","0","0","0","0","0","0","0",100,0,"0","44","44","none","0","5642","0","0","0","0","0","0","30","0","0","30","0","0","40","0","0","0","0","0","0","1","0","0","0",0,100,1,0,"0","85","40","1.05","5.775","WWTP same agency","City of Ukiah","1B84029OMEN",1,"Yes","Yes","Ukiah Valley San District","1B84029OMEN",1,18,2,0,NA
"1","1SSO10078","Active","01/13/2023","Municipal (Public)","3,000","10,000","0","2",0,"0","1","0","0","0","0","0","0","0","0","0","0","0",1,1,"90","0","5","100","5","0","0","0","0","0","0","0",100,100,"0.5","26","20","lower","5","1250","0","0","0","0","0","0","0","0","0","0","0","0","40","0","0","20","0","0","35","0","1","5","0",0,100,0,1,"0","6","0.2",".25","1.5","WWTP same agency","Perk Beds","123",1,"No"," "," "," ",0,6,0,1,NA
"1","1SSO10079","Active","12/12/2022","Municipal (Public)","2,932","317,240","217,411","2",1,"1","1","0","0","1","0","0","0","0","0","0","0","0",0,0,"70","0","10","0","20","100","0","0","0","0","0","0",100,100,"2","22","0","none","0","1970","0","0","0","0","0","0","1","0","0","2","0","0","30","0","0","30","0","0","35","0","0","2","2",0,100,2,0,"1","13","15","1.29","1.43","WWTP same agency","Weed Shastina","ISSO10079",1,"No"," "," "," ",0,8,2,0,NA
"1","1SSO10080","Historical","06/03/2022","Municipal (Public)","317","27,847","15,500","0",1,"1","2","0","0","0","0","0","0","0","0","0","0","0",1,1,"85","100","15","0","0","0","0","0","0","0","0","0",100,100,"0.7","3","0.8","lower","0.2","123","0","0","0","0","0","0","0","0","0","0","0","0","0","0","0","0","0","0","100","0","1","0","0",0,100,0,1,"0","0.5","0.85","0.0067","0.04368","WWTP same agency","Weott Community Services District","1SSO10080",1,"No"," "," "," ",0,0,0,0,NA
"1","1SSO10081","Active","05/19/2023","Municipal (Public)","50","76,676","15,000","1",1,"1","1","0","0","0","0","0","0","0","0","0","0","0",0,0,"100","100","0","0","0","0","0","0","0","0","0","0",100,100,"0.4","0.9","0.3","lower","0.3","67","0","0","0","0","0","0","0","0","0","0","0","0","0","0","0","100","0","1","0","0","0","0","0",0,100,0,1,"0","0","0","0.0045","0.0227","WWTP same agency","Westport County Water District","1B752600MEN",1,"No"," "," "," ",0,0,0,0,NA
"1","1SSO10083","Historical","","","","","","",NA,"","","","","","","","","","","","","",NA,NA,"","","","","","","","","","","","",NA,NA,"","","","","","","","","","","","","","","","","","","","","","","","","","","","","",NA,NA,NA,NA,"","","","","","","","",0,"","","","",0,NA,NA,NA,NA
"1","1SSO10085","Active","10/25/2022","Municipal (Public)","28,569","885,680","1,200,000","0",6,"1","3","0","0","3","0","0","0","0","0","0","0","0",3,3,"49","0.3","32","0","15","0","4","0",".2","0","0","0",100,0,"0.3","94","60","none","0","8250",NA,NA,NA,"0","0","0","0","0","0","0","0","0","1","0","0","39","0","0","50","1","0","10","1",0,100,2,0,"0","20","10","1.27","4.86","WWTP same agency","Windsor Water District","1SSO10085",1,"No"," "," "," ",0,0,0,2,NA
"1","1SSO10086","Active","06/01/2023","Municipal (Public)","7,800","3,600,000","8,675,000","3",6,"3","3","0","0","0","0","0","0","0","0","0","0","0",0,0,"65","0","25","0","5","0","5","0","0","0","0","0",100,0,"1.7","48.1","10","none","0","2995","2","0","0","6","0","0","6","0","0","24","0","0","12","0","0","35","0","0","5","0","0","10","0",4,100,0,4,"1.7","15","10",".807","3.25","WWTP same agency","CITY OF YREKA WASTEWATER","1A84073OSIS",1,"No","No"," "," ",1,6,0,2,NA
"1","1SSO10100","Active","02/26/2023","Municipal (Public)","520","330,800","33,000","0",2,"1","1","0","0","0","0","0","0","0","0","0","0","0",0,0,"83","100","17","0","0","0","0","0","0","0","0","0",100,100,"4","4.8","4.3","lower","1.1","211","0","0","0","0","0","0","0","0","0","0","0","0","0","0","0","0","0","0","100","0","2","0","0",0,100,0,2,"0","0","0","25,849","36,598","SSS other agency","City of Arcata","1B15019WNHU",1,"No"," "," "," ",0,0,1,0,NA
"1","1SSO11000","Historical","05/11/2015","Park (w/Campground)","1,500","0","0","1",1,"1","1","0","0","0","0","0","0","0","0","0","0","0",0,0,"100","0","0","0","0","0","0","0","0","0","0","0",100,0,"0.6","1.3","0.5","upperLower","0.5","1","0","0","0","0","0","0","0","0","0","0","0","0","10","0","0","50","0","0","25","0","0","15","0",4,100,0,4,"0.8","0","0",".0008",".0002","SSS same agency","salt point state park","1sso11000",1,"No"," "," "," ",0,0,0,0,NA
"1","1SSO11173","Active","09/06/2022","School","12,000","24,000","0","3",4,"2","2","0","0","0","0","0","0","0","0","0","0","0",0,0,"60","100","40","0","0","0","0","0","0","0","0","0",100,100,"0.1","4.5","0.2","upperLower","0.2","72","0","0","0","0","0","0","0","0","0","0","0","0","0","0","0","15","0","0","0","0","0","85","0",0,100,0,0,"0","0.2","0.2",".12",".12","WWTP other agency","City of Arcata","1SSO11173",1,"No"," "," "," ",0,2,0,0,NA
"1","1SSO11419","Active","01/31/2023","Municipal (Public)","16,667","3,555,032","1,282,000","1",8,"2","2","0","0","1","0","1","0","0","0","0","0","0",1,0,"70","60","20","20","10","20","0","0","0","0","0","0",100,100,"18","78","50","none","0","6618","0","0","0","0","0","0","0","0","0","0","0","0","0","0","0","80","5","14","15","0","7","5","0",2,100,5,23,"5","12.5","1.7",".8","1.64","SSS other agency","City of Eureka","1B82151OHUM",2,"No"," "," "," ",0,1,4,0,NA
"1","1SSO11441","Active","04/03/2023","Municipal (Public)","3,047","35,000","70,000","2",3,"1","1","3","0","0","0","0","0","0","0","0","0","0",3,0,"70","100","30","0","0","0","0","0","0","0","0","0",100,100,"1","54","20","lower","15","1325","0","0","0","0","0","0","0","0","0","0","0","0","0","0","0","100","0","0","0","0","0","0","1",3,100,1,3,"1","16","12","170,000","1,500,000","WWTP other agency","willits","0",1,"No"," "," "," ",0,2,0,2,NA
"1","1SSO11454","Active","11/10/2022","Other","5,000","917,624","255,000","4",5,"2","2","0","0","0","0","0","0","0","0","0","0","0",0,0,"60","0","10","0","15","0","10","0","5","0","0","0",100,0,"1","43","44","none","0","4971","0","0","0","0","0","0","0","0","0","0","0","0","25","0","0","35","0","0","40","2","0","0","0",0,100,2,0,"0","50","30","1.1","5.225","WWTP other agency","City of Ukiah","1B84029OMEN",1,"No"," "," "," ",0,17,3,3,NA
"1","1SSO11467","Active","11/01/2022","Municipal (Public)","7,500","2,345,000","1,525,000","1",6,"1","2","0","0","0","0","0","0","0","0","0","0","0",3,0,"65","0","25","0","10","100","0","0","0","0","0","0",100,100,"2.6","25","20","lower","8","2900","0","0","0","0","0","0","15","0","0","40","0","0","10","0","0","23","4","0","7","0","2","5","0",0,100,4,2,"2","7.8","3","0.550","1.595","WWTP same agency","Municipal Improvement District","1B84083OMEN",1,"No"," "," "," ",0,0,3,0,NA
"1","1SSO11475","Active","11/14/2022","Municipal (Public)","367","79,010","17,000","0",3,"2","0","0","0","1","0","0","1","0","0","1","0","0",0,0,"100","100","0","0","0","0","0","0","0","0","0","0",100,100,"1.5","3.6","4","none","0","152","0","0","0","0","0","0","0","0","0","0","0","0","0","0","0","0","0","0","100","0","1","0","0",0,100,0,1,"2.8","0","0","15,000","49,000","WWTP other agency","fortuna wwtp","na",1,"No","No"," "," ",1,0,0,0,NA
"1","1SSO11490","Active","09/09/2022","Military","1,650","10,000","25,000","1",1,"0","1","0","0","0","0","0","0","0","0","0","0","0",0,0,"15","100","80","0","5","0","0","0","0","0","0","0",100,100,"1.2","4.9","0.6","upperLower","0.6","158","0","0","0","0","0","0","0","0","0","0","0","0","5","0","0","50","0","0","20","0","1","25","0",1,100,0,2,"0.5","0.25","0",".047","0.176","WWTP same agency","US Coast Guard TRACEN WWTP","1B72033OSON",1,"No"," "," "," ",0,3,1,0,NA
"1","1SSO11491","Active","02/14/2023","Municipal (Public)","179,213","4,520,158","13,111,900","28",41,"7","3","19","0","9","0","0","7","0","0","4","0","0",13,4,"35","72","42","1","15","12","5","15","3","0","0","0",100,100,"6.52","571.10","445","none","0","49027","0","0","0","0","0","0","0","0","0","0","0","0","8","0","0","38","3","0","36","9","0","18","5",0,100,17,0,"0","238.75","65.80","12.75","22.10","WWTP same agency","Laguana Treatment Plant","1B830990SON",1,"Yes","No","South Park Co Sanitation District","1SSO10070",1,170,5,32,NA
"1","1SSO11555","Active","04/06/2023","Municipal (Public)","150","140,000","13,000","0",2,"1","0","1","0","0","0","0","0","0","0","0","0","0",1,0,"0","100","100","0","0","0","0","0","0","0","0","0",100,100,"2","1","0.5","none","0","53","0","0","0","0","0","0","0","0","0","0","0","0","0","0","0","0","0","0","100","0","2","0","0",0,100,0,2,"0.5","0.5","0",".005",".024","WWTP same agency","anchor bay","na",1,"No"," "," "," ",0,1,0,0,NA
"1","1SSO11603","Active","12/08/2022","Municipal (Public)","1,000","267,700","1,686,500","0",3,"1","2","1","1","0","0","0","0","0","0","0","0","0",1,1,"60","0","0","0","40","0","0","0","0","0","0","0",100,100,"0","4.5","1","none","0","484","0","0","0","0","0","0","0","0","0","35","0","0","50","0","0","15","0","3","0","0","0","0","0",0,100,0,3,"0","1","0.3","087","267","SSS same agency","0","0",4,"No"," "," "," ",0,0,1,0,NA
"1","1SSO11611","Active","01/10/2023","Municipal (Public)","2,000","35,000","5,000","3",3,"2","1","1","0","2","0","0","0","0","0","0","0","0",0,0,"70","100","20","0","10","0","0","0","0","0","0","0",100,100,"1","5","1","lower","1","400","0","0","0","0","0","0","0","0","0","0","0","0","0","0","0","0","0","0","100","1","4","0","0",0,100,1,4,"0","0","0",".075",".35","WWTP same agency","Hayfork","1A97069wntr",1,"No"," "," "," ",0,1,1,0,NA
"1","1SSO11652","Active","02/15/2023","Landfill","30","400,000","5,000","0",0,"0","1","N/A","N/A","N/A","N/A","N/A","N/A","N/A","N/A","N/A","N/A","N/A",0,0,"0","0","100","100","0","0","0","0","0","0","0","0",100,100,"0.5","4.5","0","none","0","0","0","0","0","0","0","0","0","0","0","0","0","0","0","0","0","0","0","0","0","0","0","100","1",0,100,1,0,"0","N/A","N/A","0","0","WWTP other agency","Laguna Subregional WWTP, Llano Rd., Santa Rosa","1SSO11652",1,"No"," "," "," ",0,3,0,0,NA
"1","1SSO11752","Active","10/10/2022","Municipal (Public)","1,208","481,155","100,500","0",4,"1","1",NA,NA,NA,NA,NA,NA,NA,NA,NA,NA,NA,0,0,"30","100","30","0","40","0","0","0","0","0","0","0",100,100,"0.5","2.5","1","lower","0.5","550","0","0","0","0","0","0","0","0","0","0","0","0","35","0","0","60","1","0","05","0","1","0","0",0,100,1,1,"0","0.5","0.2","0.090","0.815","WWTP same agency","Blue Lake WWTP",NA,1,"Yes","Yes","Blue Lake WWTP",NA,1,3,1,0,NA
"1","1SSO18109","Historical","","","","","","",NA,"","","","","","","","","","","","","",NA,NA,"","","","","","","","","","","","",NA,NA,"","","","","","","","","","","","","","","","","","","","","","","","","","","","","",NA,NA,NA,NA,"","","","","","","","",0,"","","","",0,NA,NA,NA,NA
"2","2SSO10087","Active","03/29/2023","Municipal (Public)","80,000","3,100,000","9,100,000","2",9,"2","2","1","0","2","1","0","1","0","0","1","0","0",0,2,"30","75","40","15","30","10","0","0","0","0","0","0",100,100,"6","128","100","lower","0","18510","50","0","0","0","0","0","0","0","0","0","0","0","0","0","10","0","4","8","10","1","1","40","16",3,100,21,22,"6","11.3","0","5.9","33","SSS other agency","EBMUD","0",1,"No"," "," "," ",0,0,0,0,NA
"2","2SSO10088","Active","11/15/2022","Municipal (Public)","20,000","2,160,192","4,387,000","3",3,"0","3","2","0","0","0","0","0","0","0","0","0","0",0,0,"20","0","58","0","19","0","2","0","1","0","0","0",100,0,"0","32","32","lower","14","4600","0","0","0","0","0","0","5","0","0","8","0","0","3","0","0","1","0","0","28","0","0","55","0",0,100,0,0,"0","10.23","7","1.2","21.7","WWTP other agency","East Bay Municipal Utility District","2SSO10131",1,"Yes","No","University fo California - Village","2SSO10210",2,5,0,0,NA
"2","2SSO10089","Active","09/06/2022","Municipal (Public)","1,700","505,000","505,000","0.12",0,"0","0.25","0","0","0","0","0","0","0","0","0","0","0",0,0,"90","0","10","0","0","0","0","0","0","0","0","0",100,0,"0","6.0","5","none","0","750","0","0","0","0","0","0","0","0","0","0","0","0","57","0","0","4","0","0","1","0","0","38","0",0,100,0,0,"0","4.4","0.1","0.14","1.4","WWTP other agency","Sewerage Agency of Southern Marin","221I000240",1,"No"," "," "," ",0,0,0,0,NA
"2","2SSO10090","Active","04/06/2023","Municipal (Public)","1,200","592,250","400,000","0",0,"0","1","0","0","0","0","0","0","0","0","0","0","0",0,0,"90","0","10","0","0","0","0","0","0","0","0","0",100,0,"0","3.125","15","none","0","572","0","0","0","0","0","0","0","0","0","0","0","0","53","0","0","0","0","0","12","0","0","35","0",0,100,0,0,"0","2.20","1","0.0705","0.270","WWTP same agency","Sewerage Agency of Southern Marin","2SSO 10090",1,"No"," "," "," ",0,0,0,0,NA
"2","2SSO10091","Active","03/03/2023","Municipal (Public)","19,454","373,855","1,200,000","0",3,"1","1","1","0","1","0","0","1","0","0","0","0","0",8,4,"60","10","30","0","10","90","0","0","0","0","0","0",100,100,"1","54","40","lower","26","4600","0","0","0","0","0","0","5","0","0","10","0","0","20","0","0","15","1","2","25","0","0","25","0",2,100,1,4,"3","22.5","1","1.4","4.2","WWTP same agency","City Of American Canyon","2SS010091",1,"No"," "," "," ",0,16,2,0,NA
"2","2SSO10092","Active","08/14/2022","Park (w/Campground)","2,000","92,000","92,000","2",1,"1","1","0","0","0","0","0","0","0","0","0","0","0",0,0,"100","100","0","0","0","0","0","0","0","0","0","0",100,100,"4","2","2","upperLower","2","16","0","0","0","0","0","0","0","0","0","0","0","0","0","0","0","0","0","0","80","0","0","20","0",8,100,0,8,"0","0.5","0",".012",".018","WWTP same agency","Angel Island State Park WWTP","R2-2005-0031",4,"No","No"," "," ",5,0,0,0,NA
"2","2SSO10093","Active","03/10/2023","Municipal (Public)","11,000","1,665,700","40,000","0",0,"0","0","0","0","0","0","0","0","0","0","0","0","0",0,0,"40%","0","60%","0","0","100%","0","0","0","0","0","0",100,100,"1","12","13","lower","6.6","1820","0","0","0","0%","0","0","0%","0","0","0%","0","0","3%","0","0","25%","0","0","60%","0","0","12%","0",0,100,0,0,"0","6","6","265,000gpd","420,500gpd","WWTP other agency","SFPUC","0",1,"No"," "," "," ",0,0,0,0,NA
"2","2SSO10094","Active","02/03/2023","Municipal (Public)","26,000","$6,324,294","5,300,000","3",11,"2","1","1","0","1","0","0","5","1","0","2","0","0",0,0,"77","52","14","4","7","44","2","0","0","0","0","0",100,100,"3","75","76","none","0","7,690","0","0","0","0","0","0","0","0","0","4","0","0","16","0","0","15","0","0","13","1","4","52","2",2,100,3,7,"5","65.02","22.28","1.8","11.5","WWTP other agency","Silicon Valley Clean Water",NA,2,"No"," "," "," ",0,16,2,0,NA
"2","2SSO10095","Active","06/27/2022","Municipal (Public)","28,086","1,779,125","1,543,885","3",6,"2","2","5","1","1","2","2","1","0","0","0","0","0",2,0,"0","5","35","30","63","65","2","0","0","0","0","0",100,100,"5","148","87","lower","22","9268","0","0","0","0","0","0","0","0","0","5","0","0","10","1","2","15","0","3","60","5","12","10","0",0,100,6,17,"8","27.1","4.55","2.0","9.0","WWTP same agency","City of Benicia","2SSO10095",4,"No"," "," "," ",0,2,1,0,NA
"2","2SSO10096","Active","01/30/2023","Municipal (Public)","112,580","7,175,444","24,835,899","2",20,"2","3","0","0","3","0","0","0","0","0","0","0","0",0,0,"21","52","54","48","19","0","4","0","1","0","1","0",100,100,"0.6","254","260","lower","130","31600","7","7","0","0","0","0","0","0","0","0","0","0","2","0","0","2","0","0","40","0","0","49","0",0,100,7,0,"0","51","20","9.6","115.2","WWTP other agency","EBMUD","2SSO10131",2,"Yes","Yes","UCB","2SSO10210",5,33,0,0,NA
"2","2SSO10097","Active","02/03/2023","Municipal (Public)","4,851","3,908,830","330,000","3",1,"1","2","1","0","3","0","0","0","0","0","0","0","0",4,0,"47","27","31","57","22","16","0","0","0","0","0","0",100,100,"3.9","17.1","7.2","none","0","1945","0","0","0","0","0","0","0","0","0","0","0","0","44","0","0","30","0","0","13","1","2","13","1",0,100,2,2,"1","3.27","2.17","0.368","0.386","WWTP other agency","San Francisco PUC Southeast WWTP","CA0037664",1,"No"," "," "," ",0,0,0,0,NA
"2","2SSO10098","Active","03/07/2023","Municipal (Public)","3,756","801,840","206,318","0",2,"1","1","1","0","1","0","0","0","0","0","0","0","0",0,1,"87","0","12","0","1","0","0","0","0","0","0","0",100,0,"0","5.3","3.5","lower","2","1650","0","0","0","0","0","0","0","0","0","0","0","0","95","0","0","0","0","0","3","0","0","2","0",0,100,0,0,"0.1","2.2","0.7",".029",".35","WWTP other agency","San Jose Santa Clara Regional Wastewater Facility",NA,1,"No"," "," "," ",0,0,0,0,NA
"2","2SSO10099","Active","03/13/2023","Municipal (Public)","30,160","6,600,000","4,700,000","6",15,"2","2","11","1","4","1","3","2","0","0","3","0","0",0,0,"48","0","31","31","16","36","4","33","1","0","0","0",100,100,"6.1","81.4","60","lower","31","8526","0","0","0","10","0","0","20","0","0","16","0","0","18","1","0","14","1","0","12","1","1","10","1",2,100,4,3,"5","46.7","18.9","2.6","8.17","WWTP same agency","City of Burlingame","CA0037788",1,"Yes","No","Town of Hillsborough","2SSO10142",1,2,4,7,NA
"2","2SSO10100","Active","10/27/2022","Municipal (Public)","40,000","2,656,800","3,546,500","2",6,"3","2","3","0","1","0","0","3","1","0","6","0","0",4,4,"57","5","33","5","6","10","4","80","0","0","0","0",100,100,"4.2","96","150","none","0","12000","0","0","0","0","0","0","0","0","0","0","0","0","60","0","0","35","3","0","1","0","0","4","2",0,100,5,0,"0","110","11","2.5","10","WWTP same agency","Calera Creek Water Recycling Plant","2SSO10100",1,"No"," "," "," ",0,3,0,0,NA
"2","2SSO10101","Active","04/12/2023","School","13,500","10,000","0","0",3,"1","1","0","0","0","0","0","0","0","0","0","0","0",0,0,"10","0","40","0","50","0","0","0","0","0","0","0",100,0,"0","2.3","0","none","0","0","0","0","0","0","0","0","0","0","0","0","0","0","0","0","0","98","10","0","1","0","0","1","0",0,100,10,0,"0","0.057","0","0.00054","0.00142","WWTP other agency","East Bay Discharge Authority Group","2 019123001",1,"No"," "," "," ",0,0,0,0,NA
"2","2SSO10102","Active","01/13/2023","Municipal (Public)","5,322","3,704,243","3,414,687","0",4,"1","3","0","0","0","0","0","0","0","0","0","0","0",0,0,"28","0","56","20","16","80","0","0","0","0","0","0",100,100,"0.42","18.0","25","none","0.3","1370","0","0","0","0","0","0","7","0","0","7","0","0","11","0","0","38","0","0","30","1","0","7","3",0,100,4,0,"0","12.08","0.32","0.26","3.0","WWTP same agency","Calistoga WWTP","2 283003001",1,"No"," "," "," ",0,2,5,1,NA
"2","2SSO10103","Active","06/29/2023","Municipal (Public)","64,392","7,566,889","407,000","1",7,"2","1","7","0","1","0","0","2","0","1","2","0","0",0,0,"20","48","66","52","10","0","3","0","1","0","0","0",100,100,"2","148","158","none","0","17355","0","0","0","0","0","0","0","0","0","5","0","0","56","0","4","24","0","0","12","0","3","3","0",1,100,0,8,"0","91","4","3.4","36.82","WWTP other agency","Oro Loma Sanitary District","na",2,"No"," "," "," ",0,11,0,0,NA
"2","2SSO10104","Active","10/25/2022","Airport","10,000","7,643,408","4,309,204","0",14,"5","1","0","0","0","0","1","0","0","1","0","0","0",0,0,"62","43","13","13","22","19","3","21","0","4","0","0",100,100,"15.5","15.6","0","upperLower","0","0","0","0","0","0","0","0","0","0","0","0","0","0","1","0","0","16","1","12","39","1","8","44","1",10,100,3,30,"0","0.30","0.1","0.66","1.2","WWTP same agency","Mel Leong Treatment Plant","2SSO10104",1,"Yes","No","United States Coast Guard",NA,1,0,0,0,NA
"2","2SSO10105","Active","01/06/2023","Municipal (Public)","487,300","13,480,048","36,850,000","7",46,"8","2","11","0","23","0","2","4","0","3","6","0","1",0,0,"15","5","68","5","11","42","4","48","2","0","0","0",100,100,"25","1,512","1,070","none","0","155660","0","0","0","0","0","0","0","0","0","0","0","0","19","0","0","38","0","2","27","2","2","16","5",7,100,7,11,"0","750","120","30.9","70.6","WWTP same agency","Central Contra Costa Sanitary","207100801",1,"Yes","No","City of Concord","2SSO10109",1,202,4,51,NA
"2","2SSO10109","Active","06/27/2023","Municipal (Public)","129,783","33,681,153","4,325,000","6",3,"1","1","1","0","3","0","0","3","0","0","1","0","0",0,0,"46","0","24","0","13","0","4","0","3","0","10","0",100,0,"0","344.9","344","lower","119.7","42118","0","0","0","0","0","0","3","0","0","5","0","0","31","0","0","25","0","0","29","0","0","7","0",0,100,0,0,"25","78","13","10.3","15.3","WWTP other agency","cccsd","0",1,"No"," "," "," ",0,3,0,0,NA
"2","2SSO10110","Active","11/07/2022","Municipal (Public)","30,878","5,798,754","2,682,000","0",4,"1","1","1","0","0","0","0","2","0","0","3","0","0",0,0,"76","100","10","0","8","0","5","0","1","0","0","0",100,100,"0.1","138.5","62","none","0","10510","0","0","0","0","0","0","0","0","0","0","0","0","15","0","0","75","0","0","9","0","0","1","0",3,100,0,3,"0","129","21.66","3.49","6.07","WWTP other agency","City of Palo Alto","2SSO10164",2,"Yes","No","City of Mountain View","2SSO10111",2,35,1,0,NA
"2","2SSO10111","Active","01/31/2023","Municipal (Public)","83,864","24,491,028","5,227,000","1",9,"2","2","12","9","4","0","2","3","0","0","2","0","0",0,0,"16","0","57","0","20","0","5","0","1","0","1","0",100,0,"0","157","0","none","0","17373","77","0","0","0","0","0","0","0","0","0","0","0","0","0","0","8","1","1","2","0","0","13","0",0,100,1,1,"0","132.54","18.4","7.3","13.3","WWTP other agency","PARWQCP","438011001",2,"Yes","No","NASA",NA,3,25,0,5,NA
"2","2SSO10112","Active","08/31/2022","Municipal (Public)","19,500","936,388","1,595,000","0",4,"1","1","1","0","1","0","0","0","0","0","0","0","0",0,0,"33","04","52","0","5","0","10","0","0","0","0","0",100,100,"0.3","50","61","none","1","6409","0","0","0","0","0","0","0","0","0","0","0","0","29","0","0","62","0","2","7","0","0","2","0",0,100,0,2,"1.5","10.2","0.3","1.09","2.69","WWTP same agency","Pinole/Hercules WWTP","255010112",1,"No"," "," "," ",0,6,0,0,NA
"2","2SSO10113","Active","07/21/2022","Municipal (Public)","76,416","2,112,019","1,500,000","1.5",3,"1","0.5","17","0","6","0","0","1","0","0","0","0","0",1,1,"42","100","38","0","16","0","4","0","0","0","0","0",100,100,"0.1","174","188","lower","80","17000","0","0","0","0","0","0","0","0","0","3","0","0","11","0","0","29","0","0","33","0","1","24","0",0,100,0,1,"0","229","2.3","13.1","14.6","WWTP other agency","Delta Diablo","2SSO10127",1,"No"," "," "," ",0,4,0,2,NA
"2","2SSO10114","Active","03/10/2023","Municipal (Public)","7,037","1,812,479","997,246","2",2,"1","1","0","0","0","0","0","1","0","0","1","0","0",0,0,"82","0","11","0","7","0","0","0","0","0","0","0",100,0,"1","20.072","23","none","0","4534","0","0","0","0","0","0","0","0","0","0","0","0","25","1","1","60","0","0","14","0","0","1","1",1,100,2,2,"7.5","57.37","2","646,084","2,830,000","WWTP other agency","Sausalito Marin City Sanitary District","2SSO10189",1,"No"," "," "," ",0,0,0,0,NA
"2","2SSO10115","Active","06/30/2023","Municipal (Public)","67,420","24,620,913","21,570,893","6",8,"2","1","5","2","2","2","2","1","0","2","1","0","4",1,0,"77","5","11","9","10","26","2","54","0","6","0","0",100,100,"5.6","119.5","60","lower","42","15000","26","0","0","0","0","0","11","0","0","2","0","0","45","0","3","4","1","1","4","1","1","8","5",0,100,7,5,"10","42","4","8.58","21.04","WWTP same agency","SSF\SB WQCP","241-1-000040",1,"No"," "," "," ",0,6,3,0,NA
"2","2SSO10117","Active","10/20/2022","Municipal (Public)","1,504","1,005,096","100,000","0",2,"1","1","0","0","0","0","0","0","0","0","0","0","0",0,0,"46","0","34","0","20","0","0","0","0","0","0","0",100,0,"0","6.6","4","none","0","407","0","0","0","0","0","0","0","0","0","0","0","0","20","0","0","65","0","0","15","0","0","0","0",0,100,0,0,"0","6.6","1","0.089","0.82","WWTP other agency","South San Francisco",NA,2,"No","No"," "," ",2,1,0,2,NA
"2","2SSO10120","Historical","03/02/2015","Municipal (Public)","150","98,000","25,000","0",0,"0","0","0","0","0","0","0","0","0","0","0","0","0",0,0,"75","0","0","25","0","0","0","0","0","0","0","0",100,100,"0.5","1.5","0.5","none","0","48","0","0","0","0","0","0","0","0","00","0","0","0","0","0","0","0","0","0","100","0","1","0","0",0,100,0,1,"0","0","0","0.005","0.04","SSS same agency","leach fileds SD 6","2SSO10120",1,"No"," "," "," ",0,0,0,0,NA
"2","2SSO10121","Historical","06/05/2007"," ","232","160,778","0","0",0,"0","0","0"," ","0"," "," ","1"," "," ","1"," "," ",NA,NA," "," "," "," "," "," "," "," "," "," "," "," ",NA,NA,"0","1.3","0.5","none"," ","86"," "," "," ","90"," "," ","0"," "," ","0"," "," ","0"," "," ","0"," "," ","10"," "," ","0"," ",NA,NA,NA,NA,"0","0.1","0.1"," "," "," "," "," ",0," "," "," "," ",0,NA,NA,NA,NA
"2","2SSO10122","Historical","06/30/2009","Municipal","60,000","8,700,000","700,000","2",10,"2","1","0","0","0","0","0","0","0","0","0","0","0",NA,NA," "," "," "," "," "," "," "," "," "," "," "," ",NA,NA,"0","147","0.","none"," ","11407"," "," "," ","0"," "," ","0"," "," ","57"," "," ","21"," "," ","0"," "," ","18"," "," ","4"," ",NA,NA,NA,NA,"29","180.9","6.0"," "," "," "," "," ",0," "," "," "," ",0,NA,NA,NA,NA
"2","2SSO10123","Active","03/07/2023","Municipal (Public)","19,257","4,990,882","1,476,493","0",3,"1","2","2","0","0","0","0","0","0","0","0","0","0",0,1,"69","0","27","0","4","0","0","0","0","0","0","0",100,0,"0","46","42","lower","21","4500","0","0","0","0","0","0","0","0","0","0","0","0","73","0","0","25","0","0","1","0","0","1","0",0,100,0,0,"1.5","75.1","4.2","1.1","2.7","WWTP other agency","San Jose Santa Clara Regional Wastewater Facility",NA,1,"No"," "," "," ",0,0,0,0,NA
"2","2SSO10124","Historical","","","","","","",NA,"","","","","","","","","","","","","",NA,NA,"","","","","","","","","","","","",NA,NA,"","","","","","","","","","","","","","","","","","","","","","","","","","","","","",NA,NA,NA,NA,"","","","","","","","",0,"","","","",0,NA,NA,NA,NA
"2","2SSO10125","Active","03/07/2023","Municipal (Public)","59,244","17,816,017","6,834,547","1",8,"2","4","7","0","1","0","0","0","0","0","0","0","0",0,0,"30","100","56","0","13","0","1","0","0","0","0","0",100,100,"1.2","192","160","lower","80","16302","0","0","0","0","0","0","0","0","0","0","0","0","15","0","0","60","0","1","16","7","4","9","2",3,100,9,8,"20","305.1","26.8","4.0","5.5","WWTP other agency","San Jose Santa Clara Regional Wastewater Facility",NA,1,"No"," "," "," ",0,12,0,11,NA
"2","2SSO10127","Active","09/01/2022","Municipal (Public)","221,327","1,137,419","5,750,000","5",5,"1","1","0","3","3","2","5","3","1","4","0","0","2",1,1,"20","0","62","0","13","23","5","77","0","0","0","0",100,100,"18.5","57","58","none","0","5455","0","0","0","0","0","0","0","0","0","5","0","0","30","0","0","15","4","1","35","0","0","15","1",0,100,5,1,"0","36","14","12.9","20.3","WWTP same agency","Delta Diablo","2SSO10127",1,"Yes","No","City of Antioch","5SSO10890",2,0,0,0,NA
"2","2SSO10128","Active","08/08/2022","Municipal (Public)","82,000","3,572,873","910,936","10",24,"4","1","7","0","5","3","2","2","1","3","2","1","2",2,0,"3","0","79","0","13","0","4","0","1","0","0","0",100,0,"0.13","223.0","0","none","0.13","21986","0","0","0","0","0","0","0","0","0","0","0","0","1","0","0","31","0","0","26","0","0","42","1",1,100,1,1,"0","31.7","7.05","11.41","17.88","WWTP same agency","DSRSD","CA0037613",1,"No"," "," "," ",0,30,0,2,NA
"2","2SSO10129","Active","05/05/2023","Municipal (Public)","7,155","4,108,185","1,696,000","5",2,"1","2","1","0","0","0","0","0","0","0","0","0","0",0,0,"70","0","20","0","7","0","3","0","0","0","0","0",100,0,"0","30","60","none","0","4600","0","0","0","0","0","0","0","0","0","40","0","0","20","0","0","10","0","0","10","0","0","20","0",0,100,0,0,"0","60","60","1.3","3.0","WWTP other agency","PARWQCP",NA,1,"No"," "," "," ",0,1,0,2,NA
"2","2SSO10131","Active","12/01/2022","Municipal (Public)","740,000","4,295,300","9,500,000","0",6,"2","2","0","0","0","0","0","0","0","0","0","0","0",1,0,"0","0","0","1","3","23","14","72","83","4","0","0",100,100,"9","29","0","none","0","0","0","0","0","0","0","0","0","0","0","0","0","0","54","1","0","9","0","0","32","6","1","5","6",1,100,13,2,"0.5","1.6","4.0","50","327","WWTP same agency","EBMUD Main Wastewater Treatment Plant","2019014001",1,"Yes","No","City of Alameda","2SSO10087",5,9,2,6,NA
"2","2SSO10133","Active","04/26/2023","Municipal (Public)","12,870","686,764","300,000","0.3",0.6,"0.1","0.5","0","0","0","0","0","0","0","0","1","0","0",0,0,"3","100","43","0","35","0","18","0","0","0","1","0",100,100,"0.4","15.0","11.6","none","0","1090","0","0","1","0","0","0","0","0","0","0","0","0","12","0","0","8","0","0","61","0","0","19","0",0,100,0,1,"0","15","15","1.3","9.3","WWTP other agency","EBMUD",NA,1,"Yes","No","City of Oakland",NA,1,1,0,0,NA
"2","2SSO10134","Active","01/03/2023","Municipal (Public)","105,026","1,921,071","0","3",17,"2","1","9","0","10","0","0","5","0","0","0","0","0",7,3,"2","0","85","0","13","0","0","0","0","0","0","0",100,0,"0","259","310","lower","156","30000","0","0","0","0","0","0","0","0","0","0","0","0","5","0","0","25","0","0","60","0","0","10","0",0,100,0,0,"3","105","52","10.2","32.4","WWTP other agency","Fairfield Susiun Sewer District","2SSO10136",1,"No","No"," "," ",1,0,0,0,NA
"2","2SSO10135","Active","06/01/2023","Municipal (Public)","33,000","6,400,000","1,200,000","1",6,"2","3","7","0","0","0","0","4","0","0","0","0","0",0,0,"63","21","30","8","6","43","1","28","0","0","0","0",100,100,"2.8","63","0","none","0","6401","0","0","0","0","0","0","0","0","0","0","0","0","0","0","0","71","7","30","23","0","0","6","1",11,100,8,41,"2","63","20","3","7","WWTP other agency","City of San Mateo","N/A",1,"No"," "," "," ",0,0,3,0,NA
"2","2SSO10136","Active","10/28/2022","Municipal (Public)","155,000","895,000","3,542,244","7",5,"2","2","0","0","1","0","1","1","0","1","1","2","1",0,0,"0","10","0","5","55","25","36","45","9","15","0","0",100,100,"15","68","9","none","0","906","0","0","0","0","0","0","0","0","0","0","0","0","7","0","0","45","2","0","39","5","3","9","0",2,100,7,5,"1","16.55","16.55","11","35","WWTP same agency","Fairfield-Suisun Sewer District","2-482005001",1,"Yes","No","City of Fairfield","2sso10134",2,18,2,20,NA
"2","2SSO10138","Active","01/25/2023","Municipal (Public)","7,100","2,540,000","868,000","1",0,"1","1","0","0","0","0","0","0","0","0","0","0","0",0,0,"57","100","18","0","20","0","0","0","0","0","5","0",100,100,"1","34","25","none","0","2622","11","0","0","0","0","0","0","0","0","0","0","0","0","0","0","56","0","1","23","0","0","10","0",0,100,0,1,"1","33","3","360,000","700,000","WWTP other agency","SAM Treatment Plant","na",1,"No"," "," "," ",0,0,0,0,NA
"2","2SSO10139","Active","02/17/2022","Municipal (Public)","8,000","500,000","250,000","4",2,"1","0","1","0","0","0","0","0","0","1","0","0","0",0,0,"44","0","46","100","4","0","6","0","0","0","0","0",100,100,"1.5","35","3","none","0","3000","0","0","0","0","0","0","0","0","0","5","0","0","10","0","0","40","0","0","40","1","0","5","1",1,100,2,1,"0","5","1","0.7","5.5","WWTP other agency","Sewer Authority Mid-Coastside","2SSO10175",1,"No"," "," "," ",0,3,0,5,NA
"2","2SSO10140","Active","11/09/2022","Municipal (Public)","160,000","3,958,374","7,700,000","4",15,"2","1","2","0","3","0","0","1","2","0","2","0","0",1,1,"5","17","76","0","12","32","6","51","1","0","0","0",100,100,"4","317","489","none","0","31943","0","0","0","0","0","0","0","0","0","0","0","0","4","0","0","62","0","0","29","3","2","5","1",3,100,4,5,"0.5","254","65.1","9.8","22.2","WWTP same agency","WPCF","N/A",1,"No"," "," "," ",0,0,0,2,NA
"2","2SSO10141","Active","05/23/2023","Municipal (Public)","24,000","1,800,000","700,000","2",3,"1","3","0","0","0","0","0","0","0","0","0","0","0",0,0,"40","0","10","20","25","0","25","80","0","0","0","0",100,100,"1","57","51","none","0","6950","0","0","0","0","0","0","0","0","0","0","0","0","0","0","0","40","0","0","40","4","0","20","2",0,100,6,0,"1","57","1","1.25","1.52","WWTP same agency","Pinole Hercules Treatment plant","ca0037796",1,"No"," "," "," ",0,3,3,0,NA
"2","2SSO10142","Active","11/28/2022","Municipal (Public)","11,016","10,439,238","4,105,000","0",6,"1","2","2","0","1","0","0","1","0","0","1","0","0",0,0,"74","50","13","0","10","50","3","0","0","0","0","0",100,100,"0.5","93.46","85","none","0","3915","6","0","0","0","0","0","1","0","0","3","0","0","11","0","0","22","0","2","30","1","0","27","0",1,100,1,3,"0","42.1","0","0.17","5.35","SSS other agency","City of Burlingame","2SSO10099",2,"Yes","No","City of San Mateo","2SSO10183",3,30,0,2,NA
"2","2SSO10143","Active","12/05/2022","Municipal (Public)","2,500","440,000","450,000","0",0,"0","0.75","0","0","0","0","0","0","0","0","0","0","0",0,0,"90","0","8","0","2","0","0","0","0","0","0","0",100,0,"0","12.8","15","none","0","1000","0","0","0","0","0","0","0","0","0","0","0","0","33","0","0","3","0","0","12","0","0","52","0",0,100,0,0,"0","2.8","0.3","02","2","WWTP other agency","Sewerage Agency of Southern Marin","221I000240",1,"No"," "," "," ",0,4,0,0,NA
"2","2SSO10145","Active","03/20/2023","Municipal (Public)","3,242","440,244","796,358","0",0,"0","2","0","0","0","0","0","0","0","0","0","0","0",0,0,"37","3","51","0","11","97","1","0","0","0","0","0",100,100,"0.7","15.4","19","none","0.03","1271","0","0","0","0","0","0","14","0","0","20","0","0","33","0","0","6","1","1","14","0","0","13","0",0,100,1,1,"0","13.22","2.94","0.247","2.130","WWTP same agency","Joint Use Philips F. Meads Water Treatment Plant","2SSO10145",1,"No"," "," "," ",0,2,0,1,NA
"2","2SSO10147","Active","09/01/2022","Municipal (Public)","29,062","2,440,000","4,796,000","1",4,"1","1","1","4","0","0","0","3","0","0","2","0","0",0,1,"72.0","16.4","17","14.8","10.0","62.6","1.0","8.2","0","0","0","0",100,100,"6.7","105","52.5","none","0","8811","0","0","0","0","0","0","0","0","0","0","0","0","52","2","0","34","6","2","10","2","16","4","0",0,100,10,18,"10","72","13","2.9","6.5","WWTP same agency","Las Gallinas Valley Sanitary District","CA0037851",1,"No"," "," "," ",0,8,3,2,NA
"2","2SSO10148","Active","06/27/2023","Municipal (Public)","83,530","3,150,517","3,369,000","0",6,"1","1","1","0","4","0","0","1","0","0","2","0","0",3,0,"5","0","74","10","15","90","5","0","1","0","0","0",100,100,"2.86","305","250","lower","25.6","29600","0","0","0","0","0","0","0","0","0","0","0","0","3","0","0","43","0","0","40","0","0","14","2",2,100,2,2,"7","124","42","5.386","8.5","SSS other agency","EBDA","unknown",1,"No"," "," "," ",0,2,1,1,NA
"2","2SSO10149","Active","05/22/2023","Municipal (Public)","5,060","289,544","636,540","1",1,"1","1","0","0","1","0","0","0","0","0","1","0","0",0,0,"60","100","36","0","4","0","0","0","0","0","0","0",100,100,"0.3","56","32","none","0","1909","0","0","0","0","0","0","0","0","0","0","0","0","80","0","0","6","0","0","6","0","1","8","0",1,100,0,2,"0","24.8","10","0.6","0.74","SSS other agency","Los Altos City CS","2SSO10110",2,"No"," "," "," ",0,66,1,0,NA
"2","2SSO10151","Active","04/04/2023","Municipal (Public)","6,400","200,000","1,950,000","3",8,"3","1","5","2","1","0","0","1","0","0","1","0","1",5,3,"80","60","20","20","0","20","0","00","0","0","0","0",100,100,"2.4","28.5","10","none","0","2800","0","0","0","0","0","0","0","0","0","0","0","0","0","0","0","90","2","20","5","0","0","5","0",0,100,2,20,"15","5","1","0.600","3.0","WWTP same agency","Marin County SD#5",NA,1,"No"," "," "," ",0,2,0,0,NA
"2","2SSO10152","Active","04/30/2023","Municipal (Public)","210","4,500","10,675","1",3,"3","1","3","2","1","0","0","1","0","0","1","0","1",5,3,"90","90","10","10","0","0","0","0","0","0","0","0",100,100,"1.7","1.4","0.8","none","0","109","0","0","0","0","0","0","0","0","0","0","0","0","0","0","0","70","0","0","10","0","0","20","0",2,100,0,2,"2","1","0","0.015","0.040","WWTP same agency","Paradise Cove Plant",NA,1,"No"," "," "," ",0,0,0,0,NA
"2","2SSO10154","Active","03/15/2023","Municipal (Public)","14,231","6,524,587","3,461,502","1",2,"0.5","0.25","0","0","0","0","0","0","0","0","0","0","0",0,0,"68","100","22","0","7","0","1","0","1","0","1","0",100,100,"0.5","58.5","100","none","0","5600","0","0","0","0","0","0","0","0","0","10","0","0","20","0","0","30","2","0","20","0","0","20","0",0,100,2,0,"0","11.2","5.1","2.5","30","WWTP same agency","sewerage agency of southern marin","2SSO10154",1,"No","No"," "," ",5,106,0,0,NA
"2","2SSO10155","Active","10/24/2022","Municipal (Public)","23,552","8,000,000","7,000,000","4",2,"1","1","2","0","1","0","0","2","0","0","1","0","0",0,0,"65","5","25","0","5","95","5","0","0","0","0","0",100,100,"1","58.71","44","lower","22","6500","0","0","0","0","0","0","0","0","0","40","0","0","31","0","1","10","1","0","4","0","1","15","0",0,100,1,2,"0","43.27","8","3","9","WWTP same agency","City of Millbrae","N/A",1,"No"," "," "," ",0,0,0,0,NA
"2","2SSO10156","Active","03/23/2023","Municipal (Public)","80,839","8,468,041","6,947,000","4",2,"1","1","2","0","2","0","2","1","0","0","0","0","0",0,0,"20","0","40","60","30","40","10","0","0","0","0","0",100,100,"5.0","179","113","lower","65","15900","0","0","0","0","0","0","0","0","0","0","0","0","16","0","0","48","0","0","35","0","1","1","1",0,100,1,1,"0","49","3.2","7.31","14.8","WWTP other agency","San Jose WWTP","2SSO10179",1,"No"," "," "," ",0,50,2,30,NA
"2","2SSO10157","Active","01/26/2023","Municipal (Public)","6,299","4,000,000","1,400,000","0",0,"0","1","1","1","4","0","1","1","0","0","0","0","0",3,2,"92","90","3","10","5","0","0","0","0","0","0","0",100,100,"3","24","10","none","0","1900","0","0","0","0","0","0","0","0","0","0","0","0","18","0","0","60","0","0","5","0","0","17","2",11,100,2,11,"0","24","8","0.22","1.80","SSS other agency","Sewer Authority Mid-Coastside","2sso10175",1,"No"," "," "," ",0,2,0,1,NA
"2","2SSO10158","Active","04/12/2023","Municipal (Public)","21,900","737,406","1,136,000","0.26",0.52,"1","0.26","1","1","2","0","1","0","0","0","0","0","00",1,0,"61","0","25","54","10.5","46","1.5","0","0","0","2","0",100,100,"2","73","70.4","none","0","8304","8","0","0","0","0","0","6","0","0","1","0","0","15","1","0","31","0","0","31","3","0","8","0",0,100,4,0,"2","45.5","26","1.017","3.493","WWTP same agency","Mt. View Sanitary District","2SSO10158",1,"No"," "," "," ",0,2,0,0,NA
"2","2SSO10159","Active","01/12/2023","Municipal (Public)","77,818","3,060,950","12,650,000","4",24,"3","2","0","0","9","0","2","2","2","1","2","0","1",1,0,"30","12","46","36","19","52","3","0","2","0","0","0",100,100,"1","273","147","lower","147","27000","8","0","0","0","0","0","0","0","0","0","0","0","8","0","0","34","2","0","20","0","0","30","2",0,100,4,0,"1","116","42","5.85","16.80","WWTP same agency","Soscol Water Recycling Facility","243858",1,"No"," "," "," ",0,31,2,8,NA
"2","2SSO10160","Historical","07/07/2022","Park (Day Use)","1,142,615","225,000","0","1",3,"1","1","0","0","0","0","0","0","0","0","0","0","0",0,0,"90","84","10","13","0","3","0","0","0","0","0","0",100,100,"5.6","8.5","2.6","upperLower","2.6","200","0","0","0","0","0","0","0","0","0","0","0","0","80","0","0","7","0","0","7","2","7","6","0",0,100,2,7,"0","0.5","0.5","0.07","0.19","WWTP other agency","Sausalito-Marin City Sanitary Treatment","0",1,"No"," "," "," ",0,0,1,0,NA
"2","2SSO10161","Active","03/07/2023","Municipal (Public)","107,864","2,972,700","5,825,000","1",8,"2","1","1","0","2","1","2","5","0","0","1","1","1",3,2,"51","43","12","0","33","25","4","32","0","0","0","0",100,100,"3.8","187","250","none","0","23049","0","0","0","0","0","0","0","0","0","16","0","0","46","0","0","30","2","0","4","2","0","4","1",0,100,5,0,"0.2","115","4.8","5.74","9.68","WWTP same agency","North San Mateo CS","2SSO10161",1,"Yes","No","Westborough CS","2SSO10665",2,0,0,0,NA
"2","2SSO10162","Active","08/31/2022","Municipal (Public)","60,000","2,719,929","9,130,000","1",5,"1","2","0","0","4","1","1","2","0","2","1","1","0",0,0,"64","37","20","15","13","46","3","2","0","0","0","0",100,100,"23","212","312.5","none","0","23591","0","0","0","0","0","0","0","0","0","0","0","0","22","0","0","46","3","0","22","8","0","10","28",0,100,39,0,"20","142.69","40.25","3.13","20","WWTP same agency","Novato Sanitary District WWTP","2215022001",1,"Yes","No","Coast Guard Military Housing",NA,3,58,7,13,NA
"2","2SSO10163","Active","01/09/2023","Municipal (Public)","140,546","2,504,600","10,340,000","1",11,"2","1","2","4","1","1","6","3","0","3","5","1","0",0,0,"33","40","45","35","15","25","5","0","2","0","0","0",100,100,"2.8","269","420","none","0","45000","0","0","0","0","0","0","0","0","0","0","0","0","64","2","0","8","2","0","12","5","3","16","1",0,100,10,3,"28","245","104","12.48","82","WWTP same agency","Oro Loma Sanitary District","2SSO10163",1,"Yes","No","Castro Valley Sanitary District","0",1,37,3,22,NA
"2","2SSO10164","Active","04/19/2023","Municipal (Public)","67,973","16,300,740","4,477,768","3",5,"1","0.3","1","0","1","0","0","0","0","0","0","0","0",0,0,"32","0","39","0","20","0","8","0","1","0","0","0",100,0,"0.3","216","168","lower","84","17832","13","0","0","1","0","0","8","0","0","4","0","0","21","0","0","13","0","1","12","0","0","28","0",0,100,0,1,"2","137","13.5","15.47","36.32","WWTP same agency","Palo Alto regional water Quality Cotrol Plant","2SSO10164",1,"Yes","Yes","City Of Mountain View","2SSO10164",4,4,0,7,NA
"2","2SSO10165","Active","10/13/2022","Municipal (Public)","64,316","1,473,355","8,683,000","3",4,"2","2","1","0","0","0","0","0","0","0","0","0","0",0,0,"42","0","33","0","17","0","4","0","1","0","3","0",100,0,"4.73","191.37","50.15","none","0","19125","0","0","0","0","0","0","1","0","0","5","0","0","15","0","0","28","1","1","37","4","3","14","0",0,100,5,4,"2","71.58","22.36","3.86","26.54","WWTP same agency","Ellis Creek Water Recycle Facility","2 494006001",1,"Yes","No","Pengrove","2 631034",1,2,8,4,NA
"2","2SSO10166","Active","01/04/2023","Municipal (Public)","11,378","1,444,812","446,640","1",3,"2","2","5","0","1","0","0","0","0","0","0","0","0",0,0,"67","0","22","0","10","0","1","0","0","0","0","0",100,100,"0","48.7","49","none","0","3870","0","0","0","0","0","0","9","0","0","5","0","0","8","0","0","0","0","0","0","0","0","78","0",0,100,0,0,"0","11.4","6.3","1","21","SSS other agency","City of Oakland","2SSO11204",3,"Yes","No","City of Oakland","2SSO11204",1,8,0,0,NA
"2","2SSO10167","Active","02/14/2023","Municipal (Public)","80,000","3,993,000","1,150,000","1",21,"2","4","19","0","1","0","0","1","0","0","1","0","0",0,0,"11","47","70","0","15","52","4","0","0","1","0","0",100,100,"5.45","254.44","200","none","0","20874","0","0","0","0","0","0","0","0","0","0","0","0","2","0","0","33","0","2","52","2","2","12","1",4,100,3,8,"5","11.70","6.39","5.4","11.3","WWTP other agency","Dublin San Ramon Services District","2SSO10128",2,"Yes","No","County of Alameda Castlewood Area","2SSO18112",1,15,5,9,NA
"2","2SSO10168","Active","12/29/2022","Municipal (Public)","81,643","7,951,040","5,080,000","2",14,"1","1","5","0","7","0","0","2","0","0","1","0","0",15,10,"41","53","41","22","16","25","2","0","0","0","0","0",100,100,"10","184","109","lower","109","18017","41","0","0","0","0","0","0","0","0","0","0","0","19","0","0","14","0","6","21","3","15","5","1",6,100,4,27,"12.5","81","6.9","5.9","16.1","WWTP other agency","Silicon Valley Clean Water","2SSO10190",1,"Yes","No","Town of Woodside","2SSO10218",4,67,3,24,NA
"2","2SSO10169","Active","04/06/2023","Municipal (Public)","9,500","4,200,000","2,200,000","0",1,"2","1","1","0","0","0","0","1","0","0","1","0","0",0,0,"80","25","10","0","10","75","0","0","0","0","0","0",100,100,"8","40","40","none","0","4000","0","0","0","0","0","0","0","0","0","0","0","0","10","0","0","15","0","0","30","0","10","45","0",14,100,0,24,"0","16.96","0.78","3","9","WWTP other agency","Sewerage Agency of Southern Marin","2 215015001",1,"No"," "," "," ",0,6,3,0,NA
"2","2SSO10170","Active","04/03/2023","Municipal (Public)","68,280","4,417,979","4,500,000","2",8,"1","2","5","0","1","0","0","0","0","0","0","0","0",0,0,"59","59","17","35","16","6","7","0","1","0","0","0",100,100,"4.1","183","208","none","0","19965","0","0","0","0","0","0","6","0","0","6","0","0","67","0","0","14","0","0","2.4","13","0","5.6","0",0,100,13,0,"1.5","82.3","21.0","5.39","34.70","WWTP same agency","Richmond WWTP","2 071037001",1,"No","No","West County Wastewater District"," ",2,0,3,0,NA
"2","2SSO10171","Active","02/28/2023","Municipal (Public)","8,000","210,000","225,000","2",2,"1","2","2","1","1","0","0","0","0","0","1","0","0",1,1,"50","80","20","0","20","20","10","0","0","0","0","0",100,100,"2","25","0","none","0","2700","0","0","0","5","0","0","5","0","0","10","0","0","10","1","0","30","0","0","5","0","0","35","0",1,100,1,1,"0","8","5","0.5","3.4","WWTP same agency","Rodeo Sanitary District Water Pollution Contrl Pla","0",1,"No"," "," "," ",0,0,1,2,NA
"2","2SSO10172","Active","04/04/2023","Municipal (Public)","47,000","8,954,550","19,181,000","1",17,"5","2","5","4","0","0","1","14","0","0","3","0","1",0,0,"67","12","19","9","9","7","4","45","1","27","0","0",100,100,"7.39","198","200","none","0","13200","8","0","5","1","0","0","7","0","0","9","0","0","25","0","1","13","3","5","15","3","2","22","0",0,100,6,13,"0","183","27","3.3","56.3","WWTP other agency","Central Marin Sanitation Agency","221511600",1,"No"," "," "," ",0,291,6,28,NA
"2","2SSO10175","Active","03/29/2023","Municipal (Public)","25,000","5,300,000","3,000,000","4",13,"2","1","2","3","5","0","0","1","0","1","0","0","0",5,3,"0","0","0","14","25","86","75","0","0","0","0","0",100,100,"5.7","1.8","0","none","0","0","0","0","0","0","0","0","0","0","0","0","0","0","0","0","0","70","3","0","0","0","0","30","0",0,100,3,0,"5.7","1.8","0","1.3","3.8","WWTP same agency","Sewer Authority Mid-Coastside","N/A",1,"Yes","No","Montara Water and Sanitary District","2SSO10157",3,2,9,0,NA
"2","2SSO10176","Active","02/10/2023","Municipal (Public)","42,656","11,495,848","25,468,279","0",10,"1","2","0","0","6","0","0","0","0","0","1","0","0",0,0,"71","50","9","49","12","1","8","0","0","0","0","0",100,100,"2","87","0","none","0","11000","0","0","0","5","0","0","10","0","0","10","0","0","30","0","0","30","0","1","10","0","0","5","0",5,100,0,6,"0","71","21","3","9","WWTP other agency","South San Francisco","unknown",1,"No"," "," "," ",0,0,0,0,NA
"2","2SSO10177","Active","03/08/2023","Municipal (Public)","30,000","22,819,000","17,693,000","4",15,"8","4","2","0","2","0","0","0","0","0","0","0","0",0,0,"66","100","14","0","11","0","3","0","0","0","6","0",100,100,"07","105","85","lower","44","9293","0","0","0","0","0","0","0","0","0","11","0","0","48","0","0","6","0","3","29","0","0","6","0",3,100,0,6,"27","56","1","1.6","21.07","WWTP other agency","Silicon Valley Clean Water","2SSO10190",1,"Yes","No","Devonshire County Sanitation Dist.","2SSO10226",4,6,0,0,NA
"2","2SSO10179","Active","02/26/2023","Municipal (Public)","1,068,520","25,736,509","70,600,000","56",82,"16","8","4","0","0","0","0","0","0","0","0","0","0",0,0,"58","27","22","10","13","27","5","20","2","16","0","0",100,100,"11","2,029","1,221","none","1","202000","15","0","0","0","0","0","0","0","0","1","0","0","17","0","1","42","1","4","14","1","4","11","0",6,100,2,15,"0","808","229","92.1","119.8","SSS same agency","San Jose City CS","2SSO10179",3,"Yes","No","West Valley Sanitation District","2SSO10217",5,323,5,249,NA
"2","2SSO10181","Active","09/12/2022","Municipal (Public)","55,000","9,535,000","1,500,000","2",9,"1","1","3","3","2","0","0","0","0","1","0","0","0",1,0,"70","0","10","50","10","50","9","0","1","0","0","0",100,100,"3","125","150","none","0","19000","0","0","0","0","0","0","2","0","0","20","0","0","55","0","2","21","0","3","1","3","2","1","1",1,100,4,8,"5","325","9","4.7","23.7","WWTP same agency","San Leandro WWTP","2sso10181",1,"No"," "," "," ",0,1,0,1,NA
"2","2SSO10183","Active","02/13/2023","Municipal (Public)","104,748","4,789,119","97,881,995","4",12,"1","1","2","0","4","0","0","1","0","0","0","0","0",0,0,"58","5","23","6","13","41","5","41","1","7","0","0",100,100,"10.89","229.86","189","none","0","28000","2","0","0","0","0","1","4","0","0","18","0","0","51","4","0","16","8","1","5","7","3","4","6",0,100,25,5,"6","325","51","9.3","60","WWTP same agency","san mateo wastewater treatment plant","2417035001",1,"Yes","No","Belmont","2SSO10094",4,0,3,5,NA
"2","2SSO10184","Active","09/30/2022","Municipal (Public)","38,000","4,647,217","6,900,000","1",7,"1","1","3","0","1","0","0","0","0","0","0","0","0",0,0,"69","9","13","15","16","28","2","38","0","6","0","4",100,100,"13","130","60","none","0","10992","31","0","0","0","0","0","0","0","0","2","0","0","16","4","3","31","5","10","12","0","10","8","0",0,100,9,23,"0","152","13","3","6","WWTP other agency","Central  Marin Sanitation Agency","R220120051",1,"No"," "," "," ",0,0,2,1,NA
"2","2SSO10185","Active","06/14/2023","Municipal (Public)","10,400","5,667,069","4,353,255","0",2.45,"1.4","2.5","3","0","0","0","0","0","0","0","0","0","0",0,0,"65","18","22","26","11","21","2","35","0","0","0","0",100,100,"5.2","43.2","56.7","none","0","5665","0","0","0","0","0","0","0","0","0","1","0","0","10","0","0","25","0","1","27","3","13","37","1",1,100,4,15,"1","32.9","1.3","0.76","9.36","WWTP same agency","Central Marin Sanitation Agency","213889",1,"No","No","Village Shopping Center"," ",2,3,2,3,NA
"2","2SSO10187","Active","07/27/2022","Municipal (Public)","130,365","62,519,070","19,045,006","1",6,"2","3","1","2","2","0","0","2","0","0","3","0","0",1,0,"14","0","43","1","32","2","8","85","2","11","1","1",100,100,"3","269","204","none","0","26195","0","0","0","0","0","0","0","0","0","6","0","0","42","0","0","42","1","0","6","1","0","4","0",1,100,2,1,"4","65","51","18.1","19.8","WWTP other agency","San Jose Santa Clara Regional","2438014001",1,"Yes","No","City of Sunnyvale","2SSO10200",2,20,1,26,NA
"2","2SSO10188","Active","05/10/2023","Municipal (Public)","29,500","180,000","90,000","1",7,"3","1","0","0","0","0","2","0","0","0","0","0","0",4,4,"0","0","7","19","72","41","21","40","0","0","0","0",100,100,"5.1","4.6","0","none","0","0","0","0","0","0","0","0","0","0","0","0","0","0","20","0","0","60","0","0","10","3","0","10","3",0,100,6,0,"0","1.5","1.5","2.0","35","WWTP same agency","SASM","2215015001",1,"Yes","No","Almonte SD (Sanitary District)",NA,5,2,1,0,NA
"2","2SSO10189","Active","06/09/2023","Municipal (Public)","18,000","2,039,321","2,324,011","0",6,"2","2","0","0","3","0","2","1","0","2","0","0","0",3,0,"32","0","40","2","9","61","19","37","0","0","0","0",100,100,"3.41","8.15","13.6","none","0","2000","0","0","0","0","0","0","0","0","0","0","0","0","4","0","0","38","2","0","34","1","0","24","4",0,100,7,0,"0.7","5.42","09",".86","5.13","WWTP same agency","SMCSD","CA0038067",1,"Yes","No","Tamalpais Community Services District","2SSO10202",3,0,0,0,NA
"2","2SSO10190","Active","01/20/2023","Municipal (Public)","220,000","14,525,000","59,546,700","3",16,"5","3","0","3","0","1","1","0","1","4","0","1","6",0,0,"0","0","0","0","0","0","0","30","0","70","0","0",100,100,"9.1","0","0","none","0","0","0","0","0","0","0","0","0","0","0","0","0","0","0","0","0","80","4","0","0","0","0","20","0",0,100,4,0,"9.1","0","0","12.91","62.87","WWTP same agency","Silicon Valley Clean Water","2SSO10190",1,"Yes","No","WestBay Sanitary",NA,4,0,5,0,NA
"2","2SSO10192","Historical","01/28/2020","Municipal (Public)","500","154,356","0","0",0.062,"0.016","0.009","0.006","0.004","0.006","0","0.020","0.001","0","0.007","0.001","0","0.016",0,0,"0","0","0","0","0","0","0","0","0","0","100","0",100,0,"0","3.11","0.08","none","0","0","100","100","100","0","0","0","0","0","0","0","0","0","0","0","0","0","0","0","0","0","0","0","0",0,100,100,100,"0","0.11","0.02","0","0","WWTP same agency","Oceanside Water Pollution Control Plant","2 386009001",1,"No"," "," "," ",0,0,0,0,NA
"2","2SSO10193","Active","10/12/2022","Municipal (Public)","4,891","2,405,412","501,762","0",0.22,"0.02","0.02","0","0","0.01","0","0","0.01","0","0","0.01","0","0",0,0,"8","50","39","0","34","50","15","0","2","0","2","0",100,100,"1.6","3.9","2.82","lower","2.82","466","4","0","0","0","0","0","0","0","0","1","0","0","2","0","0","1","0","0","8","0","0","84","1",0,100,1,0,"0","0.4","0.3","0.31","2.79","WWTP same agency","Southeast Water Pollution Control Plant","2386010001",1,"No"," "," "," ",0,0,0,0,NA
"2","2SSO10193-C","Historical","10/12/2022","Municipal (Public)","8,103,098","398,496,700","83,125,252","6",36,"4","2","0","0","2","0","0","1","0","0","2","0","0",1,0,"1","4","17","9","53","27","11","19","17","40","1","1",100,100,"12","947","1,046","lower","1,046","162190","4","5","0","8","0","0","20","0","0","16","0","1","12","3","0","11","3","0","9","8","2","20","3",0,100,22,3,"0","65.97","58.94","52.40","465","WWTP same agency","Southeast Water Pollution Control Plant","386013001",2,"No"," "," "," ",0,0,1,0,NA
"2","2SSO10195","Active","11/14/2022","Municipal (Public)","1,264","778,800","275,700","2",5,"1","1","0","0","0","0","0","2","0","0","0","0","0",0,0,"37","100","55","0","8","0","0","0","0","0","0","0",100,100,"3.1","9.4","2.1","lower","1.1","375","0","0","0","0","0","0","0","0","0","0","0","0","0","0","0","80","0","1","15","0","0","5","0",0,100,0,1,"3","3.84","0","0.22","0.5","WWTP other agency","City of Petaluma","2SSO10165",1,"No"," "," "," ",0,0,1,0,NA
"2","2SSO10196","Active","11/08/2022","Municipal (Public)","44,706","9,539,341","1,526,185","2",5,"1","0","0","0","0","0","0","2","0","0","0","0","0",0,0,"60","100","19","0","12","0","9","0","0","0","0","0",100,0,"0.1","132","59.1","lower","29.5","10401","0","0","0","5","0","0","10","0","0","15","0","0","30","0","0","20","0","0","15","0","0","5","0",2,100,0,2,"20","79.9","7.5","2.1","14.8","WWTP same agency","Sonoma Valley CSD","2SOO10196",1,"No"," "," "," ",0,6,0,11,NA
"2","2SSO10197","Active","12/14/2022","Municipal (Public)","6,152","1,429,224","13,485,847","1",0,"1","2","1","0","3","0","0","0","0","0","0","0","0",1,3,"35","0","35","0","25","0","5","0","0","0","0","0",100,0,"0.4","24","11.8","none","1","1753","8","0","0","0","0","0","0","0","0","0","0","0","10","1","0","30","0","0","40","0","0","12","0",1,100,1,1,"0","12","5",".39","5.09","WWTP same agency","St. Helena Treatment Plant","CA0038016",1,"No"," "," "," ",0,2,0,2,NA
"2","2SSO10198","Active","06/27/2023","Municipal (Public)","35,000","3,470,661","5,713,300","0",5,"2","1","2","0","2","0","0","0","0","0","1","0","0",0,0,"70.8",".1","11.1",".1","13.8","0","2.9","0","1.2","0","0","0",100,0,"1","147","125","none","0","13000","0","0","0","0","0","0","0","0","0","17.1","0","0","60.2","0","0","0.8","0","2","7.8","0","0","14.1","0",0,100,0,2,"0","168.86","31.11","3","30","WWTP other agency","East Bay Municipal Utility District","2 019014001",1,"Yes","No","City of Richmond","2 071037001",1,7,0,1,NA
"2","2SSO10199","Active","12/08/2022","Municipal (Public)","29,639","406,400","150,000","1",6,"1","0","0","0","0","0","0","0","0","0","0","0","0",0,0,"24","0","65","0","11","0","0","0","0","0","0","0",100,0,"1.7","77.3","42.3","none","29.6","8918","0","0","0","0","0","0","0","0","0","1","0","0","4","0","0","39","0","0","41","0","0","15","0",0,100,0,0,"0","16","10","1","1","WWTP other agency","Fairfield-Suisun Sewer District","2SSO10199",1,"No"," ","na"," ",0,4,1,0,NA
"2","2SSO10200","Active","08/29/2022","Municipal (Public)","156,234","3,280,370","9,920,404","0",10.48,"0.9","3.67","5","1","3","0","0","0","0","0","3","0","1",4,2,"15","14","55","1","24","85","5","0","1","0","0","0",100,100,"2.02","309.7","279","none","0","29471","47","0","0","0","0","0","0","0","0","0","0","0","20","0","0","25","0","0","4","0","3","4","0",2,100,0,5,"8","181","15","18.9","28.4","WWTP same agency","Sunnyvale WPCP","2438018001",1,"Yes","No","Moffett Field","N/A",2,3,1,12,NA
"2","2SSO10202","Active","01/19/2023","Municipal (Public)","7,000","5,495,403","3,019,500","1",1,"1","1","2","0","0","0","0","0","0","0","0","0","0",1,0,"84","0","11","0","5","100","0","0","0","0","0","0",100,100,"1","29","27","none","0","2564","0","0","0","0","0","0","0","0","0","0","0","0","91","1","0","0","0","0","5","0","0","4","0",3,100,1,3,"0","8","1","0.25","1.7","WWTP other agency","SMCSD","2SSO10189",2,"No"," "," "," ",0,5,2,2,NA
"2","2SSO10203","Active","10/07/2022","Municipal (Public)","1,100","50,000","640,000","0",2,"2","2","0","0","0","0","0","0","0","0","0","0","0",0,0,"25","0","30","0","45","0","0","0","0","0","0","0",100,0,"0","4","3","upperLower","3","60","0","0","0","0","0","0","0","0","0","10","0","0","80","0","0","10","0","0","0","0","0","0","0",0,100,0,0,"0","0","0.0",".296","1.758","WWTP other agency","Town of Yountville","CA0038121",1,"No"," "," "," ",0,0,0,0,NA
"2","2SSO10207","Active","08/13/2021","Municipal (Public)","675","432,200","202,500","6",0,"4","3","0","0","2","2","2","2","0","2","2","0","2",1,0,"35","17","45","16","13","66","0","0","0","0","7","1",100,100,"1.08","3,996","1.35","upperLower","1.35","61","0","1","0","0","0","0","0","0","0","10","24","0","45","0","0","40","0","0","5","0","0","0","0",0,100,25,0,"0","0.1215","0.1215","0.23","1.2","WWTP same agency","TIPWWTP","WDID2386013001",1,"No","No"," "," ",1,0,1,0,NA
"2","2SSO10209","Active","11/23/2022","Municipal (Public)","357,000","8,739,580","5,640,000","5",33,"4","2","4","2","17","1","3","2","0","1","3","1","0",3,4,"4","0","73","0","17","0","4","50","1","50","1","0",100,100,"25","839","1,660","none","0","118973","10","0","0","0","0","0","0","0","0","0","0","0","11","0","0","42","2","0","24","4","0","13","1",0,100,7,0,"2.3","228.17","107.05","22.86","31.50","WWTP same agency","Raymond A. Boege Alvarado WWTP (Union SD)","269042",1,"No"," "," "," ",0,30,14,6,NA
"2","2SSO10210","Active","03/10/2023","School","66,000","1,379,000","415,000","0",14,"3","0.5","0","0","0","0","0","0","0","0","0","0","0",0,0,"32","100","34","0","27","0","0","0","0","0","7","0",100,0,"0.41","11.35","4.23","upperLower","4.23","331","59","0","2","0","0","0","1","0","0","3","0","0","5","0","0","3","0","0","18","1","2","11","0",2,100,1,6,"0","0.26","1.51",".78","1.14","SSS other agency","Berkeley City Public Works CS","2SSO10096",2,"No"," "," "," ",0,5,1,0,NA
"2","2SSO10211","Historical","","","","","","",NA,"","","","","","","","","","","","","",NA,NA,"","","","","","","","","","","","",NA,NA,"","","","","","","","","","","","","","","","","","","","","","","","","","","","","",NA,NA,NA,NA,"","","","","","","","",0,"","","","",0,NA,NA,NA,NA
"2","2SSO10212","Active","05/18/2023","Municipal (Public)","125,133","5,606,770","1,620,000","3",28,"6","4","3","2","8","0","2","6","3","1","4","2","3",10,7,"35","23","47","24","13","47","4","6","1","0","0","0",100,100,"11.7","473","335","lower","78","37799","0","0","0","0","0","0","0","0","0","0","0","0","26","2","8","9","1","0","59","7","8","6","2",2,100,12,18,"1.0","234","34","10","60","WWTP same agency","VALLEJO SANITATION AND FLOOD CONTROL DISTRICT","2SS010212",1,"No"," "," "," ",0,9,1,6,NA
"2","2SSO10215","Active","04/06/2023","Municipal (Public)","55,000","24,698,701","12,751,750","3",17,"12","6","5","3","6","0","1","6","0","1","3","0","0",15,12,"57","66","23","1","14","28","5","5","1","0","0","0",100,100,"10","220","360","none","0","19141","0","0","0","0","0","0","5","0","0","19","0","0","34","0","0","15","0","0","16","2","4","11","1",4,100,3,8,"10","151","29.4","2.20","11.61","WWTP other agency","Silicon Valley Clean Water","2SSO10190",1,"Yes","No","SLAC National Accelerator Laboratory","2SSO11533",1,19,3,5,NA
"2","2SSO10216","Active","12/30/2022","Municipal (Public)","100,000","3,434,533","35,000,000","1",20,"4","2","4","2","3","1","3","0","0","1","6","0","0",3,3,"41","22","35","19","17","7","7","52","0","0","0","0",100,100,"6","252","245","none","0","25703","0","0","0","0","0","0","0","0","0","15","0","0","31","1","0","34","9","0","9","3","1","11","3",0,100,16,1,"0","291","47","8.2","21.5","SSS same agency","S.F Bay","2071037001",1,"No"," "," "," ",0,95,3,7,NA
"2","2SSO10217","Active","10/27/2022","Municipal (Public)","111,100","6,012,000","13,430,000","0",11,"1","1","3","1","4","0","0","2","0","0","3","0","0",12,12,"68","0","19","0","11","0","2","0","0","0","0","0",100,0,"0.5","415","470","lower","200","36836","0","0","0","0","0","0","0","0","0","2","0","0","22","0","0","50","0","0","15","0","3","11","0",0,100,0,3,"0","330","72","10","40","WWTP other agency","San Jose/Santa Clara Regional Wastewater Facility","2438014001",1,"No"," "," "," ",0,258,0,137,NA
"2","2SSO10218","Active","08/11/2022","Municipal (Public)","500","300,000","54,000","0",3,"2","1","0","0","0","0","0","0","0","0","0","0","0",0,0,"99","100","0","0","0","0","01","0","0","0","0","0",100,100,"0.3","4","1.0","none","0","186","0","0","0","0","0","0","0","0","0","0","0","0","0","0","0","0","0","0","78","0","1","22","0",1,100,0,2,"0","4","4","0.034","0.08","SSS other agency","FOSMD and Redwood City","?",2,"No","No"," "," ",1,0,0,0,NA
"2","2SSO10219","Active","07/22/2020","Municipal (Public)","2,933","431,428","225,500","0",4,"0","1","3","3","1","0","1","1","0","1","0","0","0",1,0,"34","0","49","100","17","0","0","0","0","0","0","0",100,100,"0.5","8.75","3.5","lower","3.5","752","0","0","0","0","0","0","0","0","0","0","0","0","45","0","0","5","100","0","28","0","0","22","0",0,100,100,0,"0","4.25","3.4",".194",".981","WWTP same agency","Town of Yountville","2SSO10219",1,"No","No","California Veteran's Home CS","2SSO10203",1,3,2,0,NA
"2","2SSO10223","Historical","","","","","","",NA,"","","","","","","","","","","","","",NA,NA,"","","","","","","","","","","","",NA,NA,"","","","","","","","","","","","","","","","","","","","","","","","","","","","","",NA,NA,NA,NA,"","","","","","","","",0,"","","","",0,NA,NA,NA,NA
"2","2SSO10224","Active","10/28/2022","Municipal (Public)","1,193","767,908","595,042","0.2",0.5,"0.1","0.0","0.1","0","0.1","0","0","0.1","0","0","0","0","0",0,0,"82","0","6","0","9","0","0","0","0","0","3","0",100,0,"0","6.6",NA,"none","0","425","0","0","0","0","0","0","0","0","0","83","0","0","0","0","0","0","0","0","0","0","0","17","0",0,100,0,0,"0.8","14.2","0.08","0.1","1.4","SSS other agency","City of Burlingame Sewer System","Unknown",2,"Yes","No","City of Burlingame Sewer System","Unknown",1,8,0,0,NA
"2","2SSO10225","Active","10/28/2022","Municipal (Public)","3,657","2,303,728","2,450,000","0.5",1.4,"0.4","0.1","0.4","0","0.3","0","0","0.3","0","0","0","0","0",0,0,"82","0","8","0","8","0","0","0","0","0","2","0",100,0,"0","18.0",NA,"none","0","1,432","0","0","0","0","0","0","0","0","0","0","0","0","82","0","0","0","0","0","0","0","0","18","0",0,100,0,0,"1.1","33.8","10.4","0.3","1.7","SSS other agency","Town of Hillsborough Sewer Collection System","Unknown",3,"Yes","No","County of San Mateo Tower Road Complex","Unknown",1,4,0,0,NA
"2","2SSO10226","Active","10/28/2022","Municipal (Public)","719","539,411","0","0.1",0.3,"0.1","0.0","0.1","0","0.1","0","0","0.1","0","0","0","0","0",0,0,"97","0","2","0","0","0","0","0","0","0","1","0",100,0,"0","4.0",NA,"none","0","277","0","0","0","0","0","0","0","0","0","0","0","0","93","0","0","0","0","0","0","0","0","7","0",0,100,0,0,"0.6","5.6","0.0","0.1","0.7","SSS other agency","City of San Carlos Sewer Collection System","Unknown",2,"Yes","No","City of San Carlos Sewer Collection System","Unknown",1,5,0,0,NA
"2","2SSO10227","Active","10/28/2022","Municipal (Public)","4,571","2,776,232","500,000","0.8",2.2,"0.6","0.2","0.6","0","0.4","0","0","0.4","0","0","0","0","0",0,0,"91","0","7","0","0","0","0","0","0","0","2","0",100,0,"0","28.3",NA,"none","0","1,676","0","0","0","0","0","0","0","0","0","0","0","0","8","0","0","0","0","0","90","0","0","2","0",0,100,0,0,"0.7","13.9","0.2","0.3","0.5","SSS other agency","Redwood City Wastewater Collection System","Unknown",3,"No"," "," "," ",0,25,0,0,NA
"2","2SSO10228","Active","10/28/2022","Municipal (Public)","28,816","11,907,315","6,646,576","2.2",6.1,"1.7","0.6","1.7","0","1.1","0","0","1.1","0","0","0","0","0",0,0,"73","0","11","0","10","0","6","0","0","0","0","0",100,0,"0","80.2",NA,"none","0","7,116","0","0","0","0","0","0","0","0","0","95","0","0","0","0","0","0","0","0","0","0","0","5","0",0,100,0,0,"1","102.6","0.6","2.0","18.5","SSS other agency","Redwood City Wastewater Collection System","Unknown",2,"Yes","No","Town of Woodside  Sewer System","Unknown",1,20,0,0,NA
"2","2SSO10229","Active","10/28/2022","Municipal (Public)","354","232,037","0","0",0.1,"0.0","0.0","0","0","0","0","0","0","0","0","0","0","0",0,0,"93","0","0","0","0","0","0","0","0","0","7","0",100,0,"0","1.6",NA,"none","0","135","0","0","0","0","0","0","0","0","0","0","0","0","88","0","0","0","0","0","0","0","0","12","0",0,100,0,0,"0","1.6","0","0.0","0.1","SSS other agency","Redwood City Wastewater Collection System","Unknown",2,"No"," "," "," ",0,0,0,0,NA
"2","2SSO10230","Active","10/28/2022","Municipal (Public)","124","109,026","0","0.1",0.2,"0.1","0.0","0.1","0","0","0","0","0","0","0","0","0","0",0,0,"5","0","62","0","8","0","0","0","0","0","25","0",100,0,"0","3.0",NA,"none","0","54","0","0","0","0","0","0","0","0","0","0","0","0","98","0","0","0","0","0","0","0","0","2","0",0,100,0,0,"0.1","3.5","0","0.0","0.1","SSS other agency","City of San Carlos Sewer Collection System","Unknown",2,"No"," "," "," ",0,1,0,0,NA
"2","2SSO10665","Active","09/09/2022","Other","13,486","2,771,431","200,000","1",8,"2","1","0","0","0","0","0","0","0","0","0","0","0",0,0,"54","100","41","0","3","0","2","0","0","0","0","0",100,0,"0.9","18.8","9.3","none","0","3813","0","0","0","0","0","0","0","0","0","0","0","0","0","0","0","60","3","0","30","0","0","10","0",0,100,3,0,"0.2","4.5","0","6.5","12.5","WWTP same agency","North San Mateo CS","2SSO10161",1,"Yes","Yes","SF Jail No 3","S255281",1,0,0,0,NA
"2","2SSO10881","Historical","","","","","","",NA,"","","","","","","","","","","","","",NA,NA,"","","","","","","","","","","","",NA,NA,"","","","","","","","","","","","","","","","","","","","","","","","","","","","","",NA,NA,NA,NA,"","","","","","","","",0,"","","","",0,NA,NA,NA,NA
"2","2SSO11174","Active","04/10/2023","School","30,000","156,000","180,000","0",10,"2","2","0","0","0","0","0","0","0","0","0","0","0",2,0,"30","100","40","0","30","0","0","0","0","0","0","0",100,100,"0","1","1","upperLower","1","38","0","0","0","0","0","0","3","0","0","8","0","0","29","0","0","35","0","0","13","0","0","12","0",0,100,0,0,"0","0.2","0.2",".1",".1","SSS other agency","City of San Jose","0",1,"No"," "," "," ",0,0,0,0,NA
"2","2SSO11198","Active","07/05/2023","Prison","3,900","46,000","46,000","0",3,"1","1","0","0","0","0","0","0","0","0","0","0","0",0,0,"90","0","5","0","5","0","0","0","0","0","0","0",100,0,"1.5","15","30","upperLower","30","2850","0","0","0","15","0","0","15","0","0","20","0","0","30","0","0","7","0","0","10","2","0","3","0",0,100,2,0,"0","3.5","1.0","0.5","0.6","WWTP other agency","Central Marin Sanitation Agency","221S000810",1,"No"," "," "," ",0,0,0,0,NA
"2","2SSO11204","Active","01/04/2023","Municipal (Public)","425,097","19,607,403","6,023,909","28",29,"9","3","15","0","0","0","0","3","0","0","2","0","0",0,0,"6","70","67","18","17","12","4","0","1","0","5","0",100,100,"1.4","931.3","1,000","none","0","101000","10","0","0","0","0","0","0","0","0","0","0","0","40","0","0","10","0","0","15","0","0","25","2",11,100,2,11,"0","193","82","48","260","WWTP other agency","EBMUD","2SSO10131",1,"Yes","No","City of Piedmont","unkno2SSO1016wn",1,432,1,0,NA
"2","2SSO11208","Historical","","","","","","",NA,"","","","","","","","","","","","","",NA,NA,"","","","","","","","","","","","",NA,NA,"","","","","","","","","","","","","","","","","","","","","","","","","","","","","",NA,NA,NA,NA,"","","","","","","","",0,"","","","",0,NA,NA,NA,NA
"2","2SSO11410","Active","04/14/2023","Park (w/Campground)","500","75,000","400,000","0",1,"1","1","0","0","0","0","0","0","0","0","0","0","0",0,0,"100","0","0","0","0","100","0","0","0","0","0","0",100,100,"0.9","1.0","1.0","upperLower","1.0","16","0","0","0","0","0","0","0","0","0","0","0","0","0","0","0","100","0","2","0","0","0","0","0",0,100,0,2,"0","0","0",".01",".01","SSS other agency","Castro Valley Sanitary District","unknown",1,"No"," "," "," ",0,0,0,0,NA
"2","2SSO11411","Active","04/14/2023","Park (Day Use)","150","75,000","400,000","0",1,"1","1","0","0","0","0","0","0","0","0","0","0","0",0,0,"100","0","0","0","0","100","0","0","0","0","0","0",100,100,"0.3","0.8","0.3","upperLower","0.3","4","0","0","0","0","0","0","0","0","0","0","0","0","0","0","0","100","0","1","0","0","0","0","0",0,100,0,1,"0","0","0",".005",".005","SSS other agency","Hayward Sanitary District","unknown",1,"No"," "," "," ",0,0,0,0,NA
"2","2SSO11413","Active","04/14/2023","Park (w/Campground)","1,100","75,000","400,000","0",1,"1","1","0","0","0","0","0","0","0","0","0","0","0",0,0,"100","0","0","0","0","100","0","0","0","0","0","0",100,100,"1.6","0.8","0.8","upperLower","0.8","44","0","0","0","0","0","0","0","0","0","0","0","0","0","0","0","90","0","0","0","0","0","10","0",6,100,0,6,"0","0","0",".015",".20","WWTP same agency","Del Valle Regional Park","R2-90-157",1,"No"," "," "," ",0,1,0,0,NA
"2","2SSO11430","Active","01/10/2023","Port","5,700","500,000","20,750,000","0",10,"6","3","0","0","0","0","0","0","0","0","0","0","0",0,0,"40","100","30","0","26","0","4","0","0","0","0","0",100,100,"3.6","26","15.1","upperLower","15.1","117","0","0","0","0","0","0","0","0","0","30","0","0","20","0","0","25","0","0","15","18","0","10","9",0,100,27,0,"0","3.7","3.7",".377","1","SSS other agency","City of Oakland","2SSO11204",2,"No"," "," "," ",0,0,0,0,NA
"2","2SSO11444","Active","08/14/2022","Park (Day Use)","100","50,000","50,000","1",2,"1","1","0","0","1","0","0","0","0","0","0","0","0",0,0,"100","100","0","0","0","00","0","00","0","0","0","0",100,100,"1.5","0.5","0.5","upperLower","0.5","12","0","0","0","0","0","0","0","00","0","0","0","00","0","0","0","0","0","0","100","0","0","0","0",5,100,0,5,"0","0.5","0.5",".010",".015","WWTP other agency","Central Marin Sanitation Agency","CA0038628",4,"No"," "," "," ",0,0,0,0,NA
"2","2SSO11445","Historical","11/21/2022","Other","4,000","75,000","75,000","0",0.3,"0.3","0.1","0","0","0","0","0","0","0","0","0","0","0",0,0,"67","0","32","0","1","0","0","0","0","0","0","0",100,0,"0","3.5","2.4","upperLower","2.4","51","0","0","0","0","0","0","0","0","0","0","0","0","26","0","0","23","0","0","30","0","0","21","0",0,100,0,0,"0","0","0","0.1","0.2","SSS other agency","City of Berkeley","2SSO10096",2,"No"," "," "," ",0,0,0,0,NA
"2","2SSO11481","Active","04/14/2023","Park (Day Use)","415","75,000","400,000","0",1,"1","1","0","0","0","0","0","0","0","0","0","0","0",0,0,"100","0","0","0","0","100","0","0","0","0","0","0",100,100,"1.4","1.1","1.1","upperLower","1","3","0","0","0","0","0","0","0","0","0","0","0","0","0","0","0","0","0","0","100","0","1","0","0",0,100,0,1,"0","0","0",".01",".01","SSS other agency","Union Sanitary District","unknown",1,"No"," "," "," ",0,0,0,0,NA
"2","2SSO11507","Active","09/20/2022","Port","5,000","300,000","150,000","5",4,"3","2","0","0","0","0","0","0","0","0","0","0","0",0,0,"90","81","1","19","9","0","0","0","0","0","0","0",100,100,"2","8","3.0","upperLower","3.0","300","0","0","0","0","0","0","0","0","0","5","0","0","15","0","0","50","0","0","20","0","0","10","0",0,100,0,0,"6.5","1","0.02","1","1","WWTP other agency","SF PUC","na",1,"No"," "," "," ",0,0,0,0,NA
"2","2SSO11508","Active","06/16/2023","Other","120","20,000","20,000","1",3,"1","1","1","0","1","0","0","0","0","0","0","0","0",1,1,"100","0","0","0","0","0","0","0","0","0","0","0",100,0,"1","1","1","upperLower","1","9","0","0","0","0","0","0","0","0","0","0","0","0","0","0","0","0","0","0","0","0","0","100","0",0,100,0,0,"0","0.5","0.5",".006",".010","WWTP same agency","Marconi Conference Center","2SS011508",4,"No"," "," "," ",0,0,0,0,NA
"2","2SSO11509","Active","03/28/2023","Municipal (Public)","650","255,085","69,725","1",2,"1","1","3","0","0","0","0","0","0","0","0","0","0",0,0,"100","100","0","0","0","0","0","0","0","0","0","0",100,100,"1","3","1.5","none","0","164","0","0","0","0","0","0","25","0","0","0","0","0","0","0","0","75","0","1","0","0","0","0","0",0,100,0,1,"0.3","0.6","1","0.022","0.080","WWTP same agency","Bolinas Wastewater Treatment Facility","2SSO11509",1,"No"," "," "," ",0,0,0,0,NA
"2","2SSO11511","Active","08/14/2022","Park (w/Campground)","300","40,000","40,000","0",1,"1","1","0","0","0","0","0","0","0","0","0","0","0",0,0,"100","100","0","0","0","0","0","0","0","0","0","0",100,100,"2.5","2.5","0.5","upperLower","0.5","17","0","0","0","0","00","0","0","0","0","0","0","0","0","0","0","0","0","0","100","0","0","0","0",2,100,0,2,"1.5","1","1.5",".015",".025","WWTP same agency","Samuel P Taylor state Park WWTP","2SSO11511",4,"No","No"," "," ",5,0,1,0,NA
"2","2SSO11533","Active","04/14/2023","Other","1,904","203,000","115,000","1",5,"1","2","0","0","0","0","0","0","0","0","0","0","0",0,0,"80","0","16","0","4","0","0","0","0","0","0","0",100,0,"0.1","9","9","upperLower","9","6","0","0","0","0","0","0","0","0","0","0","0","0","0","0","0","90","0","8","5","0","2","5","0",4,100,0,14,"0","7","0.5","0.043331","0.039196","SSS other agency","West Bay Sanitary District","2SSO10215",2,"No"," "," "," ",0,0,0,0,NA
"2","2SSO11539","Active","07/08/2022","Municipal (Public)","750","10,000","25,000","0",2,"1","1","0","0","0","0","0","0","0","0","0","0","0",0,0,"75","0","25","0","0","0","0","0","0","0","0","0",100,0,"0","2.4","0,015","upperLower","0,015","10","0","0","0","0","0","0","0","0","0","0","0","0","44","0","0","0","0","0","0","0","0","56","0",0,100,0,0,"0.1","0","0",".023",".61","SSS other agency","Crystal Springs CSD","2sso10225",1,"No"," "," "," ",0,0,0,0,NA
"2","2SSO11605","Active","02/15/2023","Other","1,670","25,000","50,000","0",1,"1","0.1","0","0","0","0","0","0","0","0","0","0","0",0,0,"80","100","20","0","0","0","0","0","0","0","0","0",100,100,"0.1","3.6","0.3","upperLower","0.3","0","0","0","0","0","0","0","0","0","0","0","0","0","0","0","0","4","0","0","15","0","0","81","0",1,100,0,1,"0","3.8","0","0.016","0.044","WWTP other agency","Livermore Water Reclamation Plant","unk.",1,"No"," "," "," ",0,0,1,0,NA
"2","2SSO11607","Active","03/20/2023","Municipal (Public)","190","297,951","31,000","0",0,"0","3","0","0","0","0","0","0","0","0","0","0","0",0,0,"95","0","5","0","0","0","0","0","0","0","0","0",100,0,"0","1.4","0.6","none","0","86","0","0","0","0","0","0","35","0","0","10","0","0","10","0","0","10","0","0","10","0","0","25","0",0,100,0,0,"0.1","1.284","0",".011","0.102","SSS same agency","Port Costa Treatment Plant","2SSO11607",1,"No"," "," "," ",0,1,0,0,NA
"2","2SSO11610","Active","10/25/2022","Airport","11,000","7,643,408","4,309,204","2",11,"5","1","0","0","0","0","1","0","0","1","0","0","0",0,0,"35","40","28","14","35","20","1","22","0","4","1","0",100,100,"8","4","0","upperLower","0","0","0","0","0","0","0","0","0","0","0","0","0","0","0","0","0","34","0","0","60","0","16","6","0",4,100,0,20,"0","0","0","0.45","1.2","WWTP same agency","Mel Leong treatment Plant","2SSO11610",1,"Yes","No","United States Coast Guard",NA,1,0,0,0,NA
"2","2SSO11651","Active","07/03/2023","Other","270","259,930",NA,"1",3,"0","1","2","0","0","0","0","1","0","0","0","0","0",0,0,"100","100","0","0","0","0","0","0","0","0","0","0",100,100,"1.6","0.7","0.5","lower","0.5","139","0","0","0","0","0","0","0","0","0","0","0","0","0","0","0","0","0","0","100","0","0","0","0",0,100,0,0,"0",NA,NA,"0.0","0.0","SSS same agency","NRRD","2283078001",1,"No"," "," "," ",0,0,0,0,NA
"2","2SSO11680","Active","05/05/2022","Municipal (Public)","210","190,000","16,500","0",0,"0","2","0","0","0","0","0","0","0","0","0","0","0",0,0,"22","100","78","0","0","0","0","0","0","0","0","0",100,100,"1.1","2.2","0.4","none","0","112","0","0","0","0","0","0","0","0","0","0","0","0","0","0","0","60","0","0","0","0","0","40","0",1,100,0,1,"0.7","0","1.7",".018",".122","WWTP same agency","Tomales WWTP","2 215072001",1,"No"," "," "," ",0,2,2,0,NA
"2","2SSO18096","Active","07/03/2023","Other","20","50,000","50,000","0",2,"0","1","0","0","0","0","0","0","0","0","0","0","0",0,0,"43","2","19","0","27","0","0","0","0","0","11","0",100,0,"0.2","5","2","upperLower","2","165","0","0","0","0","0","0","11","0","0","12","0","0","37","0","1","13","0","1","25","0","0","2","0",0,100,0,2,"0","0","0","0.004","0.23","WWTP other agency","Sonoma County Water Agency",NA,1,"No"," "," "," ",0,2,0,0,NA
"2","2SSO18100","Active","03/06/2023","School","530","114,500","2,500","0",0.8,"1","1.35","0","0","0","0","0","0","0","0","0","0","0",0,0,"88","0","10","0","0","0","0","0","0","0","2","0",100,0,"0.06","2.4","1.7","upperLower","1.7","50","2","0","0","4","0","0","8","0","0","0","0","0","28","0","1","33","0","0","25","0","0","0","0",0,100,0,1,"0","0.3","0.5","0.019","0.545","SSS other agency","Richmond City CS","2SSO10170",2,"No"," "," "," ",0,0,0,0,NA
"2","2SSO18101","Active","03/07/2023","School","2,700","80,000","0","0",0.5,"0.5","0.5","0","0","0","0","0","0","0","0","0","0","0",0,0,"75","0","15","0","10","0","0","0","0","0","0","0",100,0,"0","1.7","1.5","upperLower","1.5","76","0","0","0","0","0","0","0","0","0","0","0","0","2","0","0","0","0","0","40","0","0","58","0",0,100,0,0,"0","1","1",".135",".263","SSS other agency","Albany City CS","2SSO10088",2,"No","No"," "," ",1,1,0,1,NA
"2","2SSO18102","Active","05/15/2023","Municipal (Public)","11,000","0","600,000","2",3,"1","1","1","0","2","0","0","3","0","0","1","0","0",0,0,"53","0","47","0","0","0","0","0","0","0","0","0",100,0,"0","26","25","lower","12","3300","0","0","0","0","0","0","0","0","0","0","0","0","0","0","0","35","0","0","60","0","0","5","0",0,100,0,0,"0","0","0","0.7","1.0","SSS other agency","City of Concord","na",1,"No"," "," "," ",0,1,0,0,NA
"2","2SSO18110","Active","10/20/2022","Municipal (Public)","1,825","1,076,750","940,000","0",0.56,"0.06","0.05","0","0","0.03","0","0","0.02","0","0","0.03","0","0",0.02,0,"47","59","31","11","12","30","0","0","0","0","10","0",100,100,"2.92","10.804","3.65","upperLower","3.65","164","0","1","0","0","0","0","0","0","0","0","0","0","70","24","0","25","0","0","5","0","0","0","0",0,100,25,0,"0","1.13","1.13","0.22","1.20","WWTP same agency","TIP WWTP","386013001",1,"No"," "," "," ",0,0,1,0,NA
"2","2SSO18111","Active","06/07/2023","Municipal (Public)","100","70,000","0","0",0,"0","0","0","0","0","0","0","0","0","0","0","0","0",0,0,"0","100","0","0","0","0","0","0","0","0","0","0",100,100,"1.6","0","0","none","0","53","0","0","0","0","0","0","0","0","0","0","0","0","0","0","0","0","0","0","0","0","0","100","0",0,100,0,0,"0","0","1","14,640","15,000","SSS same agency","Marshall Community Wastewater Facility","2SS018111",1,"No"," "," "," ",0,0,0,0,NA
"2","2SSO18112","Active","06/28/2022","Municipal (Public)","600","200,000","122,000","2",20,"2","4","15","0","00","0","00","2","0","0","0","0","0",0,0,"25","100","75","0","0","0","0","0","0","0","0","0",100,100,"0.8","5.3","0","none","0","190","0","0","0","0","0","0","0","0","0","0","0","0","0","0","0","5","0","1","85","0","0","10","0",0,100,0,1,"0","0","0",".25",".4","SSS other agency","City of Pleasanton","2SSO10167",1,"No"," "," "," ",0,0,1,0,NA
"2","2SSO18113","Active","08/28/2019","Park (Day Use)","400","12,000","10,000","1",2,"0","1","0","0","0","0","0","0","0","0","0","0","0",0,0,"100","100","0","0","0","0","0","0","0","0","0","0",100,0,"0.75","0.10","0.01","upperLower","0.01","7","0","0","0","0","0","0","0","0","0","0","0","0","0","0","0","100","0","5","0","0","0","0","0",0,100,0,5,"0.50","0.75","0.75",".0015",".0015","SSS other agency","City and County of San Francisco","N/A",1,"No"," "," "," ",0,0,0,0,NA
"3","3SSO10222","Active","04/14/2023","Municipal (Public)","16,000","1,135,000","4,756,430","4",2,"1","1","1","0","1","0","0","1","0","0","0","0","0",2,0,"1","83","85","0","14","17","0","0","0","0","0","0",100,100,"6","61","44","none","0","5577","0","0","0","0","0","0","0","0","0","1","0","0","0","0","0","70","2","0","22","2","3","7","2",3,100,6,6,"1","15","1","1.4","4.5","WWTP same agency","City of Atascadero","3400100001",1,"No"," "," "," ",0,5,2,1,NA
"3","3SSO10223","Active","02/07/2023","Municipal (Public)","600","100,000","35,000","0",6,"0","1","0","0","0","0","0","0","0","0","0","0","0",0,0,"50","100","40","0","10","0","0","0","0","0","0","0",100,100,"2.6","3","1.5","none","0","200","0","0","0","0","0","0","0","0","0","0","0","0","0","0","0","100","0","1","0","0","0","0","0",0,100,0,1,"0.2","3","0","0.047474","0.095917","WWTP same agency","Avila Beach CSD","3 400112001",1,"No"," "," "," ",0,0,1,0,NA
"3","3SSO10225","Historical","","","","","","",NA,"","","","","","","","","","","","","",NA,NA,"","","","","","","","","","","","",NA,NA,"","","","","","","","","","","","","","","","","","","","","","","","","","","","","",NA,NA,NA,NA,"","","","","","","","",0,"","","","",0,NA,NA,NA,NA
"3","3SSO10226","Active","06/16/2023","Municipal (Public)","200","152,732","15,000","1",6,"1","2","0","0","0","0","0","0","0","0","0","0","0",0,0,"0","100","100","0","0","0","0","0","0","0","0","0",100,100,"0.4","0.7","0","upperLower","0.7","59","0","0","0","0","0","0","0","0","0","0","0","0","0","0","0","65","0","1","35","0","3","0","0",0,100,0,4,"0.2","0","0","0.016","0.032","WWTP same agency","San Lorenzo Valley Water District","3SSO10226",1,"No"," "," "," ",0,0,2,0,NA
"3","3SSO10228","Active","05/30/2023","Park (w/Campground)","3,000","0","0","0",5,"100","1","0","0","0","0","0","0","0","0","0","0","0",0,0,"90","100","10","0","0","0","0","0","0","0","0","0",100,100,"0.3","5","1.5","upperLower","1.5","200","0","0","0","0","0","0","0","0","0","25","0","0","20","0","0","40","0","2","15","0","0","0","0",0,100,0,2,"2","0","0","20,000","35,000","WWTP same agency","Big Basin State Park","3 440116553",1,"No"," "," "," ",0,3,1,0,NA
"3","3SSO10231","Active","07/03/2023","Municipal (Public)","5,453","1,863,730","850,000","0",2,"0","1","0","0","0","0","0","0","0","0","0","0","0",0,0,"10","100","75","0","15","0","0","0","0","0","0","0",100,100,"0.1","20","5","none","0","1500","0","0","0","0","0","0","0","0","0","0","0","0","0","0","0","50","0","0","23","0","0","27","0",3,100,0,3,"0.5","0","0","0.507","0.507","WWTP same agency","Buellton WWTP","3-420100001",1,"No"," "," "," ",0,1,0,0,NA
"3","3SSO10233","Active","04/09/2023","Park (w/Campground)","1,000","50,000","100,000","0",3,"1","1","1","0","1","0","0","1","0","0","0","0","0",2,2,"95","0","0","0","5","0","0","0","0","0","0","0",100,0,"0.5","1.5","0.2","upperLower","0.2","125","0","0","0","0","0","0","0","0","0","0","0","0","0","0","0","95","0","2","0","0","0","5","0",1,100,0,3,"0.1","1.0","0.5",".010",".035","WWTP same agency","Cachuma Sanitation","98-10",1,"No"," "," "," ",0,0,0,0,NA
"3","3SSO10235","Active","08/22/2022","School","25,500","146,600","332,500","0",8,"4","3","0","0","0","0","0","0","0","0","0","0","0",0,0,"49","100","17","0","34","0","0","0","0","0","0","0",100,100,"1.4","15.1","14.5","upperLower","14.5","300","0","0","0","0","0","0","0","0","0","2","0","0","21","0","0","30","0","1","17","0","4","30","0",1,100,0,6,"0","6.5","1","0.458","1.6","WWTP other agency","City of San Luis Obispo","0",1,"No"," "," "," ",0,2,1,2,NA
"3","3SSO10236","Active","06/06/2023","Prison","13,500","20,000","100,000","0",8,"4","1","0","0","1","0","0","5","0","0","2","0","0",0,0,"5","0","20","0","25","0","50","0","0","0","0","0",100,0,"0","9","4.5","upperLower","4.5","6","0","0","0","0","0","0","0","0","0","0","0","0","25","0","0","20","0","0","5","0","0","50","0",0,100,0,0,"1","1.5","1",".9","5.2","WWTP same agency","California Mens colony (CMC)","3SSO10236",1,"No","No"," "," ",5,2,0,0,NA
"3","3SSO10238","Historical","","","","","","",NA,"","","","","","","","","","","","","",NA,NA,"","","","","","","","","","","","",NA,NA,"","","","","","","","","","","","","","","","","","","","","","","","","","","","","",NA,NA,NA,NA,"","","","","","","","",0,"","","","",0,NA,NA,NA,NA
"3","3SSO10239","Active","08/03/2023","Municipal (Public)","12,000","99,500","110,000","0",6,"1","1","1","1","2","0","0","1","0","0","0","0","1",2,0,"0","80","90","0","6","20","4","0","0","0","0","0",100,100,"3","66","50","none","0","3881","0","0","0","0","0","0","0","0","0","0","0","0","0","0","0","98","7","3","2","0","0","0","0",0,100,7,3,"5","15.2","1.3",".450","1.5","WWTP same agency","Cambria","3SSO10239",1,"No"," "," "," ",0,1,0,1,NA
"3","3SSO10244","Active","11/15/2022","Municipal (Public)","11,000","2,463,802","6,430,000","1",2,"2","1","2","3","1","1","1","1","0","0","2","0","0",5,5,"80","98","12","2","6","0","2","0","0","0","0","0",100,100,"4","82","61","none","0","6500","0","0","0","0","0","0","10","0","0","50","0","0","30","0","2","8","0","4","1","0","0","1","0",1,100,0,7,"1","111","26","1","3.5","WWTP same agency","Carmel Area Waste water District","3SSO10244",1,"No"," "," "," ",0,3,2,0,NA
"3","3SSO10245","Active","01/13/2023","Municipal (Public)","13,330","6,981,153","7,257,000","2",22,"2","2","2","0","1","0","2","0","0","0","3","0","1",0,0,"17","11","54","9","28","80","1","0","0","0","0","0",100,100,"4.0","45.1","46.5","lower","23","6683","0","0","0","0","0","0","0","0","0","12","1","0","11","0","0","48","0","1","23","0","2","6","0",5,100,1,8,"0","22.96","15.3","1.08","1.2","WWTP same agency","Carpinteria Sanitary District","3SSO10245",1,"No"," "," "," ",0,7,3,3,NA
"3","3SSO10248","Historical","06/01/2023","Municipal (Public)","8,440","1,120,000","750,000","1",5,"1","1","2","2","1","0","0","0","0","0","0","0","0",3,0,"32","100","41","0","16","0","11","0","0","0","0","0",100,100,"1.3","21","11","none","0","1905","0","0","0","0","0","0","0","0","0","0","0","0","0","0","0","0","0","0","60","2","1","40","1",1,100,3,2,"1","1","0",".945","1.3","SSS same agency","City of Gonzales","3SSO10248",1,"No"," "," "," ",0,0,0,0,NA
"3","3SSO10249","Active","06/03/2022","Municipal (Public)","12,701","1,114,166","1,845,000","1",6,"1","1","2","3","2","1","0","1","0","0","0","0","0",0,0,"5","100","70","0","10","0","10","0","5","0","0","0",100,100,"1","51","26","none","0","4545","0","0","0","0","0","0","0","0","0","0","0","0","0","0","0","90","0","0","5","0","3","5","0",0,100,0,3,"0.5","25","25","1.2","3.7","WWTP other agency","South San Luis Obispo Sanitary District","Unknown",1,"Yes","No","Private, unnamed","Unknown",1,0,1,0,NA
"3","3SSO10250","Active","11/15/2022","Municipal (Public)","8,546","206,590","1,200,000","1",1,"1","0.2","0","0","0","0","0","0","0","0","0","0","0",0,0,"15","100","0","0","85","0","0","0","0","0","0","0",100,100,"0.3","14.1","15","upperLower","15","2000","0","0","0","0","0","0","0","0","0","0","0","0","30","2","0","0","0","0","50","0","1","20","1",0,100,3,1,"0","3","0.6","0.9","1.0","WWTP same agency","city of guadalupe","R3-2005-0015",1,"No"," "," "," ",0,0,0,2,NA
"3","3SSO10252","Active","03/17/2023","Municipal (Public)","62,956","3,924,254","600,000","3",14,"2","1","3","1","10","0","3","4","0","0","1","0","0",2,2,"65","96","12","4","17","0","4","0","2","0","0","0",100,100,"5.3","160","227","none","0","15130","0","0","0","0","0","0","1","0","0","12","0","0","12","0","0","45","0","8","23","0","7","7","0",5,100,0,20,"5","140","1.7","5.4","33","WWTP same agency","Santa Cruz City WWTF","ukn",1,"No"," "," "," ",0,2,1,6,NA
"3","3SSO10254","Active","08/17/2022","Municipal (Public)","8,125","625,000","625,000","1",2,"0","1","0","0","0","0","0","0","0","0","0","0","0",0,0,"23","100","64","0","13","0","0","0","0","0","0","0",100,100,"1","18","6.6","lower","6.6","2076","0","0","0","0","0","0","0","0","0","0","0","0","0","0","0","90","0","1","5","0","0","5","0",0,100,0,1,"0.25","16","1",".616",".77","WWTP other agency","sslocsd","3SSO10337",1,"No"," "," "," ",0,1,1,0,NA
"3","3SSO10255","Active","06/17/2022","Municipal (Public)","17,963","913,785","328,117","2",6,"1","1","0","0","0","0","0","0","0","0","0","0","0",0,0,"23","53","63","47","14","0","0","0","0","0","0","0",100,100,"1.2","72","21","none","0","6440","0","0","0","0","0","0","0","0","0","5","0","0","15","0","0","20","0","2","5","0","1","55","1",1,100,1,4,"2","5","1","1.31","2.5","WWTP other agency","South San Luis Obispo County Sanitation District","n/a",1,"Yes","No","Sunrise Terrace Mobile Home Park","N/A",1,5,0,1,NA
"3","3SSO10256","Active","12/20/2022","Municipal (Public)","1,400","1,080,402","233,059","4",6,"2","2","0","0","1","0","0","0","0","0","0","0","0",1,0,"100","0","0","0","0","0","0","0","0","0","0","0",100,0,"5","10","3","none","0","439","0","0","0","0","0","0","0","0","0","0","0","0","0","0","0","46","0","0","53","0","0","1","0",0,100,0,0,"0.4","0","0","0.0495","0.2000","SSS same agency","SLO Country Club blending pond","3SSO10256",1,"No"," "," "," ",0,0,0,0,NA
"3","3SSO10257","Active","05/02/2023","Municipal (Public)","158","52,740","0","0",3,"1","2","0","0","0","0","0","3","0","0","1","0","0",0,0,"0","0","100","0","0","0","0","0","0","0","0","0",100,0,"0.8","1.5","0.5","none","0","66","0","0","0","0","0","0","0","0","0","0","0","0","0","0","0","46","0","0","53","0","0","1","0",0,100,0,0,"0.1","0","0","0","0","WWTP other agency","Nipomo Community Service District","10257",1,"No"," "," "," ",0,0,0,0,NA
"3","3SSO10259","Active","05/02/2023","Municipal (Public)","150","146,515","0","0",3,"1","2","0","0","0","0","0","3","0","0","2","0","0",0,0,"20","0","80","0","0","0","0","0","0","0","0","0",100,0,"0","0.8","0.2","lower","0.2","17","0","0","0","0","0","0","0","0","0","0","0","0","0","0","0","25","0","0","0","0","0","75","0",0,100,0,0,"0","0.8","0.1","59,044","61,997","WWTP other agency","CMC WWTP","CA00478756",1,"No"," "," "," ",0,3,0,0,NA
"3","3SSO10260","Active","03/01/2023","Municipal (Public)","2,520","100,000","50,000","0",0,"0","1","0","0","0","0","0","0","0","0","0","0","0",0,0,"26","100","73","0","1","0","0","0","0","0","0","0",100,100,"0.4","13.2","7","none","0","804","0","0","0","0","0","0","0","0","0","0","0","0","0","0","0","0","0","0","98","0","2","2","0",0,100,0,2,"4","6.6","5.2","0.13","0.26","SSS other agency","City of Santa Barbara","N/A",1,"No"," "," "," ",0,1,1,0,NA
"3","3SSO10261","Active","09/14/2022","School","6,500","3,400,000","100,000","3",1,"1","1",NA,NA,NA,NA,NA,NA,NA,NA,NA,NA,NA,0,0,"25","0","75","0","0","0","0","0","0","0","0","0",100,0,"0","1.5","1.0","upperLower","1.0","0","0","0","0","0","0","0","0","0","0","0","0","0","0","0","0","75","0","0","15","0","0","10","0",0,100,0,0,"0","0.3","0.3",".01",".01","WWTP other agency","California Dept of Corrections","unk",1,"No"," "," "," ",0,1,0,0,NA
"3","3SSO10262","Active","07/11/2023","Municipal (Public)","700","150,028","0","0",2,"0","0","0","0","0","0","0","0","0","0","0","0","0",0,0,"0","0","100","0","0","0","0","0","0","0","0","0",100,0,"5","5","5","upperLower","5","220","0","0","0","0","0","0","0","0","0","0","0","0","100","0","1","0","0","0","0","0","0","0","0",0,100,0,1,"0","0","0",".05",".14","WWTP same agency","Cuyama Community Services District","3 421003001",1,"No"," "," "," ",0,0,0,0,NA
"3","3SSO10263","Active","03/24/2023","Municipal (Public)","215","258,023","145,075","9",29,"6","2","16","3","0","0","0","0","0","0","1","1","0",0,0,"79","100","21","0","0","0","0","0","0","0","0","0",100,100,"1.3","3","0","none","0","108","0","0","0","0","0","0","0","0","0","0","0","0","0","0","0","75","0","1","25","0","1","0","0",0,100,0,2,"0","0","0","0.017","0.11","WWTP same agency","Davenport","3440813511",1,"No"," "," "," ",0,0,0,0,NA
"3","3SSO10265","Active","10/27/2022","Municipal (Public)","95,000","3,379,000","2,000,000","5",21,"3","2","4","1","2","3","2","1","0","1","7","1","2",0,0,"38","0","50","0","10","0","2","0","0","0","0","0",100,0,"2.1","251","142","none","0","24942","1","0","0","0","0","0","9","0","0","20","0","0","31","0","0","21","0","0","12","4","3","6","0",0,100,4,3,"0","280.2","17.2","6.3","12.9","WWTP same agency","Santa Barbara City PWD","3SSO10265",1,"Yes","No","Montecito Sanitary District","3SSO10291",2,172,2,21,NA
"3","3SSO10267","Active","03/24/2023","Municipal (Public)","4,158","973,536","1,371,423","9",29,"6","2","16","3","0","0","0","0","0","0","1","1","0",0,0,"38","100","49","0","10","0","3","0","0","0","0","0",100,100,"1.22","15.08","0","none","0","2079","0","0","0","0","0","0","0","0","0","0","0","0","10","0","0","20","0","6","65","0","0","5","0",3,100,0,9,"0","3.15","0.14",".312","0","WWTP other agency","City of Watsonville","3440104001",1,"No"," "," "," ",0,0,1,0,NA
"3","3SSO10270","Active","06/23/2022","Municipal (Public)","40,000","1,197,379","468,213","0",5,"1","1","2","0","2","0","0","2","0","0","1","0","0",2,1,"9","25","70","0","16","75","5","0","0","0","0","0",100,100,"0.5","132","142","none","0","11000","0","0","0","0","0","0","0","0","0","0","0","0","20","0","0","69","0","1","10","0","0","1","1",0,100,1,1,"1","73","38","4.0","6","WWTP same agency","Goleta Santiary District","3 420102001",1,"No"," "," "," ",0,36,1,1,NA
"3","3SSO10271","Historical","07/07/2015","Municipal (Public)","8,402","908,199","522,100","2",1,"1","1","1","0","1","0","0","0","0","0","0","0","0",1,0,"32","100","41","0","16","0","11","0","0","0","0","0",100,100,"1.3","21","11","none","0","1905","0","0","0","0","0","00","0","0","0","30","0","0","5","0","0","5","0","0","10","0","60","50","0",40,100,0,100,"1","8","0",".693",".693","WWTP same agency","City of Gonzales","3SSO10271",1,"No"," "," "," ",0,0,0,0,NA
"3","3SSO10272","Active","02/13/2023","Municipal (Public)","18,967","517,307","0","1",3,"0","1","0","0","0","0","0","0","0","0","0","0","0",0,0,"50","100","40","0","10","0","0","0","0","0","0","0",100,100,"2.6","3","1.5","none","0","200","0","0","0","0","0","0","0","0","0","0","0","0","0","0","0","100","0","1","0","0","0","0","0",0,100,0,1,"0.2","3","0","1.077918","1.25","WWTP same agency","City of Greenfield WWTP","3 270105001",1,"No"," "," "," ",0,0,1,0,NA
"3","3SSO10274","Historical","","","","","","",NA,"","","","","","","","","","","","","",NA,NA,"","","","","","","","","","","","",NA,NA,"","","","","","","","","","","","","","","","","","","","","","","","","","","","","",NA,NA,NA,NA,"","","","","","","","",0,"","","","",0,NA,NA,NA,NA
"3","3SSO10275","Active","02/27/2023","Municipal (Public)","3,200","954,278","1,575,607","2",3,"1","3","0","0","0","0","0","0","0","0","0","0","0",1,0,"0","99","100","1","0","0","0","0","0","0","0","0",100,100,"4","6","1","none","0","1778","0","0","0","0","0","0","0","0","0","0","0","0","0","0","0","5","0","2","85","0","3","10","0",5,100,0,10,"0","2","1",".1",".15","WWTP same agency","Heritage Ranch WWTP","3401013001",1,"No"," "," "," ",0,0,0,0,NA
"3","3SSO10278","Active","09/09/2022","Municipal (Public)","13,030","1,100,000","2,000,000","1",1,"1","1","1","1","0","0","0","0","0","0","0","0","0",0,0,"18","50","19","50","19","0","23","0","21","0","0","0",100,100,"0","21","11","none","0","1950","0","0","0","0","0","0","5","0","0","20","0","0","19","0","0","24","0","1","19","0","0","13","0",1,100,0,2,"0","0.75","1.5",".85","1.2","WWTP same agency","king city wwtp","3SSO1O278",1,"No"," "," "," ",0,2,2,0,NA
"3","3SSO10279","Active","03/01/2023","Municipal (Public)","35,000","1,300,000","1,700,000","4",10,"3","1","1","0","2","0","0","0","0","0","0","0","0",0,0,"19","100","62","0","12","0","6","0","0","0","1","0",100,100,"1.72","129.1","75","none","0","13000","0","0","0","0","0","0","3","0","0","2","0","0","5","0","0","50","0","0","35","0","1","5","0",1,100,0,2,"14","79.3","10.8","1.69","1.80","WWTP same agency","Laguna County Sanitation District","3SSO10279",2,"No"," "," "," ",0,12,0,7,NA
"3","3SSO10281","Historical","04/12/2016","Park (w/Campground)","0","80,000","30,000","0",4,"2","1","0","0","0","0","0","0","0","0","0","0","0",0,0,"40","40","60","60","0","0","0","0","0","0","0","0",100,100,"4","5","3","upperLower","3","20","0","0","0","0","0","0","0","0","0","0","0","0","0","0","0","100","0","0","0","0","0","0","0",0,100,0,0,"0","4","0",".005",".006","WWTP same agency","Rec Area S (CS)","3SSO10281",1,"No"," "," "," ",0,0,0,0,NA
"3","3SSO10283","Historical","04/27/2007","Prison","5,000","100,000","150,000","400",3,"45","20","3"," ","2"," "," ","0"," "," ","0"," "," ",NA,NA," "," "," "," "," "," "," "," "," "," "," "," ",NA,NA,"0","7","5","upperLower","2.5","95"," "," "," ","0"," "," ","0"," "," ","0"," "," ","80"," "," ","0"," "," ","20"," "," ","0"," ",NA,NA,NA,NA,"7","0","0"," "," "," "," "," ",0," "," "," "," ",0,NA,NA,NA,NA
"3","3SSO10284","Active","01/11/2023","Municipal (Public)","59,191","2,158,909","2,822,472","2",1,"1","1","2","1","1","1","3","0","0","0","1","0","0",0,0,"26","100","40","0","26","0","6","0","2","0","0","0",100,100,"2","100","0","none","0","9600","0","0","0","0","0","0","20","0","0","25","0","0","15","0","0","15","0","0","10","0","1","15","0",3,100,0,4,"0","90","25","2.99","7.06","WWTP same agency","Lompoc Regional Wastewater Reclamation Plant","3 420105001",1,"Yes","No","VANDENBERG SFB",NA,2,4,3,4,NA
"3","3SSO10285","Active","09/15/2022","Municipal (Public)","1,600","678,215","115,050","1",3,"0","1","1","0","1","0","0","0","0","0","0","0","0",2,1,"85","0","10","0","5","100","0","0","0","0","0","0",100,100,"0.5","8.0","1.5","none","0","610","0","0","0","0","0","0","0","0","0","0","0","0","0","0","0","0","0","0","90","1","1","10","0",0,100,1,1,"0","8.3","0","176,000","225,000","WWTP same agency","Los Alamos WWTP","3420118001",1,"No"," "," "," ",0,2,1,0,NA
"3","3SSO10287","Active","02/09/2023","Municipal (Public)","38,201","1,634,697","4,332,650","3",12,"1","1","2","4","7","0","0","4","0","0","2","0","0",4,0,"36","60","43","25","15","15","3","0","0","0","3","0",100,100,"6.4","155","28","none","0","9864","0","0","0","0","0","0","0","0","0","0","0","0","2","1","0","24","2","4","20","1","2","54","6",4,100,10,10,"0","134.13","14.3","2.0","6.9","WWTP other agency","Monterey One Water","3 270118002",1,"No"," "," "," ",0,0,0,0,NA
"3","3SSO10288","Active","05/01/2023","Municipal (Public)","6,500","2,849,075","2,406,885","2",3,"1","1","0","0","0","0","0","0","0","0","1","0","0",1,0,"20","50","40","50","40","0","0","0","0","0","0","0",100,100,"8.7","25.6","7.1","none","0","2259","0","0","0","0","0","0","0","0","0","0","0","0","0","0","0","0","0","0","60","0","0","40","3",2,100,3,2,"0","2","28",".4",".6","WWTP same agency","Templeton C.S.D.","3 400115001",1,"No"," "," "," ",0,0,0,0,NA
"3","3SSO10289","Active","01/30/2023","Municipal (Public)","3,200","579,798","440,000","2",2,"1","1","1","0","0","0","0","0","0","0","0","0","0",0,0,"2","0","88","100","10","0","0","0","0","0","0","0",100,100,"1.5","21","15.6","upperLower","15.6","1271","0","0","0","0","0","0","0","0","0","0","0","0","0","0","0","60","0","0","37","1","0","3","0",1,100,1,1,"1","1","0",".18",".22","WWTP same agency","Treatment Pond","3SSO010289",1,"No","Yes","Treatment Pond","3SS010289",1,0,0,0,NA
"3","3SSO10291","Active","08/30/2022","Municipal (Public)","10,000","5,160,763","4,980,500","1",6,"1","1","1","4","1","0","2","1","0","0","3","0","0",2,1,"2","60","92","40","4","0","2","0","0","0","0","0",100,100,"2.8","73.7","88.3","none","0","3105","0","0","0","0","0","0","0","0","0","0","0","0","0","0","0","80","2","2","15","0","0","5","0",1,100,2,3,"0.0","87.5","11.1","0.540","3.19","WWTP same agency","Montecito Sanitary District","3-420107001",1,"No","No"," "," ",1,39,3,4,NA
"3","3SSO10292","Historical","","","","","","",NA,"","","","","","","","","","","","","",NA,NA,"","","","","","","","","","","","",NA,NA,"","","","","","","","","","","","","","","","","","","","","","","","","","","","","",NA,NA,NA,NA,"","","","","","","","",0,"","","","",0,NA,NA,NA,NA
"3","3SSO10293","Active","02/21/2023","Municipal (Public)","1,190","220,000","300,000","0",2,"1","1","0","0","1","0","0","0","0","0","0","0","0",0,0,"45","100","55","0","0","0","0","0","0","0","0","0",100,100,"2","5.7","0","none","0","171","0","0","0","0","0","0","0","0","0","0","0","0","0","0","0","80","0","0","20","0","0","0","0",1,100,0,1,"0","2.1","0.5","058","076","WWTP same agency","CSA 75 - Chualar","3SSO10292",1,"No"," "," "," ",0,0,0,0,NA
"3","3SSO10296","Active","03/31/2023","Municipal (Public)","250,000","7,661,347","1,523,498","1",4,"1","1","2","2","0","1","4","0","3","0","0","0","6",0,0,"0","11","0","0","0","70","19","19","81","0","0","0",100,100,"35.5","11.2","0","none","0","0","0","0","0","0","0","0","0","0","0","0","0","0","0","1","0","9","1","0","52","8","0","39","3",1,100,13,1,"8","2","0","17","50","WWTP same agency","Monterey One Water","3 270118002",1,"No"," "," "," ",0,0,2,0,NA
"3","3SSO10297","Active","05/31/2023","Municipal (Public)","1,529","633,231","2,925,000","1",3,"1","1","0","0","2","0","0","3","0","0","0","0","0",5,0,"2","100","98","0","0","0","0","0","0","0","0","0",100,100,"0.5","6.8","2","none","0","550","0","0","0","0","0","0","0","0","0","0","0","0","0","0","0","0","0","0","90","2","0","10","1",0,100,3,0,"0.1","6.8","0",".043",".182","WWTP same agency","Blacklake WWTF","94-14",1,"No"," "," "," ",0,0,0,0,NA
"3","3SSO10298","Active","05/31/2023","Municipal (Public)","9,150","1,973,907","665,000","1",3,"1","1","0","0","2","0","0","3","0","0","0","0","0",5,0,"5","100","85","0","5","0","5","0","0","0","0","0",100,100,"3","36","8","none","0","3020","0","0","0","0","0","0","0","0","0","0","0","0","0","0","0","10","0","0","65","1","7","25","1",1,100,2,8,"1","29","0",".487",".556","WWTP same agency","Southland","R3-2012-00003",1,"Yes","No","SLO County CSA 1","N/A",1,1,1,0,NA
"3","3SSO10299","Historical","04/12/2016","Park (w/Campground)","0","50,000","12,500","0",2,"1","1","0","0","0","0","0","0","0","0","0","0","0",0,0,"0","0","40","40","60","60","0","0","0","0","0","0",100,100,"2","10","1","upperLower","1","15","0","0","0","0","0","0","0","0","0","0","0","0","0","0","0","100","0","0","0","0","0","0","0",0,100,0,0,"0","5","5",".001",".010","WWTP same agency","Northshore Pleyto CS","3SSO10299",1,"No"," "," "," ",0,0,0,0,NA
"3","3SSO10301","Active","12/20/2022","Municipal (Public)","650","1,025,576","36,000","4",6,"2","2","0","0","1","0","0","0","0","0","0","0","0",1,0,"60","30","0","0","40","70","0","0","0","0","0","0",100,100,"3","8","4","none","0","650","0","0","0","0","0","0","0","0","0","0","0","0","0","0","0","100","0","6","0","0","0","0","0",1,100,0,7,"4.4","4","4","0.0360","0.1181","SSS same agency","Sprayfield","3SSO1031",1,"No"," "," "," ",0,1,2,0,NA
"3","3SSO10305","Active","06/12/2023","Municipal (Public)","30,500","308,800","1,045,000","1",4,"1","1","2","0","2","0","0","1","0","0","1","0","0",5,4,"21","0","59","0","15","0","5","0","0","0","0","0",100,0,"4.1","131.5","59","none","0","10230","0","0","0","5","0","0","10","0","0","10","0","0","30","0","0","5","0","0","35","2","2","5","3",10,100,5,12,"2","58.5","19.4","2.1","2.7","WWTP same agency","City of Paso Robles Wastewater Treatment Plant","3400105001",1,"No","No","Templeton Community Service District","3SSO10288",1,3,3,1,NA
"3","3SSO10306","Historical","10/16/2020","Park (w/Campground)","500","35,000","35,000","1",2,"1","1","0","0","0","0","0","0","0","0","0","0","0",0,0,"50","100","50","0","0","0","0","0","0","0","0","0",100,100,"0.5","3.0","1.0","upperLower","1.0","100","0","0","0","0","0","0","0","0","0","0","0","0","0","0","0","80","0","0","20","0","100","0","0",0,100,0,100,"0","0.3","0.2","50,000","50,000","WWTP same agency","Pfeiffer Big Sur","98-62",1,"No"," "," "," ",0,3,2,0,NA
"3","3SSO10307","Active","02/14/2023","Municipal (Public)","8,072","666,000","984,000","0",4,"1","1","2",NA,NA,NA,NA,NA,NA,NA,NA,NA,NA,0,0,"45","15","50","35","5","50","0","0","0","0","0","0",100,100,"13.5","40","0","none","0","4685","0","0","0","0","0","0","0","0","0","0","0","0","32","0","0","32","0","0","33","0","0","3","0",0,100,0,0,"1","20","1","0.93","2.06","WWTP same agency","City of Pismo Beach WWTP","3SSO10307",1,"No"," "," "," ",0,0,3,0,NA
"3","3SSO10308","Active","03/27/2023","Port","250","20,000","150,000","1",3,"1","1","0","0","0","0","0","0","0","0","1","0","0",0,1,"100","100","0","0","0","0","0","0","0","0","0","0",100,100,"1.5","0.75","1.5","lower","0.5","17","0","0","0","0","0","0","0","0","0","0","0","0","0","0","0","75","0","0","25","0","2","0","0",1,100,0,3,"1.25","0.25","0.25","0.05","0.10","WWTP other agency","Avila Beach CSD","3 400101001",1,"No"," "," "," ",0,0,2,0,NA
"3","3SSO10309","Historical","03/05/2021","Municipal (Public)","372","228,000","160,000","3",1,"2","2","0","0","0","0","0","0","0","0","0","0","0",3,0,"90","100","10","0","0","0","0","0","0","0","0","0",100,100,"1.9","3.3","1.4","none","0","143","0","0","0","0","0","0","0","0","0","0","0","0","0","0","0","0","0","0","0","0","0","100","0",4,100,0,4,"0","0","0","0.02","0.036","WWTP same agency","Rancho Larios","3 359803001",1,"No"," "," "," ",0,0,0,0,NA
"3","3SSO10311","Historical","02/15/2023","Municipal (Public)","4,298","1,248,666","87,800","0",12,"0","2","4","1","1","0","0","1","0","1","0","0","0",2,1,"45","66","54","0","1","34","0","0","0","0","0","0",100,100,"1.5","19","4.6","none","0","1214","0","0","0","0","0","0","0","0","0","0","0","0","0","0","0","25","0","0","75","0","2","0","1",1,100,1,3,"0.5","18.5","18.5","0.162","0.158","WWTP same agency","Ridgemark Estates WWTP","3 351000001",1,"No"," "," "," ",0,0,0,0,NA
"3","3SSO10312","Active","03/24/2023","Municipal (Public)","417","39,300","0","9",29,"6","2","16","3","0","0","0","0","0","0","1","1","0",0,0,"14","45","28","55","58","0","0","0","0","0","0","0",100,100,"0.35","3.75","0","none","0","142","0","0","0","0","0","0","0","0","0","0","0","0","0","0","0","0","0","0","95","0","0","5","1",0,100,1,0,"0","3","0",".004",".010","WWTP other agency","City of Santa Cruz","3440102001",1,"No"," "," "," ",0,1,0,1,NA
"3","3SSO10314","Active","02/08/2023","Municipal (Public)","163,542","3,875,202","775,000","0",9,"2","1","0","0","1","0","0","0","0","0","0","0","0",6,3,"15","0","70","0","3","0","7","0","5","0","0","0",100,0,"1.9","274.77","403.25","none","0","33355","0","0","0","0","0","0","10","0","0","13","0","0","6","0","0","41","0","4","26","2","1","4","3",0,100,5,5,"2","94.87","3.39","10,460,000","12,200,000","WWTP other agency","Monterey One Water",NA,1,"Yes","No","Boronda (Unincorperated County Area)",NA,2,7,1,3,NA
"3","3SSO10315","Active","04/06/2023","Other","10,000","480,000","459,725","0",1,"0","1","0","0","0","0","0","0","0","0","1","0","0",0,0,"90","0","5","0","5","0","0","0","0","0","0","0",100,0,"0","7","7","upperLower","7","523","0","0","0","0","0","0","0","0","0","0","0","0","0","0","0","92","0","0","8","1","1","0","0",0,100,1,1,"0","7","1","0.12","0.30","WWTP other agency","City of Watsonville","na",1,"No"," "," "," ",0,2,0,1,NA
"3","3SSO10316","Active","05/11/2023","Municipal (Public)","529","28,215","28,215","2",1,"0","1","N/A","N/A",NA,"N/A","N/A","N/A","N/A","N/A","N/A","N/A","N/A",0,0,"0","0","100","0","0","0","0","0","0","0","0","0",100,0,"0.4","2.0","0.8","none","0.8","145","0","0","0","0","0","0","0","0","0","0","0","0","0","0","0","100","0","0","0","0","0","0","0",1,100,0,1,"0","0.5","0","40,000","40,000","SSS same agency","San Ardo Sewer Ponds","na",1,"No"," "," "," ",0,1,1,0,NA
"3","3SSO10317","Active","01/05/2018","Municipal (Public)","1,800","158,084","90,500","3",3,"1","1","0","0","0","0","0","0","0","0","0","0","0",3,0,"75","0","5","0","20","0","0","0","0","0","0","0",100,0,"0.4","6.2","5","none","0","600","0","0","0","0","0","0","0","0","0","48","0","0","20","0","0","7","0","0","0","0","0","25","0",2,100,0,2,"0","1","0","0.140","0.200","WWTP same agency","San Juan Bautista","0047912",1,"No"," "," "," ",0,0,0,0,NA
"3","3SSO10318","Historical","04/06/2017","Municipal (Public)","170","115,000","35,000","0",0,"0","0","0","0","0","0","0","0","0","0","0","0","0",0,0,"0","0","40","0","60","100","0","0","0","0","0","0",100,100,"0","1.1","25","none","0","2","0","0","0","0","0","0","0","0","0","0","0","0","0","0","0","20","0","0","70","0","0","10","0",0,100,0,0,"0","2.0","2.0",".0215",".0250","WWTP same agency","San Lucas CS","3SSO10318",1,"No"," "," "," ",0,0,0,0,NA
"3","3SSO10319","Historical","","","","","","",NA,"","","","","","","","","","","","","",NA,NA,"","","","","","","","","","","","",NA,NA,"","","","","","","","","","","","","","","","","","","","","","","","","","","","","",NA,NA,NA,NA,"","","","","","","","",0,"","","","",0,NA,NA,NA,NA
"3","3SSO10320","Active","03/13/2023","Municipal (Public)","45,000","1,046,190","1,512,000","3",6,"1","1","2","2","4","0","0","2","0","0","1","0","0",0,0,"43","17","38","36","15","45","3","0","1","0","0","0",100,100,"2.5","148","170","none","0","15000","0","0","0","0","0","0","10","0","0","10","0","0","10","0","0","20","1","2","20","0","1","30","3",2,100,4,5,"5","82","19","3.5","20.0","SSS same agency","na","na",1,"Yes","No","Cal Poly State University","3sso10235",1,197,5,16,NA
"3","3SSO10321","Active","01/04/2023","Municipal (Public)","2,600","659,000","288,739","0",3,"0","1","3","0","0","0","0","0","0","0","0","0","0",2,1,"25","0","65","0","10","0","0","0","0","0","0","0",100,0,"0.5","11","0","none","0","780","0","0","0","0","0","0","0","0","0","0","0","0","80","0","0","0","0","0","0","0","0","20","0",1,100,0,1,"0","9","0",".18",".20","WWTP same agency","Machado Wastewater Facility","3400109001",1,"No"," "," "," ",0,0,0,0,NA
"3","3SSO10322","Historical","03/17/2023","Municipal (Public)","462","364,900","36,490","1",2,"1","2","0","0","0","0","0","0","0","0","0","0","0",0,0,"75","0","25","0","0","0","0","0","0","0","0","0",100,100,"0","2","2.5","none","0","234","0","0","0","0","0","0","0","0","0","0","0","0","50","0","0","50","0","0","0","0","0","0","0",0,100,0,0,"0","0","0","0.1","0.3","WWTP same agency","San Simeon WWTP","3400110001",1,"Yes","No","Hearst Castle Visitors Center","3SSO11521",1,1,0,0,NA
"3","3SSO10323","Active","03/24/2023","Municipal (Public)","218","322,850","362,369","9",29,"6","2","16","3","0","0","0","0","0","0","1","1","0",0,0,"14","100","86","0","0","0","0","0","0","0","0","0",100,0,"0.53","1.15","0","none","0","184","0","0","0","0","0","0","0","0","0","0","0","0","0","0","0","98","0","2","0","0","0","2","0",0,100,0,2,"0","0","0",".006",".01","WWTP same agency","CSA 5","3440106001",1,"No"," "," "," ",0,0,0,0,NA
"3","3SSO10324","Active","03/24/2023","Municipal (Public)","72,200","26,362,462","35,561,290","9",29,"6","2","16","3","0","0","0","0","0","0","1","1","0",0,0,"48","15","35","7","15","36","2","42","0","0","0","0",100,100,"14","186.42","0","none","0","36000","0","0","0","0","0","0","0","0","0","2","0","0","3","0","0","60","16","11","15","0","2","20","2",4,100,18,17,"3","68.8","8.75","3.58","9.62","WWTP other agency","City of Santa Cruz","3440102001",1,"No"," "," "," ",0,8,4,3,NA
"3","3SSO10325","Historical","","","","","","",NA,"","","","","","","","","","","","","",NA,NA,"","","","","","","","","","","","",NA,NA,"","","","","","","","","","","","","","","","","","","","","","","","","","","","","",NA,NA,NA,NA,"","","","","","","","",0,"","","","",0,NA,NA,NA,NA
"3","3SSO10326","Active","03/24/2023","Municipal (Public)","650","460,348","474,468","9",29,"6","2","16","3","0","0","0","0","0","0","1","1","0",0,0,"30","100","63","0","7","0","0","0","0","0","0","0",100,100,"1.05","3","0","none","0","264","0","0","0","0","0","0","0","0","0","0","0","0","0","0","0","99","0","5","0","0","0","1","0",0,100,0,5,"1","3","0","0.03","0.04","WWTP same agency","CSA 7","3441000001",1,"No"," "," "," ",0,3,2,0,NA
"3","3SSO10329","Active","02/23/2023","Municipal (Public)","285","218,892","75,000","3",2,"3","2","0","0","1","0","0","0","0","0","0","0","0",0,2,"100","100","0","0","0","0","0","0","0","0","0","0",100,100,"1","13","6","lower","4","102","0","0","0","0","0","0","0","0","0","0","0","0","0","0","0","0","0","0","0","0","0","100","0",6,100,0,6,"0","0","0","0.010","0.055","WWTP same agency","Santa Lucia CSD","3 279804003",1,"No"," "," "," ",0,3,0,0,NA
"3","3SSO10330","Historical","11/21/2022","Municipal (Public)","4,418","913,184","650,000","2",6,"2","1","2","1","1","0","0","0","0","0","0","0","0",0,0,"3","0","55","100","42","0","0","0","0","0","0","0",100,100,"0.8","13.8","0","none","0","733","0","0","0","0","0","0","0","0","0","0","0","0","0","0","0","0","0","0","85","0","0","15","1",0,100,1,0,"0","8","5","132,000","142,000","WWTP other agency","City of Solvang","na",1,"No"," "," "," ",0,7,1,0,NA
"3","3SSO10331","Active","03/19/2023","Municipal (Public)","11,900","700,175","42,500","2",4,"1","1","0","0","0","0","0","0","0","0","0","0","0",3,3,"40","100","50","0","10","0","0","0","0","0","0","0",100,100,"8","55","20","none","0","3500","0","0","0","0","0","0","0","0","0","0","0","0","0","0","0","50","0","0","35","0","4","15","1",2,100,1,6,"5","15","0","0.671","0.943","WWTP same agency","Scotts Valley","R3-2013-001",1,"No"," "," "," ",0,6,3,0,NA
"3","3SSO10332","Active","03/06/2023","Municipal (Public)","46,451","15,430,493","15,967,800","3",9,"1","1","7","0","2","0","0","0","0","0","0","1","0",3,0,"36","100","40","0","18","0","6","0","0","0","0","0",100,100,"2.92","163","164.8","none","0","13389","0","0","0","0","0","0","0","0","0","15","0","0","20","0","0","25","0","1","25","0","7","15","1",5,100,1,13,"0","81.48","22.38","3.06","5.27","WWTP other agency","SCRWA WWTP","3 430100001",1,"No"," "," "," ",0,86,1,29,NA
"3","3SSO10334","Active","12/02/2022","Municipal (Public)","35,000","1,185,040","6,140,230","2",2,"1","3","4","0","3","0","0","0","0","0","0","0","0",0,0,"87","69","5","0","7","31","1","0","0","0","0","0",100,100,"0.5","73.8","40","none","0","7231","0","0","0","0","0","0","0","0","0","0","0","0","49","0","0","49","0","0","0","0","0","2","1",2,100,1,2,"0.2","59","13","1.8","2.7","SSS other agency","MRWPCA","3SSO10296",1,"No"," "," "," ",0,2,0,0,NA
"3","3SSO10335","Active","05/16/2023","Municipal (Public)","24,925","500,000","750,000","1",7,"2","2","2","0","0","0","0","0","0","0","0","0","0",0,0,"40","20","20","0","25","0","15","80","0","0","0","0",100,100,"4.2","40.0","21","none","0","4180","0","0","0","0","0","0","0","0","0","0","0","0","20","0","0","40","0","0","30","0","0","10","0",0,100,0,0,"0","7.8","4.5","2.6","3.5","WWTP same agency","City of Soledad Water Reclamation Facility","3270113001",1,"No"," "," "," ",0,0,0,1,NA
"3","3SSO10336","Active","04/19/2023","Municipal (Public)","5,709","1,609,509","950,000","1",4,"1","1","0","0","0","0","0","0","0","0","0","0","0",0,0,"60","25","20","0","20","75","0","0","0","0","0","0",100,100,"1","32","0","none","0","2062","0","0","0","0","0","0","0","0","0","0","0","0","0","0","0","66","0","0","33","0","1","1","0",1,100,0,2,"5","13.5","4","0.62","0.89","WWTP same agency","City of Solvang","3420110001",1,"Yes","No","Santa Ynez CSD","N/A",1,8,2,4,NA
"3","3SSO10337","Active","06/01/2023","Municipal (Public)","40,000","60,000","60,000","0",6,"1","1","0","0","0","0","0","0","0","0","0","0","0",0,0,"0","0","0","0","20","0","80","0","0","0","0","0",100,0,"0","9","0","none","0","30","0","0","0","0","0","0","0","0","0","0","0","0","0","0","0","100","0","0","0","0","0","0","0",0,100,0,0,"0","0","0","2.4","9","WWTP same agency","So. San Luis Obispo Sa. District","3400111001",1,"No"," "," "," ",0,2,0,2,NA
"3","3SSO10338","Active","11/23/2022","Municipal (Public)","923","128,066","60,000","1",3,"1","2","1","0","1","0","0","0","0","0","0","0","0",0,0,"5","0","90","0","5","0","0","0","0","0","0","0",100,0,"0.46","8.02","5","none","0","479","0","0","0","0","0","0","0","0","0","0","0","0","0","0","0","60","0","0","20","0","1","20","0",2,100,0,3,"0","6.86","0.42","0.15","0.3","WWTP same agency","Summerland Sanitary District","3SSO10338",1,"No"," "," "," ",0,0,0,0,NA
"3","3SSO10340","Active","05/04/2023","Municipal (Public)","57,084","16,262,058","19,500,000","2",9,"1","3","3","0","1","0","0","5","0","0","0","0","0",0,0,"16","0","51","0","27","0","6","0","0","0","0","0",100,0,"0.16","167","120","lower","60","17000","36","0","0","0","0","0","0","0","0","0","0","0","1","0","0","15","0","0","26","0","0","22","0",0,100,0,0,"0","150","2","8.79","13.81","WWTP other agency","South County Regional Wastewater Authority","3SSO10340",1,"Yes","No","City of Morgan Hill",NA,1,0,0,13,NA
"3","3SSO10341","Active","11/22/2022","Municipal (Public)","500","93,000","19,500","2",2,"2","2","0","0","0","0","0","1","0","0","0","0","0",3,0,"0","0","0","0","0","0","0","0","0","0","100","100",100,100,"0.3","2","0.5","upperLower","0.5","113","0","0","0","0","0","0","0","0","0","0","0","0","0","0","0","100","0","1","0","0","0","0","0",0,100,0,1,"0","1.5","0","0.017","0.025","WWTP same agency","Tres Pinos District WWTP","3 350103001",1,"No"," "," "," ",0,0,0,0,NA
"3","3SSO10343","Active","05/08/2023","School","28,537","275,000","75,000","0",12,"1","1","0","0","0","0","0","0","0","0","0","0","0",0,0,"33","44","16","12","28","44","2","0","0","0","21","0",100,100,"0.9","17.7","11.8","upperLower","11.8","334","0","0","0","0","0","0","0","0","0","0","0","0","25","0","0","50","0","2","20","2","2","5","1",8,100,3,12,"0","10","10","143,324","132,688","WWTP other agency","Goleta Sanitary District","3420102001",1,"No"," "," "," ",0,0,1,0,NA
"3","3SSO10344","Active","06/16/2023","School","23,095","90,000","0","0",6,"1","1","0","0","0","0","0","0","0","0","0","0","0",1,0,"50","100","12","0","38","0","0","0","0","0","0","0",100,100,"0.2","13.9","7","upperLower","7","403","0","0","0","0","0","0","0","0","0","0","0","0","0","0","0","60","0","0","30","0","0","10","0",0,100,0,0,"2","1","3",".3","50","WWTP other agency","City of Santa Cruz","3SSO10252",1,"No"," "," "," ",0,0,0,0,NA
"3","3SSO10345","Active","03/16/2023","Municipal (Public)","7,361","2,768,006","625,000","1",2,"1","1","1","0","2","0","0","1","0","0","0","0","0",4,0,"12","100","70","0","18","0","0","0","0","0","0","0",100,100,"1","31","18","none","0","2500","0","0","0","0","0","0","0","0","0","0","0","0","0","0","0","65","0","0","25","1","3","10","0",0,100,1,3,"1","6","0","0.40","1.0","WWTP other agency","Lompoc Regional Reclamation Plant (LRWRP)","3-420105001",1,"No"," "," "," ",0,0,1,1,NA
"3","3SSO10346","Historical","","","","","","",NA,"","","","","","","","","","","","","",NA,NA,"","","","","","","","","","","","",NA,NA,"","","","","","","","","","","","","","","","","","","","","","","","","","","","","",NA,NA,NA,NA,"","","","","","","","",0,"","","","",0,NA,NA,NA,NA
"3","3SSO10347","Historical","08/26/2022","Municipal (Public)","53,800","704,154","500,000","5",2,"0","1","3","0","0","0","0","1","0","0","1","0","0",3,0,"30","100","42","0","17","0","10","0","1","0","0","0",100,100,"9.3","125.3","0","none","0","10210","0","0","0","0","0","0","0","0","0","0","0","0","7","0","0","20","1","0","65","1","7","8","0",3,100,2,10,"1","45","9","6.5","20","WWTP same agency","City of Watsonville Treatment Facility","3 440104001",1,"Yes","No","Salsipuedes Sanitary District","3SS010315",3,2,1,4,NA
"3","3SSO11191","Active","05/02/2023","Prison","5,000","57,500","125,000","1",6,"3","2","0","0","0","0","0","0","0","0","0","0","0",0,0,"45","0","25","0","25","0","0","0","0","0","5","0",100,0,"0","6","0","none","0","0","0","0","0","0","0","0","0","0","0","0","0","0","97","1","0","1","1","1","1","0","0","1","0",0,100,2,1,"0","1","1","1","1","WWTP other agency","City of Soledad","3270113001",1,"Yes","No","Salinas Valley State Prison","3SSO11472",1,0,0,0,NA
"3","3SSO11216","Active","05/24/2023","Municipal (Public)","3,400","213,250","73,000","0",2,"1","1","0","0","2","0","0","0","0","0","1","0","0",0,0,"65","45","25","35","10","20","0","0","0","0","0","0",100,100,"4.5","19.5","25","none","0","2631","0","0","0","0","0","0","0","0","0","0","0","0","70","0","0","0","0","0","4","0","0","26","2",3,100,2,3,"0.5","6.5","1",".2",".8","WWTP same agency","Cayucos Water Resource Recovery Facility","CA3000001",1,"No"," "," "," ",0,3,4,0,NA
"3","3SSO11408","Active","06/12/2023","Municipal (Public)","42,891","2,279,916","118,464","2",8,"1","1","3","0","0","0","0","0","0","0","0","0","0",1,0,"34","0","47","0","19","100","0","0","0","0","0","0",100,100,"8","105","255","none","0","10860","0","0","0","0","0","0","0","0","0","8","0","0","20","0","0","20","1","0","50","1","2","2","0",0,100,2,2,"0","21","2","2.45","2.75","WWTP same agency","city of hollister waste water treatment plant","3SS011408",1,"No"," "," "," ",0,1,0,0,NA
"3","3SSO11415","Historical","08/09/2022","Prison","0","2,000","0","0",0,"0","0","0","0","0","0","0","0","0","0","0","0","0",0,0,"0","0","100","0","0","0","0","0","0","0","0","0",100,0,"0","0.9","0.9","upperLower","0.9","35","0","0","0","0","0","0","0","0","0","0","0","0","42","0","0","19","0","0","33","0","0","6","0",0,100,0,0,"0","0","0",".0016",".0016","SSS other agency","City of Paso Robles","3400105001",1,"No"," "," "," ",0,0,0,0,NA
"3","3SSO11422","Active","02/15/2023","Municipal (Public)","4,500","3,500,000","7,000,000","0",4,"0","1","0","0","2","0","0","0","0","1","0","0","1",1,0,"57","38","33","29","5","33","5","0","0","0","0","0",100,100,"3","81","0","none","0","2500","0","0","0","0","0","0","0","0","0","10","0","0","10","0","0","59","1","4","10","0","0","11","0",3,100,1,7,"0","44","1","0.37","1.8","WWTP other agency","Carmel Area Wastewater District","0",1,"No"," "," "," ",0,0,0,2,NA
"3","3SSO11426","Active","05/03/2023","Municipal (Public)","800","1,000","4,000","0",0,"1","1","0","0","0","0","0","0","0","0","0","0","0",0,0,"0","0","70","0","30","0","0","0","0","0","0","0",100,0,"0","3.7","2.9","none","156","141","0","0","0","0","0","0","0","0","0","0","0","0","0","0","0","100","0","0","0","0","0","0","0",0,100,0,0,"0","3.7","3.7","19,125","21,750","SSS other agency","Goleta Sanitary District","3SSO11465",1,"No"," "," "," ",0,2,0,0,NA
"3","3SSO11429","Active","11/28/2022","Municipal (Public)","10,700","1,500,000","1,600,000","2",10,"2","1","9","0","2","0","0","3","0","0","0","0","0",3,2,"81","1","9","12","9","59","1","28","0","0","0","0",100,100,"7.9","60","42","none","0","5620","0","0","0","0","0","0","0","0","0","26","0","0","55","0","0","13","0","0","3","0","0","3","3",2,100,3,2,"0","39.7","1.7",".70","2.55","WWTP same agency","City of Morro Bay Water Reclamation Facility","3400322963",1,"Yes","No","Morro Bay State Park (north and South locations)","?",2,7,2,1,NA
"3","3SSO11443","Historical","06/02/2023","Municipal (Public)","6,860","800,000","80,000","0",3,"1","1","3","0","1","0","0","0","0","0","0","0","0",2,1,"20","80","60","20","20","0","0","0","0","0","0","0",100,100,"10.5","27","10","none","0","2239","0","0","0","0","0","0","0","0","0","3","0","0","30","0","0","34","0","0","25","0","8","8","0",1,100,0,9,"0.5","19.7","1.","680,000","780,000","WWTP other agency","Monterey 1 Water","3 270118002",1,"Yes","No","Monte del Lago","none",3,0,1,3,NA
"3","3SSO11455","Historical","10/11/2020","Airport","1,683","50,000","25,000","0",6,"1","1","0","0","0","0","0","0","0","0","0","0","0",0,0,"10","10","80","90","10","0","0","0","0","0","0","0",100,100,"1.3","2.6","1","upperLower","1","52","0","0","0","0","0","0","0","0","0","0","0","0","75","1","1","0","0","0","0","0","1","25","0",0,100,1,2,"0","0","0",".0550",".0834","WWTP other agency","Goleta Sanitary District","3420102001",1,"No"," "," "," ",0,0,1,0,NA
"3","3SSO11465","Active","01/10/2023","Municipal (Public)","39,500","4,747,400","6,755,000","0",3,"2","1","1","1","1","0","0","1","0","0","3","0","0",6,1,"12","0","70","40","15","30","2","30","1","0","0","0",100,100,"4.2","63","75","none","0","6100","0","0","0","0","0","0","0","0","0","0","0","0","2","0","0","72","0","1","14","1","0","12","0",0,100,1,1,"0.5","41.03","9.05","1.9","3.2","WWTP other agency","Goleta Sanitary District",NA,1,"Yes","No","EMID",NA,1,12,5,0,NA
"3","3SSO11469","Active","11/23/2022","Municipal (Public)","109,711","404,615","2,106,220","1",8,"1","2","0","0","0","0","0","1","0","0","0","0","0",0,0,"39","0","31","0","18","0","5","0","0","0","7","0",100,100,"0.2","250","150","none","0","22315","9","0","0","0","0","0","0","0","0","2","0","0","4","0","0","35","0","1","35","0","0","15","0",0,100,0,1,"0","207","25.3","6.95","9.29","WWTP same agency","Santa Maria City","3SSO11469",1,"Yes","No","Laguna County Sanitation District","3SSO10279",1,0,0,12,NA
"3","3SSO11472","Active","09/12/2022","Prison","3,600","10,000","00","0",5,"1","2","0","0","0","0","0","0","0","0","0","0","0",0,0,"0","0","0","0","100","0","0","0","0","0","0","0",100,100,"0","4","2","upperLower","2","150","0","0","0","0","0","0","0","0","0","0","0","0","0","0","0","0","0","0","100","0","0","0","0",0,100,0,0,"0","1","1","500,000","800,000","WWTP other agency","N/A","N/A",4,"No"," "," "," ",0,0,0,0,NA
"3","3SSO11512","Active","11/04/2022","Municipal (Public)","3,900","350,000","300,000","0",3,"4","1","1","0","0","0","0","0","0","0","2","2","2",2,2,"19","3","44","0","34","0","0","0","0","0","0","0",100,100,"0.5","15.3","6.4","none","0","1115","0","0","0","0","0","0","0","0","0","0","0","0","0","0","0","56","0","0","39","0","1","5","0",0,100,0,1,"0","5","3","0.149","0.195","WWTP same agency","California Utilities Service","R3-2020-0020",1,"No"," "," "," ",0,3,0,0,NA
"3","3SSO11521","Historical","09/15/2023","Park (Day Use)","400","10,000","0","1",2,"1","1","0","0","0","0","0","0","0","0","0","0","0",0,0,"100","100","0","0","0","0","0","0","0","0","0","0",100,100,"4.5","1","0.9","upperLower","0.9","0.9","0","0","0","0","0","0","0","0","0","0","0","0","0","0","0","0","0","0","20","0","4","80","0",0,100,0,4,"0.1","0","0",".015",".018","SSS other agency","San Simeon Community Services District","3SSO10322",2,"Yes","No","Hearst Corporation","N/A",1,1,2,0,NA
"3","3SSO11522","Active","02/08/2023","Municipal (Public)","163,542","2,106,766","1,211,528","2",1,"1","1","0","0","2","0","0","0","0","0","0","0","0",3,3,"0","0","0","0","30","100","42","0","28","0","0","0",100,100,"0.5","6.5","0.7","none","0","24","0","0","0","0","0","0","0","0","0","0","0","0","69","0","0","20","0","0","11","1","0","0","0",0,100,1,0,"1.5","0","0","2.45","4.18","WWTP same agency","Salinas Industrial Wastewater Treatment Plant","R3-2004-0066",1,"No"," "," "," ",0,0,0,3,NA
"3","3SSO11524","Active","03/01/2023","Municipal (Public)","30,218","2,520,000","2,480,000","1",4.15,"1","1.11","0","0","1","0","0","0","0","0","0","0","0",0,0,"49","67","36","33","12","0","2","0","0","0","1","0",100,100,"1.5","99","90","none","0","9523","0","0","0","1","0","0","30","0","0","25","0","0","18","0","0","9","0","0","7","0","5","10","0",2,100,0,7,"10","233","15","2.1","2.5","WWTP other agency","Monterey Regional Water Pollution Control Agency","3 270118002",1,"Yes","No","Naval Support Activity (NSA) Mtry-Post Grad School","Federal-unreg",5,20,0,0,NA
"3","3SSO11526","Historical","03/09/2017","Other","1,233","115,000","20,000","1",1,"0","1","0","0","0","0","0","0","0","0","0","0","0",1,1,"7","100","86","0","7","0","0","0","0","0","0","0",100,100,"3.6","4.7","2.3","none","0","398","0","0","0","0","0","0","0","0","0","0","0","0","21","0","0","32","0","0","46","0","0","1","0",0,100,0,0,"0","0.4","0.2",".0684",".0658","WWTP same agency","Sierra Vista Properties Wastewater Treatment Plant",NA,1,"No"," "," "," ",0,1,2,0,NA
"3","3SSO11527","Historical","11/16/2018","Park (w/Campground)","249","3,500","0","0",6,"1","1","0","0","0","0","0","0","0","0","0","0","0",0,0,"100","100","0","0","0","0","0","0","0","0","0","0",100,100,"0.8","0.6","0.2","upperLower","0.2","15","0","0","0","0","0","0","0","0","0","0","0","0","0","0","0","30","0","0","20","0","0","50","0",2,100,0,2,"0","0","0",".0089",".0048","WWTP other agency","Morro Bay City","3SSO11429",1,"No"," "," "," ",0,0,0,0,NA
"3","3SSO11528","Historical","06/12/2018","Park (w/Campground)","284","3,335","0","1",4,"1","1","0","0","0","0","0","0","0","0","0","0","0",0,0,"100","100","0","0","0","0","0","0","0","0","0","0",100,100,"0.9","0.4","0.1","upperLower","0.1","11","0","0","0","0","0","0","0","0","0","0","0","0","0","0","0","0","0","0","100","0","3","0","0",0,100,0,3,"0","0.1","0",".0073",".0076","SSS other agency","Cambria Community Services District","3SSO10329",2,"No"," "," "," ",0,0,2,0,NA
"3","3SSO11534","Active","01/30/2023","Municipal (Public)","1,000","190,000","48,000","2",6,"1","1","0","0","0","0","0","0","0","0","0","0","0",0,0,"100","100","0","0","0","0","0","0","0","0","0","0",100,100,"2.6","3","1.5","upperLower","1.5","191","0","0","0","0","0","0","0","0","0","0","0","0","0","0","0","100","0","5","0","0","0","0","0",0,100,0,5,"0.5","3","0","0.003804","0.012958","WWTP same agency","Lopez Lake Recreation Area","3 400112001",1,"No"," "," "," ",0,0,1,0,NA
"3","3SSO11608","Active","11/28/2022","Municipal (Public)","1,500","171,500","121,500","2",1,"1","2","0","0","0","0","0","0","0","0","1","0","0",1,1,"25","85","75","15","0","0","0","0","0","0","0","0",100,100,"3","7","2","none","0","650","0","0","0","0","0","0","0","0","0","0","0","0","0","0","0","20","0","0","35","0","0","45","2",2,100,2,2,"0.8","0.5","0",".08",".20","WWTP same agency","Wild Cherry Canyon WWF","3SSO11608",1,"No"," "," "," ",0,0,0,0,NA
"3","3SSO11609","Active","05/10/2023","Municipal (Public)","15,041","3,290,000","960,000","3",4,"2","2","2","0","0","0","0","0","0","0","0","0","0",0,0,"62","23","25","68","12","9","0","0","0","0","1","0",100,100,"0.9","58.5","N/A","none","0","5961","0","0","0","0","0","0","0","0","0","0","0","0","14","0","0","18","0","0","12","0","0","56","7",0,100,7,0,"0","120","4.0",".54",".54","WWTP other agency","Monterey One Water","unknow",1,"No"," "," "," ",0,0,0,0,NA
"3","3SSO11650","Historical","07/03/2013","Hospital","3,500","67,000","3,000","0",1,"1","1","0","0","2","0","0","0","0","0","0","0","0",NA,NA," "," "," "," "," "," "," "," "," "," "," "," ",NA,NA,"0","1.5","1.5","upperLower","1.5","1"," "," "," ","0"," "," ","0"," "," ","0"," "," ","75"," "," ","0"," "," ","25"," "," ","0"," ",NA,NA,NA,NA,"2","0","0"," "," "," "," "," ",0," "," "," "," ",0,NA,NA,NA,NA
"3","3SSO18092","Active","02/23/2023","Municipal (Public)","1,710","157,973","0","0",4,"1","1","0","0","0","0","0","1","0","0","0","0","0",0,0,"46","0","35","0","17","0","0","87","0","7","2","6",100,100,"0.3","5.4","0","none","0","367","0","0","0","0","0","0","0","0","0","0","0","0","0","0","0","0","0","0","88","0","5","12","0",0,100,0,5,"0","0","0",".066",".097","WWTP other agency","Monterey One Water","3_27011802",1,"No"," "," "," ",0,0,0,0,NA
"3","3SSO18097","Active","02/02/2023","Municipal (Public)","7,375","912,574","2,000,000","0",1,"1","1","0","0","0","0","0","0","0","0","0","0","0",0,0,"25","66","51","0","03","34","0","0","0","0","21","0",100,100,"3","20","0","none","0","990","0","0","0","0","0","0","0","0","0","0","0","0","22","0","0","0","0","0","78","0","5","0","0",0,100,0,5,"0","2.0","1.5",".37",".48","WWTP other agency","City of Watsonville","3 44 010 4001",1,"No"," "," "," ",0,1,1,0,NA
"3","3SSO18100","Active","10/05/2022","Municipal (Public)","14,276","3,940,091","875,466","3",6,"1","3","2","0","1","0","0","0","0","0","0","0","0",0,0,"4","31","83","9","13","60","0","0","0","0","0","0",100,100,"5","45","39","none","0","4100","0","0","0","0","0","0","0","0","0","0","0","0","0","0","0","0","0","0","0","0","0","100","2",19,100,2,19,"0","0","0","0.473","0.551","WWTP same agency","Los Osos Wastewater Reclamation Facility","3400910371",1,"Yes","No","Bayridge Estates",NA,2,0,1,0,NA
"4","4SSO10348","Historical","","","","","","",NA,"","","","","","","","","","","","","",NA,NA,"","","","","","","","","","","","",NA,NA,"","","","","","","","","","","","","","","","","","","","","","","","","","","","","",NA,NA,NA,NA,"","","","","","","","",0,"","","","",0,NA,NA,NA,NA
"4","4SSO10349","Active","05/11/2023","Municipal (Public)","3,738","2,670,110","230,000","2",2,"2","1","0","0","0","0","0","0","0","0","0","0","0",0,0,"23.4","0","57","0","18","100","2","0","0","0","0","0",100,100,"1.2","9.0","0","none","0","3500","0","0","0","0","0","0","0","0","0","0","0","0","0","0","0","61","1","0","0","0","0","39","1",0,100,2,0,"0","9","1.8","0.4","0.7","WWTP same agency","Avalon WWTF","4SSO10349",1,"Yes","No","Hamilton Cove Wastewater Collection System System","na",5,0,0,0,NA
"4","4SSO10350","Historical","","","","","","",NA,"","","","","","","","","","","","","",NA,NA,"","","","","","","","","","","","",NA,NA,"","","","","","","","","","","","","","","","","","","","","","","","","","","","","",NA,NA,NA,NA,"","","","","","","","",0,"","","","",0,NA,NA,NA,NA
"4","4SSO10351","Active","01/04/2023","School","27,500","98,000","40,000","0",2,"2","1","0","0","0","0","0","0","0","0","0","0","0",0,0,"30","0","50","0","10","0","10","0","0","0","0","0",100,0,"0","4.8","3.0","upperLower","3.0","90","0","0","0","0","0","0","0","0","0","0","0","0","2","0","0","30","0","0","30","0","0","38","0",0,100,0,0,"0","3.0","3.0","0.34","0.68","SSS other agency","City of Pomona","N/A",2,"No","No"," "," ",5,2,0,0,NA
"4","4SSO10353","Active","08/12/2022","School","1400","0","0","0",2,"1","5","0","0","0","0","0","0","0","0","0","0","0",0,0,"50","0","0","0","0","0","50","0","0","0","0","0",100,0,"0","3","10","upperLower","10","12","0","0","0","0","0","0","0","0","0","0","0","0","0","0","0","50","0","0","48","0","0","2","0",0,100,0,0,"0","0","0","0","0","SSS other agency",NA,NA,1,"No"," "," "," ",0,0,0,0,NA
"4","4SSO10354","Active","01/10/2023","School","43,000","40,000","15,000","0",4,"1","1","0","0","0","0","0","0","0","0","0","0","0",0,0,"80","100","13","0","7","0","0","0","0","0","0","0",100,100,"0.1","3","0.8","lower","1","131","0","0","0","0","0","0","0","0","0","0","0","0","30","0","0","50","0","0","5","0","0","15","0",0,100,0,0,"0","4","0.5","1.1","1.3","WWTP other agency","Los Angeles County Sanitation District",NA,1,"No"," "," "," ",0,1,0,0,NA
"4","4SSO10355","Historical","06/22/2012","School","18,000","89,000","0","0",3,"1","1","0","0","0","0","0","0","0","0","0","0","0",NA,NA," "," "," "," "," "," "," "," "," "," "," "," ",NA,NA,"0.2","2","2","upperLower","2","40"," "," "," ","0"," "," ","0"," "," ","0"," "," ","30"," "," ","40"," "," ","20"," "," ","10"," ",NA,NA,NA,NA,"0","0.5","0.1"," "," "," "," "," ",0," "," "," "," ",0,NA,NA,NA,NA
"4","4SSO10356","Active","10/04/2022","School","0","0","0","0",0,"0","0","0","0","0","0","0","0","0","0","0","0","0",0,0,"0","0","30","0","60","0","0","0","0","0","10","0",100,0,"0","2.5","10","upperLower","10","2","0","0","0","0","0","0","0","0","0","0","0","0","80","0","0","12","0","0","6","0","0","2","0",0,100,0,0,"0","0","5","0.32","0.32","SSS other agency","City of Los Angeles","4SSO10502",1,"No"," "," "," ",0,0,0,0,NA
"4","4SSO10357","Active","03/09/2023","Municipal (Public)","47,000","1,860,452","2,900,000","0",19,"3","2","1","3","3","1","0","1","0","3","2","0","1",0,0,"7","0","66","0","24","36","3","64","0","0","0","0",100,100,"6.7","153","110","none","0","15200","0","0","0","0","0","0","0","0","0","0","0","0","5","0","0","60","0","0","30","3","1","5","1",0,100,4,1,"6.7","80","63","3.51","7.25","WWTP same agency","Camarillo Sanitary District","4SSO10357",1,"No"," "," "," ",0,2,2,3,NA
"4","4SSO10361","Active","06/03/2022","Municipal (Public)","17,742","3,160,020","605,000","1",9,"1","1","1","1","2","1","1","0","0","1","0","1","1",0,0,"5","29","64","66","16","5","9","0","0","0","6","0",100,100,"1","40","70","lower","35","8883","0","0","0","0","0","0","0","0","0","0","0","0","0","0","0","26","0","0","64","2","0","10","3",0,100,5,0,"0","29","1.3","1.302","2.91","WWTP same agency","Camrosa Water Reclamation Facility","005266",1,"No"," "," "," ",0,3,0,2,NA
"4","4SSO10362","Active","07/07/2022","Municipal (Public)","89,700","3,702,548","6,689,160","1",5,"1","3","3","0","2","0","0","1","0","0","1","0","0",1,1,"1","8","87","60","8","32","4","0","0","0","0","0",100,100,"1.66","130","130","none","0","16400","0","0","1","0","0","0","0","0","0","0","0","0","1","0","0","4","0","0","0","0","0","95","4",2,100,4,3,"1.5","130","71","10.4","26.2","SSS other agency","Los Angeles County",NA,1,"Yes","No","City of Monterey Park",NA,1,0,0,3,NA
"4","4SSO10363","Active","04/19/2023","Municipal (Public)","58,232","1,173,400","710,000","1",4,"1","4","3","0","0","0","0","1","0","0","0","0","0",0,0,"0","100","96","0","4","0","0","0","0","0","0","0",100,100,"0.3","138","76","none","0","13372","0","0","0","0","0","0","0","0","0","0","0","0","87","0","0","10","0","0","2","0","0","1","0",0,100,0,0,"0","194","13.6","142","277","SSS other agency","Los Angeles County",NA,4,"Yes","No","City of Monrovia",NA,4,0,1,6,NA
"4","4SSO10364","Active","01/26/2022","Municipal (Public)","17,608","291,000","132,000","0",1.2,"0.1","0.1","0","0","0","0","0","0","0","0","0","0","0",0,0,"0","0","93","0","7","0","0","0","0","0","0","0",100,0,"0","31.4","44.4","none","0","3910","0","0","0","0","0","0","0","0","0","0","0","0","85","2","0","12","0","0","3","0","0","0","0",0,100,2,0,"0","15.8","0.1","1.8","3.6","SSS other agency","LA County SD 02","4SSO11387",4,"No"," "," "," ",0,0,0,3,NA
"4","4SSO10365","Historical","10/16/2014","Municipal (Public)","47,120","1,620,000","450,000","4",5,"1","1","0","0","0","0","0","0","0","0","0","0","0",0,0,"1","0","84","0","15","0","0","0","0","0","0","0",100,0,"0","80","80","lower","35","12000","0","0","0","0","0","0","0","0","0","15","0","0","38","0","0","33","0","0","11","0","0","3","0",0,100,0,0,"4","40","18","1","1","SSS other agency","Los Angeles County Sanitation District",NA,1,"No"," "," "," ",0,0,0,0,NA
"4","4SSO10366","Active","05/22/2023","Municipal (Public)","81,604","1,182,000","528,000","0",3.9,"0.3","0.3","0","0","0","0","0","0","0","0","0","0","0",0,0,"0","100","82","0","17","0","1","0","0","0","0","0",100,100,"0.5","103.6","168.5","none","0","14832","0","0","0","0","0","0","0","0","0","0","0","0","3","0","0","94","1","0","3","1","1","0","0",0,100,2,1,"0","31.1","0.4","18.2","36.4","SSS other agency","LA County SD 15","4SSO11394",2,"No"," "," "," ",0,0,0,1,NA
"4","4SSO10367","Historical","08/22/2022","Municipal (Public)","36,135","294,896","655,000","2",3,"1","1","0","0","0","0","0","0","0","0","0","0","0",0,0,"0","0","92","0","8","0","0","0","0","0","0","0",100,0,"0","37","20","none","0","4200","0","0","0","0","0","0","0","0","0","60","0","0","30","0","0","10","0","0","0","0","0","0","0",0,100,0,0,"0","14.4","1.5","1,628,700","1,628,700","WWTP same agency","Los Angeles County Sanitation District",NA,1,"No"," "," "," ",0,0,0,0,NA
"4","4SSO10368","Active","01/26/2022","Municipal (Public)","47,002","369,000","167,000","0",1.5,"0.1","0.1","0","0","0","0","0","0","0","0","0","0","0",0,0,"0","100","92","0","8","0","0","0","0","0","0","0",100,100,"0.1","39.7","45.3","none","0","3986","0","0","0","0","0","0","0","0","0","0","0","0","95","0","0","0","0","0","3","0","0","2","1",0,100,1,0,"0","16.4","0.1","4.7","9.4","SSS other agency","LA County SD 02","4SSO11387",3,"Yes","No","Commerce City CS","4SSO10377",1,0,0,2,NA
"4","4SSO10369","Active","01/26/2022","Municipal (Public)","77,312","921,000","417,000","0",3.9,"0.3","0.2","0","0","0","0","0","0","0","0","0","0","0",0,0,"0","0","95","0","5","0","0","0","0","0","0","0",100,0,"0","99.5","147.7","none","0","12998","0","0","0","0","0","0","0","0","0","0","0","0","87","0","0","10","0","0","3","0","0","0","0",0,100,0,0,"0","53.7","0.3","7.7","15.4","SSS other agency","LA County SD 02","4SSO11387",4,"No"," "," "," ",0,0,0,7,NA
"4","4SSO10370","Active","11/22/2022","Municipal (Public)","32,646","7,753,563","4,190,000","0",8,"1","1","1","0","3","0","0","2","0","0","3","0","0",7,0,"18","0","75","0","2","0","3","0","2","0","0","0",100,0,"0","100.5","0","none","0","13000","0","0","0","0","0","0","3","0","0","49","0","0","18","0","0","28","0","0","2","0","0","0","0",0,100,0,0,"1.2","229","19.5","3.5","9.0","SSS other agency","City of LA","?",2,"Yes","No","City of LA Bureau of Sanitation","4SSO10502",2,0,0,0,NA
"4","4SSO10371","Active","01/26/2022","Municipal (Public)","963","22,000","10,000","0",0.1,"0","0","0","0","0","0","0","0","0","0","0","0","0",0,0,"0","0","100","0","0","0","0","0","0","0","0","0",100,0,"0","2.4","1.1","none","0","100","0","0","0","0","0","0","0","0","0","0","0","0","20","0","0","53","0","0","7","0","0","20","0",0,100,0,0,"0","0.0","0.0","0.1","0.2","SSS other agency","LA County SD 15","4SSO11394",3,"No"," "," "," ",0,0,0,0,NA
"4","4SSO10373","Active","05/19/2023","Municipal (Public)","107,000","2,900,000","4,200,000","2",4,"2","1","2","0","1","0","0","0","0","0","1","0","0",1,1,"1","0","79","8","15","0","4","92","1","0","0","0",100,100,"2.5","225.5","240","none","0","25500","0","0","0","0","0","0","0","0","0","1","0","0","9","1","0","87","1","0","1","0","0","2","0",0,100,2,0,"0","500","27","6","12.5","WWTP same agency","Burbank Water Reclamation Plant","4B190101001",2,"Yes","No","City of Los Angeles","4SSO10502",2,8,0,11,NA
"4","4SSO10374","Active","01/26/2022","Municipal (Public)","98,047","1,684,000","762,000","0",7,"0.6","0.4","0","0","0","0","0","0","0","0","0","0","0",0,0,"0","32","86","0","13","68","1","0","0","0","0","0",100,100,"0.4","181.4","262.5","none","0","23104","0","0","0","0","0","0","0","0","0","0","0","0","40","0","0","57","2","0","1","0","1","2","0",0,100,2,1,"0","41.0","2.3","9.8","19.6","WWTP other agency","LA County SD 08","4SSO11392",2,"No"," "," "," ",0,0,0,11,NA
"4","4SSO10375","Active","08/01/2022","Municipal (Public)","49,578","374,150","350,000","0",0,"0","0","0","0","0","0","0","0","0","0","0","0","0",0,0,"20","0","45","0","25","0","10","0","0","0","0","0",100,0,"1","109.3","0","none","1","16500","0","0","0","0","0","0","0","0","0","0","0","0","2","0","0","75","0","6","19","0","1","4","0",0,100,0,7,"1","54.5","1","4","4","SSS other agency","Sanitation Districts of Los Angeles County","6B190107069",1,"No"," "," "," ",0,0,0,8,NA
"4","4SSO10376","Active","07/12/2022","Municipal (Public)","35,684","1,076,738","337,001","0",3,"1","1","0","0","0","0","0","0","0","0","0","0","0",0,0,"5","0","80","0","10","0","0","0","0","0","5","0",100,0,"0","117","47.1","none","0","8115","0","0","0","0","0","0","2","0","0","24","0","0","47","0","0","17","0","0","8","0","1","2","0",0,100,0,1,"0","12","12","4.5","4.55","SSS other agency","Los Angeles County","Unknown",1,"Yes","Yes","Montclair - Oakdale","Unknown",5,0,0,0,NA
"4","4SSO10377","Active","02/01/2023","Municipal (Public)","13,581","460,000","208,000","0",1.9,"0.2","0.1","0","0","0","0","0","0","0","0","0","0","0",0,0,"0","0","75","0","24","0","1","0","0","0","0","0",100,0,"0","49.7","42.5","none","0","3736","0","0","0","0","0","0","0","0","0","27","0","0","52","0","0","2","0","0","10","0","0","9","0",0,100,0,0,"0","13.5","0.1","1.4","2.8","SSS other agency","LA County SD 02","4SSO11387",2,"No"," "," "," ",0,0,0,0,NA
"4","4SSO10378","Active","01/03/2023","Municipal (Public)","95,740","1,101,026","1,155,917","1",1,"1","1","0","0","1","0","0","0","0","0","0","0","0",0,0,"3","0","95","0","2","0","0","0","0","0","0","0",100,0,"0","175","144","lower","7.2","19000","0","0","0","0","0","0","0","0","0","50","0","0","40","0","0","0","0","0","5","0","0","5","0",0,100,0,0,"6","50","1","10","12","WWTP other agency","JWPCP",NA,1,"Yes","No","City of Lynwood",NA,2,0,0,0,NA
"4","4SSO10379","Active","09/20/2022","Municipal (Public)","48,876","1,336,609","2,796,800","2",2,"1","1","0","0","0","0","0","1","0","0","0","0","0",0,0,"1","0","88","100","10","0","1","0","0","0","0","0",100,100,"0.2","121","123","none","4.9","13000","0","0","0","0","0","0","0","0","0","2","0","0","45","0","0","45","0","0","5","0","1","3","0",0,100,0,1,"0","240","1","10.1","16.7","SSS other agency","LA County","6B190107017",1,"No","No"," "," ",1,0,0,2,NA
"4","4SSO10380","Active","01/26/2022","Municipal (Public)","26,029","131,000","59,000","0",0.6,"0","0","0","0","0","0","0","0","0","0","0","0","0",0,0,"0","0","95","0","5","0","0","0","0","0","0","0",100,0,"0","14.2","19.2","none","0","1688","0","0","0","0","0","0","0","0","0","99","0","0","1","0","0","0","0","0","0","0","0","0","0",0,100,0,0,"0","7.9","0.3","2.6","5.2","SSS other agency","LA County SD 02","4SSO11387",2,"No"," "," "," ",0,0,0,1,NA
"4","4SSO10381","Active","01/20/2023","Municipal (Public)","39,970","9,493,782","7,251,182","0",4,"0","2","1","0","2","0","0","0","0","0","0","0","0",0,0,"5","0","74","0","20","100","1","0","0","0","0","0",100,100,"4.4","87","75.1","upperLower","0.4","13568","0","0","0","7","0","0","10","0","0","20","0","0","40","1","0","20","2","1","2","1","0","1","1",0,100,5,1,"20","54","0","4.115","9.420","WWTP other agency","Hyperion Wastewater Treatment Plant","4SSO10450",1,"Yes","No","Los Angles City Bureau of Sanitation","4SSO10450",1,3,0,3,NA
"4","4SSO10382","Active","03/08/2023","Municipal (Public)","61,019","1,471,000","666,000","0",6.2,"0.5","0.4","0","0","0","0","0","0","0","0","0","0","0",0,0,"0","47","89","10","9","32","2","11","0","0","0","0",100,100,"4.5","154.0","203.4","none","0","17898","0","0","0","0","0","0","0","0","0","0","0","0","2","0","0","69","3","0","26","3","2","3","0",1,100,6,3,"0","23.1","0.2","6.1","12.2","SSS other agency","LA County SD 21","4SSO11400",2,"No"," "," "," ",0,0,0,0,NA
"4","4SSO10383","Active","04/05/2023","Municipal (Public)","112,584","1,010,145","1,300,000","0",3.5,"1","0.25","0","0","0","0","0","0","0","0","1","0","0",0,0,"1","100","93","0","5","0","1","0","0","0","0","0",100,100,"0.2","193","95","none","0","22500","0","0","0","0","0","0","0","0","0","3","0","0","83","0","0","12","0","0","1","0","0","1","0",1,100,0,1,"4","100","0.5","9.26","9.26","SSS other agency","LA County Sanitation Districts",NA,1,"No"," "," "," ",0,0,0,2,NA
"4","4SSO10384","Active","01/26/2022","Municipal (Public)","23,124","414,000","187,000","0",1.7,"0.1","0.1","0","0","0","0","0","0","0","0","0","0","0",0,0,"0","0","95","0","5","0","0","0","0","0","0","0",100,0,"0","44.7","65.5","none","0","5761","0","0","0","0","0","0","0","0","0","0","0","0","30","0","0","57","0","0","8","0","0","5","0",0,100,0,0,"0","14.8","0.1","2.3","4.6","SSS other agency","LA County SD 15","4SSO11394",3,"Yes","No","Bradbury City CS","4SSO10371",1,0,0,3,NA
"4","4SSO10385","Active","01/11/2023","Municipal (Public)","115,487","2,800,000","1,728,460","2",4,"1","1","2","0","3","0","0","0","0","0","2","0","0",0,0,"1","0","87","100","12","0","0","0","0","0","0","0",100,100,"0.5","124.7","380","none","0","19900","0","0","0","0","0","0","0","0","0","30","0","0","54","0","0","15","0","0","0","0","6","1","0",1,100,0,7,"0.5","50","63.5","8","8.9","SSS other agency","District 15 WDID","4SSO11394",2,"No"," "," "," ",0,0,0,2,NA
"4","4SSO10386","Active","05/05/2022","Municipal (Public)","16,700","3,000,000","4,000,000","2",3,"1","1","2","0","2","0","0","0","0","0","3","0","0",3,2,"1","30","68","40","26","30","5","0","0","0","0","0",100,100,"2.7","56","48","none","0","4220","0","0","0","0","0","0","0","0","0","24","0","0","25","0","0","20","0","0","17","6","1","14","2",0,100,8,1,"0","20","10","3","9","WWTP other agency","Hyperion CS","4SSO10450",2,"No"," "," "," ",0,0,0,1,NA
"4","4SSO10387","Active","06/13/2023","Municipal (Public)","61,013","1,115,331","750,000","2",15,"4","3","2","0","1","0","0","1","0","0","0","0","0",0,0,"0","0","97","0","3","0","0","0","0","0","0","0",100,0,"0.2","88","71","none","0","12006","0","0","0","0","0","0","0","0","0","15","0","0","70","0","0","15","0","0","0","0","1","0","0",0,100,0,1,"0","18","8","4.79","20.3","SSS other agency","LA County Sanitation District",NA,1,"No"," "," "," ",0,0,0,0,NA
"4","4SSO10388","Active","06/26/2023","Municipal (Public)","189,221","3,811,979","2,175,232","3",8,"2","1","3","0","3","0","0","5","0","0","2","0","0",12,8,"0","0","86","0","10","0","4","0","0","0","0","0",100,0,"0.15","350.6","160","none","0","35338","0","0","0","0","0","0","25","0","0","32","0","0","8","0","0","28","0","0","6","0","0","1","1",0,100,1,0,"23","370.1","120.3","13.4","56","SSS other agency","City of LA- Hyperion CS","4SSO10450",2,"Yes","No","City of LA- Hyperion CS","4SSO10450",2,3,1,4,NA
"4","4SSO10389","Active","02/28/2023","Municipal (Public)","52,830","1,327,000","600,000","0",5.5,"0.4","0.4","0","0","0","0","0","0","0","0","0","0","0",0,0,"0","0","95","0","5","0","0","0","0","0","0","0",100,0,"0.0","143.2","168.5","none","0","14826","0","0","0","0","0","0","0","0","0","0","0","0","8","0","0","77","0","0","14","0","0","1","0",0,100,0,0,"0","45.6","0.3","5.3","10.6","SSS other agency","LA County SD 22","4SSO11401",2,"No"," "," "," ",0,0,0,1,NA
"4","4SSO10390","Active","06/12/2023","Municipal (Public)","15,884","180,000","80,000","0",0.6,"0.","0.1","0","0","0","0","0","0","0","0","0","0","0",0,0,"0","0","94","0","6","0","0","0","0","0","0","0",100,0,"0","15.8","28.0","none","0","2464","0","0","0","0","0","0","0","0","0","0","0","0","86","0","0","10","0","0","4","0","0","0","0",0,100,0,0,"0","23.1","0.1","1.6","3.2","SSS other agency","LA County SD 19","4SSO11398",2,"No"," "," "," ",0,0,0,0,NA
"4","4SSO10391","Active","12/12/2022","Municipal (Public)","90,000","420,000","420,000","3",2,"1","2","3","0","0","0","0","0","0","0","0","0","0",0,0,"1","0","86","0","13","0","0","0","0","0","0","0",100,0,"0","96","100","none","0","12000","0","0","0","0","0","0","0","0","0","45","0","0","45","0","0","8","0","0","2","0","0","0","0",0,100,0,0,"4","100","0.3",".2",".3","SSS other agency","Los Angeles County Sanitation","4SSO11391",1,"Yes","No","LA County Sanitation District","05 JOS",1,0,0,7,NA
"4","4SSO10392","Active","11/01/2022","Municipal (Public)","19,557","600,000","2,700,000","2",2,"2","2","0","0","0","0","0","0","0","0","0","0","0",0,0,"11","0","80","0","4","0","5","0","0","0","0","0",100,0,"0.1","37","10","none","0","6500","0","0","0","0","0","0","18","0","0","24","0","0","40","0","0","10","0","0","7","0","0","1","0",1,100,0,1,"5","10","4","0.256","0.5","SSS other agency","LA County San Dist., Cty of Carson","Carson",4,"No"," "," "," ",0,0,0,0,NA
"4","4SSO10393","Active","06/26/2022","Municipal (Public)","54,883","287,700","500,000","1",1,"0","1","0","na","0","na","na","0","na","na","0","na","na",1,0,"0","0","82","0","18","0","0","0","0","0","0","0",100,0,"0","66","44","none","0","11000","0","0","0","0","0","0","0","0","0","5","0","0","55","0","0","30","0","0","10","0","0","0","0",0,100,0,0,"1","25","4","500,000","125,000","SSS other agency","County of Los Angeles","na",1,"No"," "," "," ",0,0,0,0,NA
"4","4SSO10394","Active","05/15/2023","Municipal (Public)","264","568,000","254,000","0",1.9,"0.2","0.1","0","0","0","0","0","0","0","0","0","0","0",0,0,"0","0","57","0","42","0","1","0","0","0","0","0",100,0,"0","50.3","14.9","none","0","1313","0","0","0","0","0","0","0","0","0","0","0","0","15","0","0","71","0","0","14","0","0","0","0",0,100,0,0,"0","19","0.2","0.328","0.656","SSS other agency","LA County SD 15","4SSO1134",4,"No"," "," "," ",0,0,0,0,NA
"4","4SSO10395","Active","02/09/2022","Municipal (Public)","110,300","3,000,000","400,000","1",6,"2","3","2","0","0","0","0","0","0","0","0","0","0",0,0,"1","0","95","0","4","0","0","0","0","0","0","0",100,0,"0","145","240","none","0","18408","0","0","0","0","0","0","0","0","0","72","0","0","19","0","0","5","0","0","3","0","0","1","0",0,100,0,0,"0","75","42","10.6","21.2","SSS same agency","LA County Sewer System","Unknown",1,"No"," "," "," ",0,0,0,1,NA
"4","4SSO10396","Active","01/26/2022","Municipal (Public)","1,717","112,000","60,000","0.0",0.3,"0","0.1","0","0","0","0","0","0","0","0","0","0","0",0,0,"0","75","78","0","22","25","0","0","0","0","0","0",100,100,"2.3","11.5","12.6","none","0","1112","0","0","0","0","0","0","0","0","0","0","0","0","29","0","0","64","2","0","7","1","0","0","0",0,100,3,0,"0","3.7","0","1.7","3.4","SSS other agency","LA County SD 15","4SSO11394",3,"No"," "," "," ",0,0,0,0,NA
"4","4SSO10397","Active","01/26/2022","Municipal (Public)","21,261","486,000","220,000","0",2,"0.2","0.1","0","0","0","0","0","0","0","0","0","0","0",0,0,"0","100","98","0","2","0","0","0","0","0","0","0",100,100,"0.6","51.9","53.7","none","0","4722","0","0","0","0","0","0","0","0","0","0","0","0","0","0","0","11","0","1","25","0","1","64","0",1,100,0,3,"0","7.5","0","2.1","4.2","SSS other agency","LA County SD 28","4SSO11402",2,"No"," "," "," ",0,0,0,0,NA
"4","4SSO10398","Active","01/26/2022","Municipal (Public)","6,161","26,000","12,000","0",0.1,"0","0","0","0","0","0","0","0","0","0","0","0","0",0,0,"0","100","77","0","23","0","0","0","0","0","0","0",100,100,"0.2","2.1","1.3","none","0","114","0","0","0","0","0","0","0","0","0","0","0","0","0","0","0","69","0","0","31","0","1","0","0",0,100,0,1,"0","0.8","0.0","0.6","1.2","SSS other agency","LA County SD 18","4SSO11397",2,"No"," "," "," ",0,0,0,0,NA
"4","4SSO10399","Active","05/19/2023","Municipal (Public)","50,015","1,112,000","503,000","0",4.7,"0.4","0.3","0","0","0","0","0","0","0","0","0","0","0",0,0,"0","100","86","0","13","0","1","0","0","0","0","0",100,100,"1.3","118.8","158.6","none","0","13957","0","0","0","0","0","0","0","0","0","0","0","0","63","1","0","23","2","0","14","1","0","0","0",0,100,4,0,"0","15.6","0.1","5.0","10.0","SSS other agency","LA County SD 18","4SSO11397",2,"No"," "," "," ",0,0,0,0,NA
"4","4SSO10400","Active","01/31/2023","Municipal (Public)","39,572","100,000","500,000","0",1,"1","1","0","0","0","0","0","0","0","0","0","0","0",0,0,"1","0","86","0","12","0","1","0","0","0","0","0",100,0,"0","61.1","85.2","none","0","7500","0","0","0","0","0","0","0","0","0","0","0","0","43","0","0","32","0","0","19","0","0","6","0",0,100,0,0,"0","26.4","1.6","5.2","9.7","SSS other agency","County Sanitation District of Los Angeles County","4SSO11394",2,"No"," "," "," ",0,0,0,1,NA
"4","4SSO10401","Active","07/06/2022","Municipal (Public)","34,325","528,000","250,000","3",3,"1","1","0","0","0","0","0","0","0","0","0","0","0",0,0,"20","0","70","0","10","100","0","0","0","0","0","0",100,100,"2","108","0","none","0","8160","0","0","0","0","0","0","0","0","0","15","0","0","30","0","0","49","0","0","5","0","0","1","0",1,100,0,1,"0","45","28","1.5","1.5","WWTP same agency","LACSD","na",1,"No"," "," "," ",0,0,0,0,NA
"4","4SSO10402","Active","01/26/2022","Municipal (Public)","83,636","1,542,000","698,000","0",6.5,"0.5","0.4","0","0","0","0","0","0","0","0","0","0","0",0,0,"0","100","92","0","7","0","1","0","0","0","0","0",100,100,"0.2","166.5","271.4","none","0","23884","0","0","0","0","0","0","0","0","0","0","0","0","84","0","0","12","1","0","4","0","0","0","0",0,100,1,0,"0","52.5","0.6","8.4","16.8","SSS other agency","LA County SD 3","4SSO11389",2,"Yes","No","Bellflower City CS","4SSO11366",2,0,0,7,NA
"4","4SSO10403","Active","08/01/2023","Municipal (Public)","33,641","380,000","150,000","0",1.3,"0.1","0.1","0","0","0","0","0","0","0","0","0","0","0",0,0,"0","0","96","0","4","0","0","0","0","0","0","0",100,0,"0","33.5","65.6","none","0","5787","0","0","0","0","0","0","0","0","0","0","0","0","100","0","0","0","0","0","0","0","0","0","0",0,100,0,0,"0","13.4","0.1","3.4","6.8","SSS other agency","LA County SD 05","4SSO113391",2,"No"," "," "," ",0,0,0,2,NA
"4","4SSO10404","Active","03/16/2023","Municipal (Public)","21,015","334,000","151,000","0",1.4,"0.1","0.1","0","0","0","0","0","0","0","0","0","0","0",0,0,"0","0","97","0","3","0","0","0","0","0","0","0",100,0,"0","35.8","55.6","none","0","4896","0","0","0","0","0","0","0","0","0","25","0","0","39","0","0","32","0","0","4","0","0","0","0",0,100,0,0,"0","14.3","0.7","2.1","4.2","SSS other agency","LA County SD 05","4SSO11391",2,"No"," "," "," ",0,0,0,0,NA
"4","4SSO10407","Active","01/10/2023","Municipal (Public)","69,899","2,000,116.","0","1",3,"2","1","0","0","0","0","0","0","0","0","0","0","0",0,0,"0","0","94","0","6","0","0","0","0","0","0","0",100,0,"0","80","58","none","0","10200","0","0","0","9","0","0","9","0","0","28","0","0","25","0","0","27","0","0","1","0","0","1","0",0,100,0,0,"0","4","2","2.11","6.12","SSS other agency","Los Angeles County Sanitation District","unknown",1,"No"," "," "," ",0,0,0,26,NA
"4","4SSO10408","Active","01/12/2023","Municipal (Public)","35,183","1,985,082","2,541,000","2",4,"1","1","3","0","2","0","0","0","1","0","1","0","0",3,1,"13","100","78","0","8","0","1","0","0","0","0","0",100,100,"1","81.6","140","none","0","14474","0","0","0","0","0","0","0","0","0","29","1","0","54","5","0","8","0","0","8","2","0","1","0",0,100,8,0,"0.5","126","10","3.0","0","WWTP other agency","L. A. County Sanitation District","0",1,"No"," "," "," ",0,0,0,0,NA
"4","4SSO10409","Active","04/14/2023","Municipal (Public)","28,000","100,000","184,000","0",0,"1","0","0","0","0","0","0","0","0","0","1","0","0",0,0,"0","0","87","0","12","0","1","0","0","0","0","0",100,0,"0","25","15.8","none","0","3343","0","0","0","0","0","0","0","0","0","77","0","0","15","0","0","5","0","0","0","0","0","3","0",0,100,0,0,"0","0.75","0.75","2","5","WWTP other agency","Los Angeles County Sanitation District",NA,1,"No"," "," "," ",0,0,0,1,NA
"4","4SSO10410","Active","02/23/2023","Municipal (Public)","39,000","210,000","2,800,000","1",4,"1","3","0","0","0","0","0","0","0","0","0","0","0",0,0,"38","0","55","0","6","0","1","0","0","0","0","0",100,0,"0","92","0","none","0","9000","0","0","0","0","0","0","13","0","0","32","0","0","32","0","0","16","0","0","4","0","0","3","0",0,100,0,0,"0","92","20","4.25","0","SSS other agency","County Sanitation Districs of Los Angeles County","422010410",1,"No"," "," "," ",0,0,0,0,NA
"4","4SSO10411","Active","02/09/2023","Municipal (Public)","63,833","600,000","600,000","2",0,"1","2","0","0","0","0","0","0","0","0","0","0","0",0,0,"0","0","96","0","4","0","0","0","0","0","0","0",100,0,"0.3","89.4","60.7","upperLower","60.7","12557","0","0","0","0","0","0","0","0","0","2","0","0","39","0","0","59","0","0","0","0","0","0","0",0,100,0,0,"0","0","0","6.75","16.87","SSS other agency","Los Angeles County Sanitation",NA,4,"No"," "," "," ",0,0,0,0,NA
"4","4SSO10412","Active","11/29/2022","Municipal (Public)","62,000","750,000","750,000","2",3,"1","2","0","0","0","0","0","0","0","0","0","0","0",0,0,"10","0","75","0","15","0","0","0","0","0","0","0",100,0,"0","126","0","none","10","30","0","0","0","0","0","0","20","0","0","15","0","0","25","0","0","25","0","0","13","0","0","2","0",0,100,0,0,"0","87.4","25","2.9","8.7","SSS other agency","Los Angeles County Sanitation District","4SSO10450",1,"No"," "," "," ",0,0,0,0,NA
"4","4SSO10413","Historical","04/05/2016","Municipal (Public)","110,040","1,425,692","2,093,886","1",5,"1","1","0","0","0","0","0","0","0","0","0","0","0",0,0,"01","0","90","0","6","0","0","0","0","0","3","0",100,0,"0.1","160","147","none","0","25800","0","0","0","0","0","0","0","0","0","0","0","0","90","0","0","5","0","0","3","2","0","2","1",0,100,3,0,"18","90","19","7.8","14.8","SSS other agency","LA County Sanitation District","4B190107015",1,"No"," "," "," ",0,0,0,18,NA
"4","4SSO10414","Active","02/16/2023","Municipal (Public)","14,085","725,000","328,000","0",3,"0.2","0.2","0","0","0","0","0","0","0","0","0","0","0",0,0,"0","100","94","0","6","0","0","0","0","0","0","0",100,100,"0.9","77.4","59.2","none","0","5213","0","0","0","0","0","0","0","0","0","0","0","0","4","0","0","93","2","0","0","0","0","3","0",0,100,2,0,"0","43.0","1.2","1.4","2.8","SSS other agency","LA County SD","4SSO11391",3,"Yes","No","Rancho Palos Verdes City CS","4SSO10414",2,0,0,0,NA
"4","4SSO10415","Active","02/27/2023","Municipal (Public)","57,989","574,000","260,000","0",2.4,"0.2","0.2","0","0","0","0","0","0","0","0","0","0","0",0,0,"0","100","91","0","9","0","0","0","0","0","0","0",100,100,"0.0","62.0","94.8","none","0","8346","0","0","0","0","0","0","0","0","0","8","0","0","79","0","0","12","1","0","1","0","0","0","0",0,100,1,0,"0","24.5","0.1","5.8","11.6","SSS other agency","LA County SD 01","4SSO11386",3,"Yes","No","Bellflower City CS","4SS)10369",1,0,0,6,NA
"4","4SSO10416","Active","05/23/2022","Municipal (Public)","146,000","2,500,000","1,000,000","1",8,"1","1","2","0","1","0","0","0","0","0","0","0","0",0,0,"2","0","81","0","13","0","4","0","0","0","0","0",100,0,"0.2","347","341","none","0","54050","0","0","0","2","0","0","33","0","0","30","0","0","22","0","2","7","0","0","5","0","0","1","0",0,100,0,2,"41","331","6","14.8","30","WWTP other agency","LACSD","0",1,"No"," "," "," ",0,4,0,0,NA
"4","4SSO10417","Active","01/26/2022","Municipal (Public)","66,967","1,018,000","461,000","0",4.2,"0.3","0.3","0","0","0","0","0","0","0","0","0","0","0",0,0,"0","0","91","0","9","0","0","0","0","0","0","0",100,0,"0","110","164.4","none","0","14468","0","0","0","0","0","0","0","0","0","0","0","0","82","1","1","14","0","0","3","1","0","1","0",0,100,2,1,"0","46.3","0.3","6.7","13.4","WWTP other agency","LA County SD JWPCP","N/A",3,"No"," "," "," ",0,0,0,6,NA
"4","4SSO10418","Active","01/11/2023","Municipal (Public)","151,696","2,582,964","320,032","2",4,"2","2","5","0","2","0","0","1","0","0","1","0","0",2,2,"1","0","73","66","17","4","7","30","1","0","1","0",100,100,"1.4","317","535","none","0","28233","3","0","0","0","0","0","3","0","0","13","0","0","41","1","0","25","1","0","12","1","0","3","1",0,100,4,0,"7.2","195","18","9.99","13.7","WWTP other agency","CSD Los Angeles County","4SSO11400",1,"Yes","No","City Of Claremont","4SSO10376",3,9,0,2,NA
"4","4SSO10419","Historical","03/23/2022","Municipal (Public)","21,353","4,949,968","320,000","1",2,"1","1","0","0","0","0","0","1","0","0","2","0","0",2,1,"3","0","76","0","19","100","2","0","0","0","0","0",100,100,"0.7","32.8","78","none","0","4820","0","0","0","0","0","0","0","0","0","0","0","0","30","0","0","55","1","0","10","4","0","5","0",0,100,5,0,"0","16","0","1.2","3","WWTP other agency","City of Oxnard WWTP","N/A",1,"Yes","No","Oxnard Harbor District",NA,2,2,0,0,NA
"4","4SSO10420","Active","02/16/2023","Municipal (Public)","42,893","1,306,000","591,000","0",5.5,"0.4","0.4","0","0","0","0","0","0","0","0","0","0","0",0,0,"0","100","94","0","6","0","0","0","0","0","0","0",100,100,"1.8","139.5","157.3","none","0","13840","0","0","0","0","0","0","0","0","0","0","0","0","8","0","0","80","2","1","8","0","4","4","0",0,100,2,5,"0","61.2","3.7","4.3","8.6","SSS other agency","LA County SD 05","4SSO11391",3,"Yes","No","Lomita City CS","4SSO10404",2,0,0,1,NA
"4","4SSO10421","Active","01/18/2023","Municipal (Public)","69,781","1,500,000","5,000,000","2",5,"4","2","2","0","2","0","0","0","0","0","1","0","0",1,1,"2","50","88","40","10","10","0","0","0","0","0","0",100,100,"1","112","52","none","1","13640","0","0","0","0","0","0","0","0","0","10","0","0","70","0","0","15","1","0","0","12","0","5","2",0,100,15,0,"5","28","15","6","10.5","SSS other agency","Los Angeles County Sanitation","UNKNOWN",1,"Yes","No","City of Torrance","UNKNOWN",2,1,0,2,NA
"4","4SSO10423","Active","03/02/2023","Municipal (Public)","8,157","318,000","144,000","0",1.3,"0.1","0.1","0","0","0","0","0","0","0","0","0","0","0",0,0,"0","100","97","0","3","0","0","0","0","0","0","0",100,100,"0.3","33.6","34.5","none","0","3033","0","0","0","0","0","0","0","0","0","0","0","0","17","0","0","71","1","1","12","0","1","0","0",0,100,1,2,"0","23.4","1.2","0.8","1.6","SSS other agency","LA County SD 05","4SSO11391",3,"No"," "," "," ",0,0,0,0,NA
"4","4SSO10424","Active","05/03/2023","Municipal (Public)","57,756","895,000","400,000","0",3,"0.2","0.2","0","0","0","0","0","0","0","0","0","0","0",0,0,"0","100","96","0","4","0","0","0","0","0","0","0",100,100,"0.1","78.8","118.2","none","0","10440","0","0","0","0","0","0","0","0","0","0","0","0","87","0","0","5","0","0","7","0","1","1","0",0,100,0,1,"0","33.8","0.2","5.8","11.6","SSS other agency","LA County SD 15","4SSO11394",2,"No"," "," "," ",0,0,0,0,NA
"4","4SSO10425","Active","05/15/2023","Municipal (Public)","36,946","945,000","428,000","0",3.9,"0.3","0.2","0","0","0","0","0","0","0","0","0","0","0",0,0,"0","94","94","6","6","0","0","0","0","0","0","0",100,100,"4.3","97.8","108.1","none","0","9515","0","0","0","0","0","0","0","0","0","0","0","0","14","0","0","54","3","0","31","1","3","1","0",0,100,4,3,"0","17.5","0.4","3.7","7.4","SSS other agency","LA County SD 21","4SSO11400",3,"No"," "," "," ",0,4,0,0,NA
"4","4SSO10426","Active","12/01/2020","Municipal (Public)","24,585","3,004,070","2,133,563","2",3,"1","1","1","0","0","0","0","0","0","0","0","0","0",0,0,"0","0","75","0","25","0","0","0","0","0","0","0",100,0,"0","40.9","68.2","none","0","5131","0","0","0","0","0","0","10","0","0","30","0","0","30","0","0","20","0","0","10","0","0","0","0",0,100,0,0,"0","60","3","0","0","WWTP other agency","Tillman","0",1,"No"," "," "," ",0,1,0,1,NA
"4","4SSO10427","Active","09/19/2022","Municipal (Public)","40,000","1,194,658","2,000,000","2",1,"1","1","0","0","0","0","0","3","0","0","0","0","0",2,0,"0","0","92","0","8","0","0","0","0","0","0","0",100,0,"0.1","72","0","none","0","15810","0","0","0","0","0","0","0","0","0","65","0","0","30","0","0","5","0","0","0","0","0","0","0",0,100,0,0,"14.4","87","1","8.6","999","SSS other agency","LACSD Joint Outfall","455010459",2,"No"," "," "," ",0,0,0,3,NA
"4","4SSO10428","Active","07/10/2023","Municipal (Public)","12,500","231,530","1,222,100","0",3,"1","1","0","0","0","0","0","0","0","0","0","0","0",0,0,"0","100","98","0","2","0","0","0","0","0","0","0",100,100,"3","47.3","20.8","none","0","4400","0","0","0","0","0","0","20","0","0","20","0","0","60","0","3","0","0","0","0","0","0","0","0",0,100,0,3,"5","23.5","23.5","1.2","2.5","SSS other agency","Los Angeles County Sanitation District","4SSO11395",1,"No"," "," "," ",0,0,0,3,NA
"4","4SSO10429","Active","02/27/2023","Municipal (Public)","177,641","4,439,000","2,009,000","0.1",17.4,"1.4","1.1","0","0","0","0","0","0","0","0","0","0","0",0,0,"0","100","84","0","15","0","1","0","0","0","0","0",100,100,"0.4","460.98","622.1","none","0","54742","0","0","0","0","0","0","0","0","0","0","0","0","0","0","0","53","0","0","33","0","1","14","1",0,100,1,1,"0","47.2","0.3","17.7","35.4","SSS other agency","LA County SD SCV","4SSO11405",2,"No"," "," "," ",0,0,0,3,NA
"4","4SSO10430","Active","04/18/2023","Municipal (Public)","17,929","782,000","354,000","0",3.3,"0.3","0.2","0","0","0","0","0","0","0","0","0","0","0",0,0,"0","100","77","0","23","0","0","0","0","0","0","0",100,100,"0.0","84.4","65.4","none","0","5755","0","0","0","0","0","0","0","0","0","0","0","0","41","0","0","51","1","0","8","0","0","0","0",0,100,1,0,"0","14.8","0.1","1.8","3.6","SSS other agency","LA County SD 18","4SSO11397",2,"No"," "," "," ",0,0,0,19,NA
"4","4SSO10431","Active","02/03/2023","Municipal (Public)","93,283","14,822,000","3,090,000","1",14,"2","3","5","0","3","0","0","1","0","0","2","1","0",0,0,"6","0","61","0","21","0","8","0","3","0","1","100",100,100,"0.2","151.8","80","none","0","17000","1","0","0","0","0","0","20","0","0","51","0","0","5","0","0","1","0","0","6","1","0","16","0",0,100,1,0,"0","293","9.04","13.9","32.65","SSS other agency","Los Angeles City - Hyperion",NA,1,"No","No","Los Angeles City - Hyperion",NA,1,0,0,1,NA
"4","4SSO10432","Active","03/13/2018","Municipal (Public)","11,094","1,191,200","115,000","0",6,"1","1","3","0","1","0","0","0","0","0","0","0","0",0,0,"0","0","100","0","0","0","0","0","0","0","0","0",100,0,"0","32","42","none","0","3430","0","0","0","0","0","0","0","0","0","0","0","0","7","0","0","92","0","0","0","0","0","1","0",0,100,0,0,"1","32","3","1.2","1.2","SSS other agency","City of Arcadia","4B190149001",2,"No"," "," "," ",0,0,0,0,NA
"4","4SSO10433","Historical","","","","","","",NA,"","","","","","","","","","","","","",NA,NA,"","","","","","","","","","","","",NA,NA,"","","","","","","","","","","","","","","","","","","","","","","","","","","","","",NA,NA,NA,NA,"","","","","","","","",0,"","","","",0,NA,NA,NA,NA
"4","4SSO10434","Active","01/26/2022","Municipal (Public)","22,627","342,000","155,000","0",1.4,"0.1","0.1","0","0","0","0","0","0","0","0","0","0","0",0,0,"0","100","100","0","0","0","0","0","0","0","0","0",100,100,"0.1","36.9","49.3","none","0","4339","0","0","0","0","0","0","0","0","0","0","0","0","97","1","0","1","0","0","1","0","0","1","0",0,100,1,0,"0.1","9.3","0.1","2.3","4.6","SSS other agency","LA County SD 15","4SSO11395",2,"No"," "," "," ",0,0,0,2,NA
"4","4SSO10435","Historical","07/29/2021","Municipal (Public)","95,115","2,165,367","600,877","3",7,"2","1","0","0","0","0","0","0","0","0","0","0","0",0,0,">1%","0","89%","0","8%","0",">1%","0","0","0","3","0",100,0,"0","119.4","0","none","0.3","19533","0","0","0","0","0","0","0","0","0","35","0","0","35","0","0","20","0","0","10","0","0","0","0",0,100,0,0,"0","29","5","4.4","6.2","SSS other agency","County Sanitation District of Los Angeles","N/A",3,"No"," "," "," ",0,0,0,100,NA
"4","4SSO10436","Active","12/02/2022","Municipal (Public)","26,314","1,110,366","500,000","0",2,"1","1","1","0","0","0","0","0","0","0","0","0","0",0,0,"3","100","88","0","9","0","0","0","0","0","0","0",100,0,"0.5","56","100","none","0","6469","0",NA,NA,"0",NA,NA,"0",NA,NA,"1",NA,NA,"20",NA,NA,"11",NA,NA,"0",NA,NA,"68",NA,NA,100,0,0,"4","10","5","1.87","4.66","SSS other agency","LACSD","0",2,"No"," "," "," ",0,0,0,0,NA
"4","4SSO10437","Active","05/15/2023","Municipal (Public)","36,500","878,000","392,000","0",3,"0.2","0.2","0","0","0","0","0","0","0","0","0","0","0",0,0,"0","0","98","0","2","0","0","0","0","0","0","0",100,0,"0","77.3","114.6","none","0","10123","0","0","0","0","0","0","0","0","0","0","0","0","89","0","0","4","0","0","4","0","0","3","0",0,100,0,0,"0","20.5","0.1","3.6","7.2","SSS other agency","LA County SD 15","4SSO11394",2,"No"," "," "," ",0,0,0,2,NA
"4","4SSO10439","Active","06/01/2023","Municipal (Public)","149,000","3,000,000","2,400,000","4",12,"1","1","0","0","3","0","0","0","0","0","1","0","0",0,0,"4","60","16","40","80","0","0","0","0","0","0","0",100,100,"2","278","284","none","0","34811","0","0","0","0","0","0","1","0","0","1","0","0","54","0","0","42","0","0","1","0","0","1","0",0,100,0,0,"9","365","5","19","0","WWTP other agency","LACSD","0",1,"No"," "," "," ",0,0,0,8,NA
"4","4SSO10440","Active","02/02/2023","Municipal (Public)","55,000","150,000","0","0",2,"1","2","0","0","0","0","0","0","0","0","1","0","0",0,0,"0","0","43","0","49","0","8","0","0","0","0","0",100,0,"0","44","0","none","0","0","0","0","0","0","0","0","0","0","0","25","0","0","50","0","0","10","0","0","10","0","0","5","0",0,100,0,0,"0","8","0","6,000,000","0","WWTP other agency","County Sanitation Districts of LA County","4SSO11386",3,"No"," "," "," ",0,0,0,0,NA
"4","4SSO10441","Active","01/26/2022","Municipal (Public)","32,659","895,000","405,000","0",3.8,"0.3","0.2","0","0","0","0","0","0","0","0","0","0","0",0,0,"0","0","93","0","6","0","1","0","0","0","0","0",100,0,"0","96.6","98.8","none","0","8691","0","0","0","0","0","0","0","0","0","0","0","0","1","0","0","38","0","0","60","0","0","1","0",0,100,0,0,"0","13.6","0.1","3.3","6.6","SSS other agency","LA County SD 21","4SSO11400",3,"No"," "," "," ",0,0,0,4,NA
"4","4SSO10442","Active","09/14/2017","Municipal (Public)","111,400","2,919,592","539,000","0",6,"1","1","0","0","0","0","0","0","0","0","0","0","0",0,0,"0","0","93","0","7","0","0","0","0","0","0","0",100,0,"0.3","235.9","92","none","0","24899","0","0","0","0","0","0","0","0","0","0","0","0","39","0","0","50","0","1","10","0","1","1","0",0,100,0,2,"1","150","50","6.2","7.3","WWTP other agency","County Sanitation District of LA",NA,1,"No"," "," "," ",0,0,0,4,NA
"4","4SSO10443","Active","05/08/2023","Municipal (Public)","87,000","2,000,000","6,000,000","1",5,"1","2","0","0","0","0","0","0","0","0","0","0","0",0,0,"38","0","57","0","5","0","0","0","0","0","0","0",100,0,"0","194.2","198","none","0","21107","0","0","0","0","0","0","5","0","0","21","0","0","50","0","0","15","0","0","8","0","0","1","0",0,100,0,0,"1","258","35","0","0","SSS other agency","LACSD","4SS011397",1,"No"," "," "," ",0,0,0,0,NA
"4","4SSO10444","Active","01/10/2023","Municipal (Public)","33,369","730,182","239,500","5",4,"1","1","2","0","1","0","0","1","0","0","0","0","0",2,2,"0","100","85","0","10","0","5","0","0","0","0","0",100,100,"4","71","90","none","0","6300","0","0","0","0","0","0","0","0","0","0","0","0","15","0","0","0","0","0","85","0","0","0","0",0,100,0,0,"0","31","4.5","1.5","2.2","WWTP other agency","La County","25136",2,"No"," "," "," ",0,0,0,0,NA
"4","4SSO10445","Active","01/16/2023","Hospital","5,000","0","0","0",0,"0","0","0","0","0","0","0","0","0","0","0","0","0",0,0,"30","0","30","0","10","0","20","0","0","0","10","0",100,0,"0","1","2","upperLower","2","48","0","0","0","0","0","0","10","0","0","60","0","0","15","0","0","5","0","0","5","0","0","5","0",0,100,0,0,"0","0","0","0.6","1.2","WWTP other agency","Los Angeles City Sewer",NA,1,"No"," "," "," ",0,0,0,0,NA
"4","4SSO10449","Active","07/03/2023","Municipal (Public)","130,000","1,945,326","10,467,000","3",6.2,"1","1","2","0","0","1","0","3","0","0","2","0","0",0,0,"10","0","50","0","20","50","20","0","0","50","0","0",100,100,"3","415","0","none","0","35000","0","0","0","0","0","0","0","0","0","0","0","0","10","0","0","60","0","0","20","0","0","10","2",0,100,2,0,"10","218","34","8,000,000","11,000,000","WWTP same agency","Hill Canyon Treatment Plant","na",1,"No"," "," "," ",0,8,5,0,NA
"4","4SSO10450","Active","02/13/2023","Municipal (Public)","4,624,459","47,617,609","143,558,705","47",226,"18","9","117","0","15","0","0","11","0","0","8","0","0",154,114,"3","31","79","5","13","23","3","31","2","10","0","0",100,100,"17.6","6,080.6","1,096","none","0","578336","1","0","0","1","0","0","9","0","0","26","0","0","32","5","1","20","3","8","5","4","2","6","3",5,100,15,16,"91","6,778.6","95.6","246","376.4","WWTP same agency","Hyperion Treatment Plant","232063",1,"Yes","Yes","Hyperion Collection System","4SSO10450",2,0,1,289,NA
"4","4SSO10452","Historical","","","","","","",NA,"","","","","","","","","","","","","",NA,NA,"","","","","","","","","","","","",NA,NA,"","","","","","","","","","","","","","","","","","","","","","","","","","","","","",NA,NA,NA,NA,"","","","","","","","",0,"","","","",0,NA,NA,NA,NA
"4","4SSO10460","Active","01/24/2023","Municipal (Public)","80,000","2,302,189","1,504,336","11",43,"13","5","0","1","0","3","2","2","2","2","0","2","2",0,0,"0","0","2","0","36","100","54","0","8","0","0","0",100,100,"4","52","0","none","0","0","0","0","0","0","0","0","0","0","0","0","0","0","0","0","0","100","2","0","0","0","0","0","0",0,100,2,0,"25","7","0.75","7.5","30.93","WWTP same agency","Tapia WRF","4SSO1046O",1,"Yes","No","Triunfo Sanitation District","4SSO10497",1,24,0,2,NA
"4","4SSO10465","Active","01/26/2022","Municipal (Public)","4,050","46,000","21,000","0",0.2,"0","0","0","0","0","0","0","0","0","0","0","0","0",0,0,"0","0","92","0","8","0","0","0","0","0","0","0",100,0,"0","4.8","2.1","none","0","187","0","0","0","0","0","0","0","0","0","0","0","0","0","0","0","98","0","0","0","0","0","2","0",0,100,0,0,"0","1.3","0.1","0.4","0.8","WWTP same agency","Malibu Mesa WPCP","4B190107048",1,"No"," "," "," ",0,0,0,0,NA
"4","4SSO10466","Historical","","","","","","",NA,"","","","","","","","","","","","","",NA,NA,"","","","","","","","","","","","",NA,NA,"","","","","","","","","","","","","","","","","","","","","","","","","","","","","",NA,NA,NA,NA,"","","","","","","","",0,"","","","",0,NA,NA,NA,NA
"4","4SSO10467","Historical","","","","","","",NA,"","","","","","","","","","","","","",NA,NA,"","","","","","","","","","","","",NA,NA,"","","","","","","","","","","","","","","","","","","","","","","","","","","","","",NA,NA,NA,NA,"","","","","","","","",0,"","","","",0,NA,NA,NA,NA
"4","4SSO10469","Historical","03/30/2016","Municipal (Public)","2400","404,340","12,500","4",4,"1","1","1","1","0","0","0","2","0","0","0","0","0",0,0,"0","0","79","0","7","0","14","0","0","0","0","0",100,0,"0","7","7","none","0","648","0","0","0","0","0","0","0","0","0","0","0","0","80","0","0","10","0","0","5","0","0","5","0",0,100,0,0,"0","3","1",".267",".360","WWTP same agency","Montalvo Community Services District","0",1,"No"," "," "," ",0,0,0,0,NA
"4","4SSO10471","Active","02/14/2023","Municipal (Public)","35,975","5,107,400","2,877,000","3",8,"2","1","0","0","2","0","0","1","0","1","2","0","0",0,0,"14","25","55","25","25","50","6","0","0","0","0","0",100,100,"4","107","44","none","0","9875","0","0","0","0","0","0","0","0","0","0","0","0","0","0","0","25","0","0","54","0","1","21","1",2,100,1,3,"1","35","4","1.90","3.07","SSS same agency","Ventura County Waterworks District No. 1","4SSO10471",1,"No"," "," "," ",0,7,0,0,NA
"4","4SSO10477","Active","12/06/2022","Municipal (Public)","23,000","1,500,000","900,000","0",3,"2","1","0","1","1","0","0","0","0","0","2","0","0",0,0,"28","10","46","0","20","90","6","0","0","0","0","0",100,100,"2.8","118","169.5","none","0","12600","15","0","0","0","0","0","0","0","0","0","0","0","10","0","0","50","0","0","20","0","2","5","2",0,100,2,2,"0","28","8.89","1.44","2.42","WWTP same agency","Ojai Valley WWTP","CA0053961",1,"No"," "," "," ",0,1,3,10,NA
"4","4SSO10479","Active","05/30/2023","Municipal (Public)","242,237","4,843,845","250,000","2",8,"1","1","2","1","1","1","0","3","0","1","0","0","0",3,2,"2","16","70","16","18","59","8","9","2","0","0","0",100,100,"10","363.8","0","none","0","32120","0","0","0","0","0","0","5","0","0","10","0","0","10","0","0","30","2","2","30","2","0","15","5",4,100,9,6,"1.5","239.90","15.55","16.9","42","WWTP same agency","City of Oxnard Wastewater Treatment Plant","N/A",1,"Yes","No","City of Port Hueneme","4SSO11406",5,2,3,0,NA
"4","4SSO10486","Active","08/25/2022","Municipal (Public)","29,800","1,300,000","20,079,482","2",3,"2","1","3","0","0","0","0","1","0","0","1","0","0",2,0,"40","100","35","0","24","0","1","0","0","0","0","0",100,100,"1.7","60","75","none","0.1","6502","0","0","0","0","0","0","0","0","0","30","0","0","17","0","0","30","0","0","17","1","0","6","1",1,100,2,1,"3","14","7.7","2.4","4.28","WWTP same agency","City of Santa Paula","4SSO10486",1,"No"," "," "," ",0,0,1,0,NA
"4","4SSO10487","Active","12/14/2022","Municipal (Public)","1,130","380,000","500,000","2",10,"2","2","0","0","3","0","0","1","0","0","1","0","0",0,0,"21","0","63","0","16","0","0","0","0","0","0","0",100,0,"0","4.2","3.7","none","0","278","0","0","0","0","0","0","0","0","0","0","0","0","58","0","0","0","0","0","0","0","0","42","0",0,100,0,0,"0","4.2","4.2","0.1","0.2","WWTP same agency","Jose Flores Wastewater Treament Plant","4SSO10487",1,"No"," "," "," ",0,2,0,0,NA
"4","4SSO10489","Active","05/04/2023","Municipal (Public)","126,788","6,814,750","9,360,000","2",6,"1","2","0","0","4","0","2","0","0","0","2","2","0",1,1,"1.","98","81","2","12","0","4","0","2","0","0","0",100,100,"3","382","350","none","0","36644","0","0","0","0","0","0","0","0","0","0","0","0","10","0","0","55","0","0","28","0","2","7","0",1,100,0,3,"4","233","46","7.6","14","WWTP same agency","City of Simi Valley","4SSO10489",1,"No"," "," "," ",0,2,0,0,NA
"4","4SSO10491","Active","02/13/2023","Municipal (Public)","199,081","7,274,218","9,644,063","47",226,"18","9","117","0","15","0","0","11","0","0","8","0","0",154,114,"2","13","80","10","14","23","4","48","0","6","0","0",100,100,"13","296","56","none","0","29668","0","0","0","0","0","0","10","0","0","32","2","0","23","1","3","23","4","2","7","1","0","5","1",4,100,9,9,"4","323","0.6","14","28.4","WWTP same agency","Terminal Island Water Reclamation Plant","267130",1,"Yes","Yes","Terminal Island Collection System","4SSO10491",2,1,3,23,NA
"4","4SSO10495","Historical","","","","","","",NA,"","","","","","","","","","","","","",NA,NA,"","","","","","","","","","","","",NA,NA,"","","","","","","","","","","","","","","","","","","","","","","","","","","","","",NA,NA,NA,NA,"","","","","","","","",0,"","","","",0,NA,NA,NA,NA
"4","4SSO10496","Active","01/26/2022","Municipal (Public)","600","37,000","17,000","0",0.2,"0","0","0","0","0","0","0","0","0","0","0","0","0",0,0,"0","100","100","0","0","0","0","0","0","0","0","0",100,0,"1.0","2.9","3.1","none","0","274","0","0","0","0","0","0","0","0","0","0","0","0","0","0","0","94","0","2","6","0","0","0","0",0,100,0,2,"0","1.1","0.1","0.1","0.2","WWTP same agency","Trancas TP","4B190107004",1,"No"," "," "," ",0,0,0,0,NA
"4","4SSO10497","Active","12/01/2022","Municipal (Public)","31,600","1,154,000","4,950,000","0",4,"1","1","1","0","0","1","1","1","0","0","0","0","0",0,0,"5","80","50","20","40","0","5","0","0","0","0","0",100,100,"1.5","130","170","none","0","10798","0","0","0","0","0","0","0","0","0","0","0","0","0","0","0","48","3","2","40","0","0","12","0",1,100,3,3,"8","60","10","2.2","2.5","WWTP other agency","Las Virgenes - Tapia WWTF","0",2,"No"," "," "," ",0,3,0,0,NA
"4","4SSO10498","Active","03/16/2023","School","85,000","250,000","0","1",6,"2","1","0","0","0","0","0","0","0","0","0","0","0",0,0,"4","0","95","0","1","0","0","0","0","0","0","0",100,0,"0","11","1","upperLower","1","170","0","0","0","0","0","0","0","0","0","10","0","0","34","0","0","40","0","0","15","0","0","1","0",0,100,0,0,"0","3","1.5","1.44","1.44","WWTP other agency","Hyperion Treatment Plant",NA,1,"No","No","City of Los Angeles"," ",1,0,0,0,NA
"4","4SSO10500","Active","07/07/2023","Municipal (Public)","2,587","1,100,000","375,000","3",8,"2","1","0","0","2","0","0","1","0","1","2","0","0",0,0,"3","95","78","0","19","5","0","0","0","0","0","0",100,100,"0.4","5","2.4","none","0","543","0","1","1","0","0","0","0","0","0","0","0","0","0","0","0","88","0","0","0","0","0","12","1",1,100,2,2,"0","4","1","0.152","0.159","WWTP same agency","Piru Wastewater Treatment Plant (Piru WWTP)","4SSO10500",1,"No"," "," "," ",0,0,1,0,NA
"4","4SSO10501","Historical","","","","","","",NA,"","","","","","","","","","","","","",NA,NA,"","","","","","","","","","","","",NA,NA,"","","","","","","","","","","","","","","","","","","","","","","","","","","","","",NA,NA,NA,NA,"","","","","","","","",0,"","","","",0,NA,NA,NA,NA
"4","4SSO10502","Active","02/13/2023","Municipal (Public)","90,334","659,710","2,374,361","47",226,"18","9","117","0","15","0","0","11","0","0","8","0","0",154,114,"0","0","84","0","13","0","1","100","1","0","1","0",100,100,"0.6","100.3","22","none","0","12389","0","0","0","0","0","0","1","0","0","50","0","0","33","0","0","8","1","0","5","0","0","3","0",0,100,1,0,"0","120","0.5","0.25","0.28","WWTP other agency","Los Angeles County Sanitation District Joint","S234156",1,"No","Yes","LA City Bureau of Sanitation CS","4SSO10502",1,0,0,6,NA
"4","4SSO10503","Historical","05/13/2015","School","6,000","20,000","0","1",1,"1","1","0","0","0","0","0","0","0","0","0","0","0",0,0,"60","0","40","0","0","0","0","0","0","0","0","0",100,0,"0","2","1","upperLower","1","30","0","0","0","0","0","0","0","0","0","0","0","0","0","0","0","50","0","0","20","0","0","30","0",0,100,0,0,"0","1","1",".0361",".0361","SSS other agency","City of LA Bureau of Sanitation","N/A",1,"No"," "," "," ",0,0,0,0,NA
"4","4SSO11364","Active","07/07/2023","Municipal (Public)","5,300","875,000","650,000","2",8,"2","1","0","0","2","0","0","1","0","1","2","0","0",0,0,"2","0","81","0","16","0","1","0","0","0","0","0",100,0,"1.2","17","7","none","0","1369","0","0","0","0","0","0","0","0","0","0","0","0","0","0","0","0","0","0","0","0","0","100","0",1,100,0,1,"0","0","0",".309",".419","SSS other agency","City of Oxnard","4SSO10479",1,"No"," "," "," ",0,0,0,0,NA
"4","4SSO11365","Active","05/17/2023","Municipal (Public)","597,480","16,196,000","7,241,000","03",53.9,"4.4","3.4","0","0","0","0","0","0","0","0","0","0","0",0,0,"0","38","94","60","5","2","1","0","0","0","0","0",100,100,"5.3","1,429","1,999.3","none","0","16017","0","0","0","0","0","0","0","0","0","12","0","0","50","0","1","26","4","1","7","0","2","5","1",1,100,5,5,"0","375.8","92.3","64.25","128","SSS other agency","LA County SD 08","4SSO11392",4,"Yes","No","Los Angeles City BS CS","4SSO10502",4,0,0,38,NA
"4","4SSO11366","Active","04/21/2023","Municipal (Public)","23,387","500,000","226,000","0",2.1,"0.2","0.1","0","0","0","0","0","0","0","0","0","0","0",0,0,"0","0","95","0","5","0","0","0","0","0","0","0",100,0,"0.1","54","76","none","0","6654","0","0","0","0","0","0","0","0","0","0","0","0","0","0","0","52","0","0","47","0","0","1","0",0,100,0,0,"0","9.3","0","2.3","4.6","SSS other agency","Las Virgenes MWD","4sso10460",2,"No"," "," "," ",0,0,0,1,NA
"4","4SSO11367","Active","09/14/2022","Municipal (Public)","106,000","1,946,599","15,000,000","1",15,"2","1","0","0","2","0","3","0","1","0","4","0","0",14,14,"20","100","50","0","30","0","0","0","0","0","0","0",100,100,"10","307","227","none","0","30000","0","0","0","1","0","0","4","0","0","16","0","0","10","0","0","40","0","0","25","0","0","4","0",0,100,0,0,"5","174","75","7.5","14","WWTP same agency","Ventura Water Reclamtion  Facility","4SSO11367",1,"No"," "," "," ",0,0,1,0,NA
"4","4SSO11368","Active","03/01/2023","Municipal (Public)","37,805","250,000","1,000,000","0.1",0.9,"0.1","0.1","0","0","0","0","0","0","0","0","0","0","0",0,0,"0","0","83","0","17","0","0","0","0","0","0","0",100,0,"0","39.5","81.3","none","0","7150","0","0","0","0","0","0","0","0","0","40","0","0","6","0","0","24","0","0","0","0","0","30","0",0,100,0,0,"0","23.8","1.0","3.8","7.6","SSS other agency","Sanitation Districts of Los Angeles County","4SSO11388",2,"Yes","No","City of Los Angeles","4SSO10450",1,0,0,0,NA
"4","4SSO11369","Active","02/14/2023","Airport","335","373,000","0","3",8,"2","1","0","0","2","0","1","1","0","1","2","0","0",0,0,"9","100","80","0","11","0","0","0","0","0","0","0",100,100,"1","4.2","0.5","none","0","67","0","0","0","0","0","0","0","0","0","0","0","0","0","0","0","22","0","1","58","0","0","20","0",1,100,0,2,"1","0","0","0.016","0.016","SSS other agency","Camarillo Sanitation District","4SSO10357",1,"No"," "," "," ",0,0,0,0,NA
"4","4SSO11370","Active","01/26/2022","Municipal (Public)","8,950","395,000","179,000","0.0",1.6,"0.1","0.1","0","0","0","0","0","0","0","0","0","0","0",0,0,"0","0","69","0","28","0","3","0","0","0","0","0",100,0,"0.0","42.1","58.2","none","0","5309","0","0","0","0","0","0","0","0","0","0","0","0","9","0","0","44","0","0","35","0","0","12","0",0,100,0,0,"0","11.4","0.6","0.9","1.8","SSS other agency","LA County SD 14","4SSO11393",2,"Yes","No","Lancaster CS","6SSO11136",2,0,0,0,NA
"4","4SSO11371","Active","07/07/2023","Municipal (Public)","2,100","435,000","510,000","3",8,"2","1","0","0","2","0","0","1","0","1","2","0","0",0,0,"40","100","54","0","6","0","0","0","0","0","0","0",100,100,"0.2","14.6","1.3","none","0","274","0","0","0","0","0","0","0","0","0","0","0","0","0","0","0","0","0","0","100","1","0","0","0",0,100,1,0,"0","0","0","0.122","0.194","SSS other agency","City of Oxnard (Wastewater)","4SSO10479",1,"No"," "," "," ",0,0,0,0,NA
"4","4SSO11372","Active","01/26/2022","Municipal (Public)","8,952","305,000","138,000","0.0",1.3,"0.1","0.1","0","0","0","0","0","0","0","0","0","0","0",0,0,"0","100","93","0","7","0","0","0","0","0","0","0",100,100,"1.0","33.0","48.6","none","0","4280","0","0","0","0","0","0","0","0","0","0","0","0","12","0","0","28","1","0","55","1","1","5","0",1,100,2,2,"0","9.2","0.5","0.9","1.8","SSS other agency","Las Virgenes MWD","4SSO10460",1,"No"," "," "," ",0,0,0,1,NA
"4","4SSO11373","Active","02/02/2023","Municipal (Public)","8,400","535,000","1,800,000","0",0.3,"0","0","0","0","0","0","0","0","0","0","0","0","0",0,0,"0","0","64","0","36","100","0","0","0","0","0","0",100,100,"0.2","11.2","8.7","none","0","759","0","0","0","0","0","0","0","0","0","0","0","0","5","0","0","52","1","0","43","0","0","0","0",0,100,1,0,"0","23.1","0.8","1.3","2.6","SSS other agency","LA City BS Hyperion CS","$SSO10450",1,"No"," "," "," ",0,0,0,0,NA
"4","4SSO11374","Active","05/23/2023","Municipal (Public)","45,666","1,474,000","659,000","0.0",4.9,"0.4","0.3","0","0","0","0","0","0","0","0","0","0","0",0,0,"0","74","86","0","13","26","1","0","0","0","0","0",100,100,"2.7","131.5","182","none","0","16017","0","0","0","0","0","0","0","0","0","0","0","0","0","1","0","6","2","1","36","0","1","58","1",1,100,4,3,"0","34.2","8.4","5.8","11.6","SSS other agency","``","4SSO11405",2,"Yes","No","Santa Clarita City CS","4SSO10429",1,1,0,1,NA
"4","4SSO11375","Active","02/14/2023","Municipal (Public)","822","947,000","250,000","3",8,"2","1","0","0","2","0","0","1","0","1","2","0","0",0,0,"0","60","0","40","0","0","0","0","0","0","0","0",100,100,"10","0","3","lower","1.7","307","0","0","0","0","0","0","0","0","0","0","0","0","0","0","0","0","0","0","98","0","4","2","0",0,100,0,4,"0","0","0",".051",".039","SSS other agency","City of Ventura","4SSO11367",1,"No"," "," "," ",0,0,1,0,NA
"4","4SSO11386","Historical","07/16/2021","Municipal (Public)","572,215","1,071,646","600,000","27",103,"10","2","8","0","2","0","0","0","0","0","1","0","0",19,11,"0","100","0","0","63","0","36","0","1","0","0","0",100,100,"0.1","67.8","0","none","0","692","0","0","0","0","0","0","0","0","0","36","0","0","20","0","0","17","0","0","18","0","0","9","1",0,100,1,0,"0.0","42.6","16.0","34.3","82.4","SSS same agency","Joint Outfall System","4SSO11388",1,"Yes","No","Bell","4SSO10367",5,0,0,28,NA
"4","4SSO11387","Historical","07/16/2021","Municipal (Public)","686,020","1,770,065","5,190,000","27",103,"10","2","8","0","2","0","0","0","0","0","1","0","0",19,11,"0","6","3","2","58","92","33","0","6","0","0","0",100,100,"0.3","128.4","0","none","0","779","0","0","0","0","0","0","1","0","0","11","0","0","20","0","0","38","1","0","19","0","0","11","0",1,100,1,1,"0.0","103.2","16.5","41.2","98.8","SSS same agency","Joint Outfall System","4SSO11388",1,"Yes","No","Alhambra","4SSO10362",5,2,1,48,NA
"4","4SSO11388","Active","07/15/2022","Municipal (Public)","4,757,320","50,372,816","97,263,000","27",103,"10","2","8","0","2","0","0","0","0","0","1","0","0",19,11,"0","3","3","8","36","35","37","27","24","27","0","0",100,100,"38.2","1,186.0","0","none","0","6494","0","0","0","0","0","0","0","0","0","8","1","0","32","10","1","30","9","0","19","5","0","11","17",2,100,42,3,"1.6","707.8","284.4","285.4","685.1","WWTP same agency","Long Beach WRP","4B190107014",4,"Yes","Yes","District 1","4SSO11386",5,89,11,706,NA
"4","4SSO11389","Historical","02/09/2023","Municipal (Public)","505,679","1,135,744","1,120,000","27",103,"10","2","8","0","2","0","0","0","0","0","1","0","0",19,11,"0","0","0","0","38","99","53","1","9","0","0","0",100,100,"2.1","29.3","0","none","0","234","0","0","0","0","0","0","0","0","0","0","0","0","18","0","1","42","0","0","28","1","0","12","3",0,100,4,1,"0.0","16.4","1.8","30.3","72.8","SSS same agency","Joint Oufall System","4SSO11388",1,"Yes","No","Bellflower","4SSO10369",5,5,7,13,NA
"4","4SSO11390","Active","07/15/2022","Municipal (Public)","36,154","61,336.05","0","27",103,"10","2","8","0","2","0","0","0","0","0","1","0","0",19,11,"0","0","9","0","61","0","26","0","4","0","0","0",100,0,"0.0","6.2","0","none","0","41","0","0","0","0","0","0","0","0","0","56","0","0","1","0","0","14","0","0","29","0","0","0","0",0,100,0,0,"0.0","3.2","0.6","2.2","5.2","SSS other agency","Los Angeles Bureau of Sanitation","4SSO10502",1,"Yes","No","Beverly Hills DPW","4SSO10370",3,0,0,2,NA
"4","4SSO11391","Historical","07/16/2021","Municipal (Public)","735,988","2,979,081","2,665,000","27",103,"10","2","8","0","2","0","0","0","0","0","1","0","0",19,11,"0","21","9","2","52","54","31","23","8","0","0","0",100,100,"1.5","118.4","0","none","0","941","0","0","0","0","0","0","0","0","0","19","0","0","31","1","0","22","4","0","15","0","0","13","2",0,100,7,0,"0.0","124.5","41.5","44.2","106.0","SSS same agency","Joint Outfall System","4SSO11388",1,"Yes","No","Culver City","4SSO10381",5,0,0,63,NA
"4","4SSO11392","Historical","07/16/2021","Municipal (Public)","140,170","1,040,226","8,870,000","27",103,"10","2","8","0","2","0","0","0","0","0","1","0","0",19,11,"0","0","2","0","59","4","32","96","7","0","0","0",100,100,"0.8","39.1","0","none","0","233","0","0","0","0","0","0","0","0","0","34","1","0","25","1","0","19","1","0","10","0","0","12","0",0,100,3,0,"0.0","28.1","6.0","8.4","20.2","SSS same agency","Joint Outfall System","4SSO11388",1,"Yes","No","Carson","4SSO10374",5,5,0,15,NA
"4","4SSO11394","Historical","07/16/2021","Municipal (Public)","585,632","852,180","3,410,000","27",103,"10","2","8","0","2","0","0","0","0","0","1","0","0",19,11,"0","100","5","0","73","0","22","0","0","0","0","0",100,100,"0.1","62.4","0","none","0","557","0","0","0","0","0","0","0","0","0","0","0","0","33","1","0","47","0","0","13","0","0","7","1",0,100,2,0,"0.0","62.3","15.7","35.1","84.3","SSS same agency","Joint Outfall System","4SSO11388",1,"Yes","No","Arcadia","4SSO10363",5,3,0,21,NA
"4","4SSO11395","Historical","07/16/2021","Municipal (Public)","273,282","342,437","1,090,000","27",103,"10","2","8","0","2","0","0","0","0","0","1","0","0",19,11,"0","0","1","0","50","0","43","0","6","0","0","0",100,0,"0.0","24.1","0","none","0","166","0","0","0","0","0","0","7","0","0","0","0","0","50","0","0","24","0","0","10","0","0","9","0",0,100,0,0,"0.0","25.7","8.7","16.4","39.4","SSS same agency","Joint Outfall System","4SSO11388",1,"Yes","No","Alhambra","4SSO10362",5,0,0,8,NA
"4","4SSO11396","Historical","07/16/2021","Municipal (Public)","55,656","76,386","0","27",103,"10","2","8","0","2","0","0","0","0","0","1","0","0",19,11,"0","0","13","0","61","0","26","0","0","0","0","0",100,0,"0.0","5.2","0","none","0","34","0","0","0","0","0","0","0","0","0","0","0","0","36","0","0","64","0","0","0","0","0","0","0",0,100,0,0,"0.0","5.9","3.4","3.3","8.0","SSS same agency","Joint Outfall System","4SSO11388",1,"Yes","No","Pasadena","4SSO10416",2,0,0,2,NA
"4","4SSO11397","Historical","07/16/2021","Municipal (Public)","337,899","943,378","2,950,000","27",103,"10","2","8","0","2","0","0","0","0","0","1","0","0",19,11,"0","0","7","0","43","0","42","0","8","0","0","0",100,0,"0.0","66.5","0","none","0","502","0","0","0","0","0","0","0","0","0","1","0","0","39","1","0","46","0","0","5","0","0","9","0",0,100,1,0,"0.0","52.2","17.8","20.3","48.7","SSS same agency","Joint Outfall System","4SSO11388",1,"Yes","No","Artesia","4SSO10364",5,11,0,37,NA
"4","4SSO11398","Historical","07/16/2021","Municipal (Public)","92,365","404,962","100,000","27",103,"10","2","8","0","2","0","0","0","0","0","1","0","0",19,11,"0","22","0","0","58","78","42","0","0","0","0","0",100,100,"0.1","15.3","0","none","0","133","0","0","0","0","0","0","0","0","0","0","0","0","36","0","0","63","0","0","1","0","0","0","1",0,100,1,0,"0.0","23.9","1.9","5.5","13.3","SSS same agency","Joint Outfall System","4SSO11388",1,"Yes","No","Artesia","4SSO10364",5,0,0,8,NA
"4","4SSO11400","Historical","07/16/2021","Municipal (Public)","409,486","1,110,535","665,000","27",103,"10","2","8","0","2","0","0","0","0","0","1","0","0",19,11,"0","0","1","100","45","0","50","0","4","0","0","0",100,100,"1.2","50.6","0","none","0","239","0","0","0","0","0","0","0","0","0","0","0","0","45","0","0","37","0","0","15","2","0","3","1",1,100,3,1,"0.0","37.6","10.8","24.6","59.0","SSS same agency","Joint Outfall System","4SSO11388",1,"Yes","No","Claremont","4SSO10376",5,0,0,22,NA
"4","4SSO11401","Historical","07/16/2021","Municipal (Public)","333,923","612,338","2,330,000","27",103,"10","2","8","0","2","0","0","0","0","0","1","0","0",19,11,"0","0","8","0","67","0","25","0","0","0","0","0",100,0,"0.0","65.8","0","none","0","509","0","0","0","0","0","0","0","0","0","0","0","0","41","0","0","37","0","0","20","0","0","2","0",0,100,0,0,"0.4","55.5","31.4","20.0","48.1","SSS same agency","Joint Outfall System","4SSO11388",1,"Yes","No","Arcadia","4SSO10363",5,0,0,17,NA
"4","4SSO11402","Historical","07/16/2021","Municipal (Public)","11,252","21,440","0","27",103,"10","2","8","0","2","0","0","0","0","0","1","0","0",19,11,"0","0","0","0","100","0","0","0","0","0","0","0",100,0,"0.0","2.4","0","none","0","24","0","0","0","0","0","0","0","0","0","0","0","0","0","0","0","0","0","0","100","0","0","0","0",0,100,0,0,"0.0","2.6","0.1","0.7","1.6","SSS same agency","Joint Outfall System","4SSO11388",1,"Yes","No","La Canada Flintridge","4SSO10397",1,0,0,0,NA
"4","4SSO11403","Active","07/15/2022","Municipal (Public)","11,597","265,358.03","990,000","27",103,"10","2","8","0","2","0","0","0","0","0","1","0","0",19,11,"0","98","85","0","15","2","0","0","0","0","0","0",100,100,"0.2","32.8","0","none","0","12","100","0","0","0","0","0","0","0","0","0","0","0","0","0","0","0","0","1","0","0","0","0","1",0,100,1,1,"0.0","45.4","7.4","0.7","1.7","SSS same agency","Joint Outfall System","4SSO11388",1,"Yes","No","Signal Hill","4SSO10433",1,0,0,2,NA
"4","4SSO11404","Historical","07/16/2021","Municipal (Public)","115,240","1,459,404","329,500","27",103,"10","2","8","0","2","0","0","0","0","0","1","0","0",19,11,"0","13","0","31","54","50","46","6","0","0","0","0",100,100,"4.2","14.6","0","none","0","116","0","0","0","0","0","0","0","0","0","30","0","0","20","2","0","29","0","0","6","0","0","15","6",0,100,8,0,"0.0","15.5","0.7","6.9","16.6","SSS same agency","Joint Outfall System","4SSO11388",1,"Yes","No","El Segundo","4SSO10386",5,0,0,4,NA
"4","4SSO11405","Active","07/15/2022","Municipal (Public)","274,729","717,037.57","6,350,000","3",34,"4","2","0","0","0","0","0","0","0","0","0","0","0",0,0,"0","62","0","0","48","18","48","20","4","0","0","0",100,100,"6.1","37.3","0","none","0","162","0","0","0","0","0","0","0","0","0","0","0","0","0","0","0","68","0","0","22","0","0","10","1",0,100,1,0,"0.0","3.2","8.8","16.5","39.6","WWTP same agency","Saugus WRP","4A190107021",2,"Yes","No","Santa Clarita","4SSO10429",2,12,3,18,NA
"4","4SSO11406","Active","05/22/2023","Municipal (Public)","5,400","833,000","1,242,500","0",1,"1","2","1","0","0","0","0","1","0","0","0","0","0",0,0,"10","10","90","70","0","20","0","0","0","0","0","0",100,100,"2.5","10","18","none","0","1776","0","0","0","0","0","0","0","0","0","0","0","0","0","0","0","90","3","0","10","0","4","0","0",0,100,3,4,"0","10","0","2.0","2.5","SSS other agency","City of Oxnard","4SSO10479",1,"Yes","No","City of Oxnard","4SSO10479",1,0,2,0,NA
"4","4SSO11407","Active","01/26/2022","Municipal (Public)","8,872","312,000","141,000","0",1.3,"0.1","0.1","0","0","0","0","0","0","0","0","0","0","0",0,0,"0","100","79","0","21","0","0","0","0","0","0","0",100,100,"0.4","33.3","40.0","none","0","3517","0","0","0","0","0","0","0","0","0","0","0","0","0","0","0","40","0","0","55","0","1","5","0",0,100,0,1,"0","3.6","0","0.9","1.8","SSS other agency","Las Virgenes MWD","4SSO10460",1,"No"," "," "," ",0,0,0,0,NA
"4","4SSO11423","Active","07/05/2023","Municipal (Public)","466,742","15,672,943","5,679,299","9",26,"5.25","1.25","10","0","6","2","0","2","2","0","5","0","0",0,0,"1","27","84","14","13","59","2","0","0","0","0","0",100,100,"7.9","705","460","lower","460","90180","4","3","2","0","0","0","9","0","0","32","3","0","42","3","0","7","10","0","3","4","4","3","1",0,100,24,6,"29.7","431.67","142.4","43.5","130","SSS other agency","Los Angeles County Sanitation District","0",3,"Yes","No","Lakewood Douglas Park","0",5,24,3,101,NA
"4","4SSO11439","Active","01/26/2022","Municipal (Public)","2,025","142,000","64,000","0",0.6,"0","0","0","0","0","0","0","0","0","0","0","0","0",0,0,"0","100","96","0","4","0","0","0","0","0","0","0",100,100,"0.3","15.0","7.7","none","0","674","0","0","0","0","0","0","0","0","0","0","0","0","0","0","0","72","1","0","12","0","1","16","0",0,100,1,1,"0","4.2","0","0.2","0.4","SSS other agency","Las Virgenes MWD","4SSO10460",1,"No"," "," "," ",0,0,0,0,NA
"4","4SSO11447","Active","01/26/2022","Municipal (Public)","23,788","684,000","310,000","0",2.9,"0.2","0.2","0","0","0","0","0","0","0","0","0","0","0",0,0,"0","100","95","0","5","0","0","0","0","0","0","0",100,100,"1.1","73.8","77.0","none","0","6779","0","0","0","0","0","0","0","0","0","0","0","0","0","0","0","47","1","1","51","0","0","2","0",0,100,1,1,"0","6.1","0.0","2.4","4.8","SSS other agency","Las Virgenes MWD","4SSO10460",1,"No"," "," "," ",0,0,0,0,NA
"4","4SSO11459","Historical","08/06/2020","School","9,000","25,000","200,000","1",2,"1","0","1","0","2","0","0","1","0","0","0","0","0",0,0,"30","100","35","0","35","0","0","0","0","0","0","0",100,100,"0.4","14","3.1","upperLower","3.1","300","0","0","0","0","0","0","0","0","0","0","0","0","0","0","0","0","0","0","7","0","0","93","0",5,100,0,5,"0.2","3.2","0.5","0.2","0.22","WWTP other agency","Camrosa Water District","95-059",1,"No"," "," "," ",0,1,0,0,NA
"4","4SSO11479","Active","02/02/2023","Prison","400","25,000","145,000","0",5,"2","1","0","0","0","0","0","0","0","0","0","0","0",0,0,"90","0","10","0","0","0","0","0","0","0","0","0",100,0,"0.5","1","0.5","upperLower","0.5","30","0","0","0","0","0","0","0","0","0","0","0","0","0","0","0","90","0","0","10","0","0","0","0",0,100,0,0,"0","0","0","50,000","100,000","WWTP same agency","City of Oxnard","0",1,"No"," "," "," ",0,1,1,0,NA
"4","4SSO11495","Historical","","","","","","",NA,"","","","","","","","","","","","","",NA,NA,"","","","","","","","","","","","",NA,NA,"","","","","","","","","","","","","","","","","","","","","","","","","","","","","",NA,NA,NA,NA,"","","","","","","","",0,"","","","",0,NA,NA,NA,NA
"4","4SSO11540","Active","06/08/2022","Municipal (Public)","16,681","219,080","35,000","1",2,"0","2","1","0","0","0","0","0","0","0","0","0","0",1,0,"16","0","64","0","19","0","1","0","0","0","0","0",100,0,"0","42","58","none","0","4318","1","0","0","0","0","0","0","0","0","0","0","0","37","0","0","20","0","0","13","0","0","29","0",0,100,0,0,"0.2","1","0","0.90","2.6","WWTP same agency","Fillmore WRP","4SSO11540",1,"No"," "," "," ",0,0,0,0,NA
"4","4SSO18098","Active","12/06/2022","Municipal (Public)","270","208,800","3,300,000","3",1,"0","1","0","0","0","0","0","0","0","0","0","0","0",0,0,"0","100","100","0","0","0","0","0","0","0","0","0",100,100,"3","3","3.7","lower","1","104","0","0","0","0","0","0","0","0","0","0","0","0","0","0","0","0","0","0","0","0","0","100","0",48,100,0,48,"0","0","0","31,200","31,200","SSS other agency","LA Sanitation Districts","N/A",1,"No"," "," "," ",0,0,0,0,NA
"4","4SSO18115","Active","07/15/2022","Municipal (Public)","4","161,851.26","15,000","3",34,"4","2","0","0","0","0","0","0","0","0","0","0","0",0,0,"0","0","0","0","71","100","29","0","0","0","0","0",100,100,"1.4","1.0","0","none","0","0","0","0","0","0","0","0","0","0","0","0","0","0","0","0","0","0","0","0","0","0","0","100","0",1,100,0,1,"0","0","0","0.00024","0.000576","WWTP same agency","Valencia WRP","4A190107023",1,"Yes","No","Unincorporated North West Co. Area CS","4SSO11374",1,0,0,0,NA
"5S","5SSO10000","Active","04/06/2023","Municipal (Public)","32,001","2,000,654","11","43",6,"7","8","10.8","8","8","9","7","8","8","8","8","8","8",13,13,"14","0","14","0","14","0","14","0","14","0","30","100",100,100,"0","9","8","lower","11.1","9","0","21","22","46","21","22","9","21","22","9","21","22","9","21","22","9","21","22","9","21","22","9","21",22,100,168,176,"7","7.1","1.6","0.0004","25","WWTP same agency","26","6B360101001nbnb",1,"Yes","No","27","2sso0027",1,28,29,30,NA
"5S","5SSO10100","Historical","10/13/2023","Park (w/Campground)","2,400","30,000","10,000","1",11,"2","1","0","0","0","0","0","0","0","0","0","0","0",1,0,"100","100","0","0","0","0","0","0","0","0","0","0",100,100,"0.5","2.1","0.7","upperLower","0.7","0.7","0","0","0","0","0","0","0","0","0","0","0","0","0","0","0","70","0","2","30","0","0","0","0",0,100,0,2,"0","1","0",".008",".015","WWTP same agency","Modesto Reservoir CS","5SSO10100",1,"No"," "," "," ",0,0,0,0,NA
"5F","5SSO10713","Active","05/19/2023","Municipal (Public)","67,000","5,180,390","500,000","0",4,"2","1","0","0","1","0","0","1","0","0","0","0","0",0,0,"9","20","57","30","24","50","8","0","2","0","0","0",100,100,"1.5","245","66","none","0","20000","0","0","0","0","0","0","0","0","0","0","0","0","0","0","0","27","2","2","60","3","6","13","2",0,100,7,8,"2","87","34","12.15","19","WWTP same agency","City of Tulare WWTP","5-213-0019",1,"No"," "," "," ",0,15,0,15,NA
"5F","5SSO10716","Active","09/14/2022","Municipal (Public)","31,250","12,845,104","3,388,285","2",4,"1","1","4","0","1","0","0","0","0","0","0","0","0",0,0,"50","0","30","20","10","80","10","0","0","0","0","0",100,100,"4.3","83.2","128.8","none","0","8500","0","0","0","0","0","0","10","0","0","10","0","0","30","0","0","20","8","8","10","10","10","20","10",10,100,28,28,"5","14","4","3","3.5","WWTP other agency","Veolia","5B24NP00017",1,"No","No"," "," ",1,0,0,0,NA
"5F","5SSO10717","Historical","08/18/2022","Municipal (Public)","380,874","3,800,000","2,200,400","4",14,"2","1","0","0","0","0","1","0","0","1","0","0","0",0,0,"20","50","35","50","20","0","16","0","9","0","0","0",100,100,"3","1,075.8","0","none","0","0","0","0","0","0","0","0","10","0","1","10","2","1","10","3","1","30","11","4","20","15","6","20","8",0,100,39,16,"5","980","55","31","31.5","WWTP same agency","WWTP #2","R5-2009-0122",2,"No"," "," "," ",0,20,2,0,NA
"5F","5SSO10718","Active","11/30/2022","Municipal (Public)","1,100","309,224","344,585","1",1,"1","0","0","0","1","0","0","0","0","0","0","0","0",1,0,"16","100","60","0","24","0","0","0","0","0","0","0",100,100,"0.3","7","18","none","0","477","0","0","0","0","0","0","0","0","0","0","0","0","0","0","0","100","0","1","0","0","0","0","0",0,100,0,1,"0","3.6","0","0.1","00.25","WWTP same agency","BVCSD","5SSO10718",1,"No"," "," "," ",0,0,0,1,NA
"5F","5SSO10719","Active","11/17/2022","School","1,600","5,000","0","0",1,"0.1","0","0","0","0","0","0","0","0","0","0","0","0",0,0,"70","0","0","0","30","0","0","0","0","0","0","0",100,0,"0","4","4","upperLower","4","67","0","0","0","0","0","0","0","0","0","0","0","0","0","0","0","70","0","0","5","0","0","25","0",0,100,0,0,"0","0","0","0","0","SSS same agency","N/A","N/A",4,"No"," "," "," ",0,0,0,0,NA
"5F","5SSO10720","Active","01/06/2010","School","24,000","226,000","10,000","1",2,"1","1","0","0","0","0","0","0","0","0","0","0","0",NA,NA," "," "," "," "," "," "," "," "," "," "," "," ",NA,NA,"0","7","4.1","upperLower","4.1","87"," "," "," ","0"," "," ","0"," "," ","0"," "," ","66"," "," ","16"," "," ","9"," "," ","9"," ",NA,NA,NA,NA,"0","2","3"," "," "," "," "," ",0," "," "," "," ",0,NA,NA,NA,NA
"5S","5SSO10721","Active","02/15/2023","Municipal (Public)","49,282","5,908,899","1,700,000","3",2,"2","1","0","0","1","0","0","0","0","0","0","0","0",1,0,"30","0","47","20","19","80","3","0","1","0","0","0",100,100,"10.5","134","66","none","0","12500","0","0","0","0","0","0","0","0","0","5","0","0","6","0","0","32","0","2","36","0","6","21","3",3,100,3,11,"3","48.45","6.07","2.37","3.5","WWTP same agency","City of Ceres","5SSO10721",1,"No"," "," "," ",0,0,0,0,NA
"5S","5SSO10722","Active","06/21/2023","Municipal (Public)","13,365","4,266,410","9,141,000","1",6,"1","1","1","0","0","0","0","0","0","0","0","0","0",2,2,"33","100","39","0","25","0","3","0","0","0","0","0",100,100,"3","80","0","none","0","4600","0","0","0","5","0","0","10","0","0","20","0","0","20","0","0","30","0","1","10","0","3","5","0",6,100,0,10,"4.5","17","17","1","12","WWTP same agency","Auburn WWTP","CA0077712",1,"No"," "," "," ",0,4,0,0,NA
"5F","5SSO10724","Active","01/24/2023","Municipal (Public)","88,547","4,431,276","5,323,687","8",8,"1","1","5","0","2","0","0","2","0","0","0","0","0",3,0,"22","10","52","1","17","27","6","2","2","0","1","60",100,100,"13.1","286.2","582.5","none","0","31755","48","0","0","0","0","0","0","0","0","1","0","0","1","0","0","4","2","9","14","0","0","32","3",6,100,5,15,"35","183","11.6","8.0","11.06","WWTP same agency","City Of Merced Wastewater Treatment Plant","5SSO10724",1,"No"," "," "," ",0,3,9,0,NA
"5S","5SSO10725","Active","08/22/2022","Municipal (Public)","12,244","2,638,279","3,577,100","1",3,"2","1","1","0","0","0","0","0","0","0","0","0","0",1,0,"30","50","60","50","5","0","5","0","0","0","0","0",100,100,"0.5","31","34","none","0","3354","0","0","0","0","0","0","0","0","0","0","0","0","15","0","0","15","0","0","30","57","0","40","43",0,100,100,0,"0","1","0.3","1.1","1.7","WWTP same agency","City of Newman","5SSO10725",1,"No"," "," "," ",0,0,0,0,NA
"5F","5SSO10726","Active","05/08/2023","Municipal (Public)","20,886","1,383,894","500,000","25",7,"1","1","0","0","0","0","0","0","0","0","0","0","0",0,0,"15","100","31","0","42","0","12","0","0","0","0","0",100,100,"2","95","60","none","0","4235","0","0","0","0","0","0","0","0","0","0","0","0","23","0","0","21","3","0","26","0","3","30","0",6,100,3,9,"0","0","0","1.4","1.7","WWTP other agency","North of River Sanitary District","5SSO10750",1,"No","No"," "," ",3,0,0,0,NA
"5F","5SSO10728","Active","07/05/2023","Municipal (Public)","144,000","3,000,000","2,500,000","0",10,"1","1","4","4","3","0","2","1","0","1","0","0","0",0,0,"8","100","66","0","16","0","9","0","1","0","0","0",100,100,"1","530","0","none","0","40000","0","0","0","0","0","0","0","0","0","0","0","0","0","0","0","67","8","0","17","3","0","16","2",0,100,13,0,"20","66.8","5","12.1","11.6","WWTP same agency","Visalia Water Conservation Plan","na",1,"Yes","No","Goshen Community Services District","na",1,0,0,0,NA
"5F","5SSO10729","Active","01/20/2023","Municipal (Public)","8,174","1,368,778","300,306","1",2,"1","1","1","0","0","0","0","0","0","0","0","0","0",2,0,"0","0","0","0","0","0","0","0","0","0","100","100",100,100,"0.5","20.3","14.8","lower","7.8","1998","0","0","0","5","0","0","5","0","0","15","0","0","10","0","0","45","0","0","15","0","0","5","0",0,100,0,0,"0.5","12","16","0.585","0.800","WWTP same agency","City of  Woodlake WWTP","5SSO10729",1,"No"," "," "," ",0,1,0,0,NA
"5F","5SSO10730","Active","01/17/2023","Municipal (Public)","7,500","115,625","1,190,180","0",3,"1","1","2","0","0","0","0","0","0","0","0","0","0",2,0,"70","0","20","0","10","0","0","0","0","0","0","0",100,0,"0.1","19","15","none","0","1987","0","0","0","0","0","0","0","0","0","0","0","0","85","0","0","0","0","0","10","0","0","5","0",1,100,0,1,"0","12.65","7.7","0.47","0.47","WWTP other agency","City of Taft","5SSO10940",1,"Yes","No","City of Taft","5SSO10940",1,0,0,0,NA
"5F","5SSO10731","Active","06/24/2022","Municipal (Public)","6,200","377,950","863,617","3",3,"3","2","0","0","0","0","0","0","0","0","0","0","0",0,0,"0","100","40","0","30","0","30","0","0","0","0","0",100,100,"1","9.5","6.2","none","0","1100","0","0","0","0","0","0","0","0","0","0","0","0","0","0","0","52","0","0","40","1","0","8","0",0,100,1,0,"0","9.5","0",".480",".480","WWTP other agency","Cutler Orosi JPWA","0",4,"No"," "," "," ",0,0,0,0,NA
"5F","5SSO10733","Active","06/02/2023","Municipal (Public)","32,520","1,921,000","492,000","0",10,"2","1","0","0","0","0","0","0","0","0","0","0","0",0,0,"0","0","89","0","7","0","3","0","1","0","0","0",100,0,"0.6","93","135","none","0","8023","0","0","0","0","0","0","0","0","0","0","0","0","0","0","0","86","0","0","5","0","2","9","0",1,100,0,3,"0","21.3","2.5","2.93","2.97","WWTP other agency","City of Bakersfield WWTP 2",NA,2,"No"," "," "," ",0,0,0,0,NA
"5F","5SSO10735","Active","07/19/2022","Other","750","401,000","0","3",4,"1","1","1","0","0","0","0","0","0","0","0","0","0",3,3,"40","100","10","0","50","0","0","0","0","0","0","0",100,100,"0.5","6.4","0","none","0","1","0","0","0","0","0","0","0","0","0","0","0","0","18","0","0","63","0","0","17","0","0","2","0",0,100,0,0,"0","0","0","0.431","0.309","WWTP same agency","El Portal Wastewater Treatment Plant","r5-2019-0068",1,"No"," "," "," ",0,0,1,0,NA
"5F","5SSO10736","Historical","04/30/2020","Municipal (Public)","14,359","403,352","92,500","2",2,"1","1","1","0","0","0","0","0","0","0","0","0","0",1,0,"50","0","25","0","25","0","0","0","0","0","0","0",100,0,"0","28","28","upperLower","28","3361","0","0","0","0","0","0","0","0","0","0","0","0","35","0","0","20","0","0","25","0","1","20","0",1,100,0,2,"0","20","5",".98","1.1","WWTP same agency","City of Kerman WWTP","5D100108001",1,"No"," "," "," ",0,0,0,2,NA
"5F","5SSO10737","Active","02/07/2023","Municipal (Public)","47,361","900,000","1,400,900","1",3,"1","1","1","0","0","0","0","0","0","0","0","0","0",1,0,"33","0","38","0","27","0","2","0","0","0","0","0",100,0,"5","124","100","none","0","11179","0","0","0","0","0","0","1","0","0","0","0","0","85","0","0","10","0","0","3","0","0","1","0",0,100,0,0,"0","53.09","21.6","3.00","3.00","WWTP same agency","Kern Sanitation Authority","5SSO10737",2,"Yes","No","City of Bakersfield","5SSO010717",3,2,0,0,NA
"5F","5SSO10738","Active","07/03/2023","Municipal (Public)","19,500","1,100,000","650,000","5",2,"2","1","1","0","0","0","0","0","0","0","0","0","0",0,0,"3","0","62","0","23","0","12","0","0","0","0","0",100,0,"0","33.6","12","none","0","3400","0","0","0","0","0","0","0","0","0","0","0","0","50","0","0","25","0","0","15","0","0","10","0",0,100,0,0,"0","11","2","1.3","2.0","WWTP same agency","Lamont Public Utility District WWTP","5SSO10738",1,"No"," "," "," ",0,0,0,0,NA
"5F","5SSO10741","Active","05/22/2023","Municipal (Public)","2,772","18,000","0","00",0,"1","1","0","0","1","0","0","0","0","0","0","0","0",1,1,"75","0","20","0","5","0","0","0","0","0","0","0",100,0,"0","5","4.5","lower","2","476","0","0","0","0","0","0","0","0","0","0","0","0","0","0","0","0","0","0","95","1","1","5","0",0,100,1,1,"0","1.5","0","0.135","0.145","WWTP same agency","Lost Hills Utility District","sssso 10741",1,"No"," "," "," ",0,0,0,0,NA
"5F","5SSO10742","Active","03/09/2023","Municipal (Public)","272","352,100","0","2",2,"1","1","0","0","0","0","0","0","0","0","0","0","0",0,0,"30","0","20","0","30","0","20","0","0","0","0","0",100,0,"0.7","13.2","5.0","lower","2.5","450","0","0","0","0","0","0","0","0","0","0","0","0","0","0","0","74","0","0","17","0","3","9","0",0,100,0,3,"0","0","0",".6","1.2","WWTP same agency","Malaga WWTF","5SSO10742",1,"No"," "," "," ",0,0,0,0,NA
"5F","5SSO10743","Historical","05/22/2023","Municipal (Public)","263","111,143","0","0",2,"0","0","0","0","0","0","0","0","0","0","0","0","0",0,0,"0","0","25","0","0","0","0","0","0","0","75","0",100,0,"0","4","3","none","0","263","95","0","0","0","0","0","0","0","0","0","0","0","0","0","0","0","0","0","0","0","0","5","0",1,100,0,1,"2","0","0",".05",".05","WWTP same agency","City of Maricopa","5SSO10743",1,"No"," "," "," ",0,0,0,0,NA
"5F","5SSO10744","Active","05/26/2023","Municipal (Public)","2,000","56,000","25,000","3",2,"1","1","1","0","0","0","0","0","0","0","0","0","0",0,0,"65",NA,"20",NA,"10",NA,"5",NA,"0",NA,"0",NA,100,0,"0","14","4","lower","1.5","800",NA,NA,NA,"0",NA,NA,"0",NA,NA,"0",NA,NA,"45",NA,NA,"5",NA,NA,"40",NA,NA,"10",NA,NA,100,0,0,"1.5","15","5",".180","1","WWTP same agency","Mariposa PUD","5C221012001",1,"No"," "," "," ",0,4,0,0,NA
"5F","5SSO10745","Historical","10/21/2022","Municipal (Public)","14,459","20,588,190","218,000","2",0,"1","0","0","0","0","0","0","0","0","0","0","0","0",0,0,"20","100","20","0","20","0","20","0","0","0","20","0",100,100,"0.3","25","12","lower","6","2967","0","0","0","0","0","0","0","0","0","15","0","0","25","0","0","20","0","0","25","0","0","15","0",3,100,0,3,"0","1","0","0.91405","0.940","WWTP same agency","City of McFarland W.W.T.P.","0",4,"No"," "," "," ",0,0,0,0,NA
"5F","5SSO10746","Active","04/04/2023","Municipal (Public)","200","76,900","0","1",3,"1","1","1","0","1","0","0","2","0","0","1","0","0",2,3,"100","100","0","0","0","0","0","0","0","0","0","0",100,100,"1.4","3","0.7","lower","0.3","80","0","0","0","0","0","0","0","0","0","0","0","0","0","0","0","0","0","0","70","0","1","30","0",0,100,0,1,"0.1","2.7","0.2","0.015","0.069","SSS same agency","Tuolumne Utilities District","5sso10746",1,"No"," "," "," ",0,0,0,0,NA
"5F","5SSO10747","Historical","04/19/2021","Municipal (Public)","400","50,700","0","0",2,"2","1","0","0","2","0","0","2","0","0","1","0","0",0,0,"90","100","10","0","0","0","0","0","0","0","0","0",100,100,"0","1","1","upperLower","1","60","0","0","0","0","0","0","0","0","0","0","0","0","0","0","0","2","0","0","0","0","0","98","0",1,100,0,1,"0.1","1","1","11,025","31,000","WWTP same agency","Moccasin Wastewater Treatment Plant","5C55100100",1,"No"," "," "," ",0,0,0,0,NA
"5F","5SSO10750","Active","04/14/2023","Municipal (Public)","52,000","5,750,000","1,750,000","2",11,"4","1","2","0","1","0","0","0","0","0","0","0","0",0,5,"2","0","66","0","17","100","8","0","7","0","0","0",100,100,"2.5","171.4","55","none","0","12800","4","0","0","0","0","0","0","0","0","0","0","0","28","1","0","14","1","0","18","1","0","36","2",0,100,5,0,"0","73.2","9.2","5.46","5.46","WWTP same agency","North Of River Sanitary District # 1","5SSO10750",1,"No"," "," "," ",0,0,0,0,NA
"5F","5SSO10752","Active","07/03/2023","Municipal (Public)","8,329","983,773","2,805,000","0",3,"2","3","0","0","0","0","0","0","0","0","0","0","0",0,0,"44","0","55","0","1","0","0","0","0","0","0","0",100,0,"1","18","5","none","0","1616","0","0","0","0","0","0","0","0","0","0","0","0","0","0","0","98","0","0","2","0","0","0","0",4,100,0,4,"0","18","0","824,000","798,000","WWTP other agency","Cutler-Orosi JPWA","R5-2018-0011",1,"No"," "," "," ",0,0,0,0,NA
"5F","5SSO10753","Active","03/08/2023","Municipal (Public)","4,500","481,473","61,000","0",2,"2","2","0","0","0","0","0","0","0","0","0","0","0",0,0,"80","0","0","0","20","0","0","0","0","0","0","0",100,0,"0.6","10.2","4.9","none","0","1300","0","0","0","0","0","0","0","0","0","0","0","0","50","0","0","10","0","0","20","1","0","20","0",1,100,1,1,"0.4","10.0","1",".350",".450","WWTP same agency","Planada Community Services Dist","N/A",4,"No"," "," "," ",0,1,0,0,NA
"5F","5SSO10756","Active","02/13/2023","Municipal (Public)","650","7,000","0","1",2,"1","1","1","0","0","0","0","0","0","0","0","0","0",1,0,"15","100","85","0","0","0","0","0","0","0","0","0",100,100,"0.1","2.0","1","none","0","250","0","0","0","0","0","0","0","0","0","0","0","0","0","0","0","0","0","0","100","0","1","0","0",0,100,0,1,"0","1","0.5","0.03","0.03","WWTP same agency","Reeder Tract","5SSO10756",1,"No"," "," "," ",0,0,0,0,NA
"5F","5SSO10757","Active","03/31/2023","Municipal (Public)","25,917","2,714,709","4,124,566","1",7,"1","0","0","0","0","0","0","0","0","0","0","0","0",2,0,"29","43","42","57","26","0","3","0","0","0","0","0",100,100,"1.5","75.2","44.5","none","0","6110","0","0","0","4","0","0","9","0","0","24","0","0","38","0","0","10","1","0","5","0","1","10","1",2,100,2,3,"2","91.0","7.9","1.8317","2.4500","WWTP same agency","Reedley WWTP","5C10NC00167",1,"No"," "," "," ",0,1,2,1,NA
"5F","5SSO10759","Active","03/20/2023","Municipal (Public)","973","230,000","91,000","0",0,"1","0",NA,NA,NA,NA,NA,NA,NA,NA,NA,NA,NA,0,0,"25","0","70","0","5","0","0","0","0","0","0","0",100,0,"0.2","5.7","4.6","lower","2.0","415","0","0","0","0","0","0","0","0","0","0","0","0","0","0","0","74","0","0","26","0","0","0","1",0,100,1,0,"0","0","0",".048",".066","WWTP same agency","Stallion Springs",NA,4,"No"," ",NA,NA,0,1,0,0,NA
"5S","5SSO10760","Active","03/01/2023","School","13,600","30,500","630,000","0",6,"1","3","0","0","0","0","0","0","0","0","0","0","0",0,0,"80","0","0","100","20","0","0","0","0","0","0","0",100,100,"0","1.5","1.5","upperLower","1.5","15","0","0","0","0","0","0","0","0","0","0","0","0","0","0","0","60","0","1","20","0","0","20","0",0,100,0,1,"0","0.5","0.5","0.065","0.065","SSS same agency","Turlock City, California","N/A",1,"No"," "," "," ",0,0,1,1,NA
"5F","5SSO10763","Active","05/15/2023","Prison","4,086","200,000","500,000","0",0,"3","1","0","0","0","0","0","0","0","0","0","0","0",0,0,"20","0","20","0","30","0","30","0","0","0","0","0",100,0,"0","3.0","1.5","upperLower","1.5","81","0","0","0","0","0","0","0","0","0","15","0","0","5","0","0","20","0","0","50","0","3","10","0",0,100,0,3,"0","0","0",".7","1.1","WWTP same agency","CCI WWTP","5SSO10763",4,"No"," "," "," ",0,0,0,0,NA
"5F","5SSO10764","Active","10/17/2022","Municipal (Public)","8,923","1,066,370","170,000","0",4,"1","1","1","0","0","0","0","0","0","0","0","0","0",1,0,"20","0","60","5","15","75","5","20","0","0","0","0",100,100,"3.75","43.6","13","none","0","2800","0","0","0","0","0","0","10","0","0","20","0","0","20","0","0","15","0","0","25","0","0","10","1",0,100,1,0,"0","15","1",".83","1.0","WWTP same agency","City of Tehachapi","5sso10764",1,"No"," "," "," ",0,0,0,0,NA
"5F","5SSO10765","Active","06/27/2023","Municipal (Public)","1,200","150,000","170,000","3",3,"1","2","0","1","0","0","0","0","0","0","1","0","0",1,1,"5","34","50","66","44","0","0","0","0","0","1","0",100,100,"0.55","7.56","5.3","lower","0.76","54","0","0","0","0","0","0","0","0","0","0","0","0","0","0","0","0","0","0","20","0","0","80","0",1,100,0,0,"0","0","0","0.15","0.2","WWTP same agency","Eastside WWTP","1111",2,"No"," "," "," ",0,0,0,0,NA
"5F","5SSO10766","Historical","","","","","","",NA,"","","","","","","","","","","","","",NA,NA,"","","","","","","","","","","","",NA,NA,"","","","","","","","","","","","","","","","","","","","","","","","","","","","","",NA,NA,NA,NA,"","","","","","","","",0,"","","","",0,NA,NA,NA,NA
"5F","5SSO10771","Active","04/06/2023","Municipal (Public)","16,490","1,279,029","676,750","1",3,"1","1","1","0","1","0","0","2","0","0","1","0","0",2,3,"45","70","25","30","30","0","0","0","0","0","0","0",100,100,"11.52","128","83","lower","50","6140","0","0","0","0","0","0","0","0","0","5","0","0","20","0","0","35","0","4","30","1","21","10","0",4,100,1,29,"12","46.0","1.15","1.6","7.54","WWTP same agency","Sonora Regional Wastewater Treatment Plant","5C550106004",1,"Yes","No","Twain Harte Community Services District","5sso10772",1,53,4,12,NA
"5F","5SSO10772","Active","02/07/2023","Municipal (Public)","2,226","1,357,436","224,300","2",2,"1","1","4","0","1","0","0","0","0","0","0","0","0",2,0,"82","100","8","0","10","0","0","0","0","0","0","0",100,100,"0.5","27","10","lower","5","1447","0","0","0","0","0","0","0","0","0","0","0","0","0","0","0","94","0","0","5","0","0","1","0",3,100,0,3,"5","17.04","0.4","0.22","0.4","WWTP other agency","Tuolumne Utilities District","5SSO10771",1,"No"," "," "," ",0,3,0,0,NA
"5F","5SSO10773","Active","07/11/2023","School","11,003","85,000","25,500","4",7,"4","4","0","0","0","0","0","0","0","0","0","0","0",0,0,"17","0","12","100","18","0","53","0","0","0","0","0",100,100,"0.19","3.36","1.6","upperLower","1.6","54","0","0","0","0","0","0","0","0","0","0","0","0","0","0","0","0","0","0","0","0","0","100","0",2,100,0,2,"0.3","2.5","0","0.22","0.45","SSS other agency","Merced County","N/A",1,"No"," "," "," ",0,1,0,0,NA
"5F","5SSO10774","Active","07/19/2022","Other","5,200","404,000","0","3",5,"1","1","0","0","0","0","0","0","0","0","0","0","0",4,4,"29","8","38","6","33","86","0","0","0","0","0","0",100,100,"6","27","0","none","0","1","0","0","0","0","0","0","0","0","0","0","0","0","10","0","0","30","0","0","15","0","0","45","0",0,100,0,0,"0.5","2","0","0.477","1.039","WWTP same agency","El Portal Wastewater Treatment Plant","N/A",1,"No"," "," "," ",0,1,3,0,NA
"5F","5SSO10775","Active","04/22/2022","Prison","3,951","80,000","20,000","0",2,"4","2","0","0","1","0","0","1","0","0","0","0","0",1,0,"10","0","10","0","70","0","10","0","0","0","0","0",100,0,"3","3","1","upperLower","1","108","0","0","0","0","0","0","0","0","0","0","0","0","0","0","0","0","0","0","100","0","0","0","0",0,100,0,0,"0","0","0","599,000","640,000","WWTP same agency","Wasco State Prison-Reception Center","90217",1,"No"," "," "," ",0,0,0,0,NA
"5F","5SSO10776","Active","03/21/2023","Municipal (Public)","28,710","2,577,046","845,654","2",1,"1","1","1","0","0","0","0","0","0","0","0","0","0",3,0,"5","0","50","100","35","0","10","0","0","0","0","0",100,100,"2","53","62","none","0","6525","0","0","0","0","0","0","0","0","0","0","0","0","37","0","0","62","0","0","0","0","0","1","0",0,100,0,0,"2","20","4","1.3","2.0","WWTP same agency","City of Wasco WWTP","5SSO10776",1,"No"," "," "," ",0,0,0,0,NA
"5F","5SSO10778","Active","07/19/2022","Other","300","258,000","0","0",8,"2","2","0","0","0","0","0","0","0","0","0","0","0",4,4,"86","100","14","0","0","0","0","0","0","0","0","0",100,100,"2.5","13.5","2.4","none","0","249","0","0","0","0","0","0","0","0","0","0","0","0","0","0","0","0","0","0","95","0","0","5","0",0,100,0,0,"0","0","0","0.064","0.120","WWTP same agency","Wawona Wastewater Treatment Plant","CA0081795",1,"No"," "," "," ",0,0,1,0,NA
"5F","5SSO10779","Active","07/19/2022","Other","235","31,000","0","3",3,"1","1","0","0","0","0","0","0","0","0","0","0","0",3,3,"50","99","0","0","50","1","0","0","0","0","0","0",100,100,"1","5.3","0","none","0","1","0","0","0","0","0","0","0","0","0","0","0","0","8","0","0","8","0","0","83","0","0","1","0",0,100,0,0,"0","0","0","0.03",".0001","WWTP same agency","Tuolumne Meadow Wastewater Treatment Plant","92-015",1,"No"," "," "," ",0,1,0,0,NA
"5R","5SSO10781","Active","01/11/2023","Municipal (Public)","275","40,000","5,000","2",1,"0","0","1","0","0","0","0","0","0","0","0","0","0",0,0,"25","100","75","0","0","0","0","0","0","0","0","0",100,100,"1.5","3.5","1","lower","1","100","0","0","0","0","0","0","0","0","0","0","0","0","0","0","0","90","0","2","5","0","0","5","0",0,100,0,2,"0","0","0","0","0","SSS same agency","Adin Community Services Dist","N/A",1,"No"," "," "," ",0,3,1,0,NA
"5R","5SSO10782","Active","01/11/2023","Municipal (Public)","130","15,000","5,000","2",2,"1","1","1","0","2","0","0","2","0","0","0","0","0",0,0,"100","100","0","0","0","0","0","0","0","0","0","0",100,100,"1.5","1.5","0.2","lower","0.1","52","0","0","0","0","0","0","0","0","0","0","0","0","0","0","0","0","0","0","100","0","0","0","0",0,100,0,0,"0","0.2","0","000,350","005","SSS same agency","Alpine Meadows/Whispering Wood CS","5SSO10782",1,"No"," ","0","0",0,0,0,0,NA
"5R","5SSO10783","Historical","07/28/2016","Municipal (Public)","2,710","660,000","20,000","2",3,"1","1","0","0","0","0","0","0","0","0","0","0","0",0,0,"34","0","55","100","11","0","0","0","0","0","0","0",100,100,"0.1","22.9","13.9","none","0","1347","0","0","0","1","0","0","4","0","0","35","0","0","35","0","0","20","0","0","4","0","0","1","0",3,100,0,3,"1.5","8","3",".280",".8","WWTP same agency","Alturas Waste Water Treatment Plant","5A250100001",1,"Yes","No","Daphnedale","n/a",1,1,0,1,NA
"5R","5SSO10784","Active","01/11/2023","Municipal (Public)","11,147","318,951","0","1",2,"1","1","2","0","0","0","0","0","0","0","0","0","0",0,0,"33","0","38","0","23","0","6","0","0","0","0","0",100,0,"0.3","46.3","55","none","0","4805","0","0","0","0","0","0","0","0","0","0","0","0","60","0","0","10","0","0","10","0","0","20","0",5,100,0,5,"1.0","16.7","5.1","0.76","2.2","WWTP same agency","Anderson Water Pollution Control Plant","R5-2019-0068",1,"No"," ",NA," ",0,8,0,0,NA
"5R","5SSO10785","Active","06/20/2023","Other","750","18,000","109,650","0",4,"1","1","0","0","1","0","0","0","0","0","0","0","0",1,1,"100","100","0","0","0","0","0","0","0","0","0","0",100,100,"17","0","9.2","upperLower","9.2","175","0","0","0","0","0","0","0","0","0","0","0","0","0","0","0","0","0","0","25","0","0","75","0",0,100,0,0,"0","0","0",".0138",".0093","WWTP same agency","Leach field","5A320119001",1,"No"," "," "," ",0,0,0,0,NA
"5R","5SSO10786","Active","06/20/2023","Municipal (Public)","100","11,732","77,821","0",1,"0","1","0","0","1","0","0","0","0","0","0","0","0",0,0,"99","100","1","0","0","0","0","0","0","0","0","0",100,100,"2.7","2.5","5","upperLower","5","70","0","0","0","0","0","0","0","0","0","0","0","0","0","0","0","51","0","1","27","0","0","22","0",0,100,0,1,"0","0","0",".005",".02","WWTP same agency","Beckwourth CSA","5SSO10786",1,"No"," "," "," ",0,0,0,0,NA
"5R","5SSO10787","Historical","","","","","","",NA,"","","","","","","","","","","","","",NA,NA,"","","","","","","","","","","","",NA,NA,"","","","","","","","","","","","","","","","","","","","","","","","","","","","","",NA,NA,NA,NA,"","","","","","","","",0,"","","","",0,NA,NA,NA,NA
"5R","5SSO10788","Historical","06/10/2016","Municipal (Public)","312","51,000","0","0",1,"1","1","1","0","0","0","0","0","0","0","0","0","0",0,0,"48","100","42","0","10","0","0","0","0","0","0","0",100,100,"0.1","3.5","1.5","none","0","170","0","0","0","0","0","0","0","0","0","0","0","0","0","0","0","100","0","4","0","0","1","0","0",0,100,0,5,"0","0","0",".012",".21","WWTP same agency","Lassen County Waterworks #1","5A180100001",1,"No"," "," "," ",0,0,0,0,NA
"5R","5SSO10789","Active","05/07/2020","Municipal (Public)","1,800","207,000","0","0",0,"0","0","0","0","0","0","0","0","0","0","0","0","0",0,0,"50","100","50","0","0","0","0","0","0","0","0","0",100,100,"1","6","2","lower","2","500","0","1","2","0","0","0","0","0","0","10","0","0","40","0","0","40","0","0","10","0","0","0","0",0,100,1,2,"0","1","0",".38","0","WWTP same agency","City of Biggs","0",4,"No"," "," "," ",0,0,0,0,NA
"5R","5SSO10790","Active","11/14/2022","Park (Day Use)","500,000","150,000","200,000","2",2,"1","1","3","0","3","0","0","0","0","0","0","0","0",2,1,"100","100","0","0","0","0","0","0","0","0","0","0",100,100,"3","2","6","upperLower","6","10","0","0","0","0","0","0","0","0","0","0","0","0","0","0","0","15","0","1","0","0","0","85","0",2,100,0,3,"0","0","6",".002",".015","WWTP same agency","Brandy Creek","5SSO10790",1,"No"," "," "," ",0,2,2,0,NA
"5R","5SSO10791","Active","03/21/2023","Municipal (Public)","3,763","208,800","0","0",3,"1","1","0","0","0","1","0","0","0","0","1","0","1",1,0,"61","6","23","94","16","0","0","0","0","0","0","0",100,100,"0.5","21","7.9","lower","2.7","1395","0","0","0","0","0","0","0","0","0","0","0","0","0","0","0","60","1","0","30","0","1","10","0",0,100,1,1,"2","2","0.5","0.21","1.02","WWTP same agency","BWD WWTF","5A450107001",1,"No"," "," "," ",0,6,0,1,NA
"5R","5SSO10792","Historical","04/11/2019","Other","100","15,978","1,148","0",2,"1","1","0","0","0","0","0","0","0","0","0","0","0",0,0,"0","0","100","0","0","0","0","0","0","0","0","0",100,0,"0","1.1","0.2","none","0","35","0","0","0","0","0","0","0","0","0","0","0","0","0","0","0","0","0","0","100","0","0","0","0",0,100,0,0,"0.2","0.1","0.1","9,000","9,000","SSS same agency","Skansen","5A040108001",1,"No"," "," "," ",0,0,0,1,NA
"5R","5SSO10794","Historical","","","","","","",NA,"","","","","","","","","","","","","",NA,NA,"","","","","","","","","","","","",NA,NA,"","","","","","","","","","","","","","","","","","","","","","","","","","","","","",NA,NA,NA,NA,"","","","","","","","",0,"","","","",0,NA,NA,NA,NA
"5R","5SSO10797","Historical","07/30/2019","Municipal (Public)","2,500","480,202","399,500","2",2,"2","1","0","0","3","0","0","0","0","0","0","0","0",0,3,"65","78","30","11","5","11","0","0","0","0","0","0",100,100,"2","14","2","lower","1","1000","0","0","0","0","0","0","0","0","0","0","0","0","75","1","0","10","0","1","10","0","1","5","0",1,100,1,3,"1","3","5",".3","2.0","SSS same agency","Chester Public Utility District","5A320100001",1,"No"," "," "," ",0,6,2,0,NA
"5S","5SSO10798","Active","07/05/2022","Municipal (Public)","800","193,000","300,000","2",1,"1","1","1","0","1","0","0","1","0","0","0","0","0",3,0,"55","0","30","0","15","0","0","0","0","0","0","0",100,0,"0","5.5","0.8","lower","0.4","554","0","0","0","0","0","0","0","0","0","0","0","0","70","0","0","10","0","0","10","0","0","10","1",1,100,1,1,"0.2","1","0.5",".058",".756","WWTP same agency","Loyalton wasterwater treatment facility","SSO-10798",1,"No"," "," "," ",0,1,2,1,NA
"5R","5SSO10799","Active","01/03/2023","Municipal (Public)","16,000","3,000,000","1,200,000","0",4,"1","1","2","0","3","0","0","0","0","0","0","0","0",0,0,"67","100","16","0","14","0","3","0","0","0","0","0",100,100,"3","67","39","none","0","3965","0","0","0","0","0","0","10","0","0","15","0","0","15","0","0","50","0","1","10","0","5","0","0",1,100,0,7,"0","31.33","31","2.0","9.4","WWTP other agency","Sewage Commission Oroville Region",NA,1,"No","No"," "," ",1,1,0,0,NA
"5R","5SSO10801","Active","09/29/2022","Municipal (Public)","95,542","669,000","14,282,470","2",12,"1","1","2","0","2","0","0","6","0","0","6","0","0",0,0,"18","20","59","18","15","56","4","6","4","0","0","0",100,100,"7.9","436.2","554.8","none","0","39058","1","0","0","0","0","0","0","0","0","2","0","0","10","0","0","22","0","3","39","1","4","26","5",5,100,6,12,"20","386.7","42.8","12.2","44.4","WWTP same agency","Clear Creek WWTP","5A45013001",2,"No"," "," "," ",0,15,3,5,NA
"5R","5SSO10803","Active","12/12/2020","Municipal (Public)","5,937","1,985,495","200,000","3",1,"1","1","0","0","0","0","0","0","0","0","0","0","0",0,0,"57","100","25","0","18","0","0","0","0","0","0","0",100,100,"0.5","26.9","15","none","0","2378","0","0","0","0","0","0","25","0","0","45","0","0","14","0","0","10","0","0","5","0","4","1","0",1,100,0,5,"0","3.0","0",".800","1.2","WWTP same agency","City of Willows WWTP","CA0078034",1,"Yes","No","NEWCSD Sewer System","n/a",1,0,0,1,NA
"5R","5SSO10805","Active","12/06/2022","Municipal (Public)","7,663","841,000","100,000","1",4,"1","1","0","0","0","0","0","0","0","0","0","0","0",0,0,"50","100","30","0","20","0","0","0","0","0","0","0",100,100,"1","27.2","25","lower","13","2249","0","0","0","0","0","0","10","0","0","10","0","0","10","0","0","10","0","0","30","0","1","30","0",0,100,0,1,"0","27.2","0","0.7","2.0","WWTP same agency","corning WWTP","5SSO10805",1,"No"," "," "," ",0,3,0,0,NA
"5R","5SSO10806","Active","02/21/2023","Municipal (Public)","2,612","435,000","475,000","2",2,"1","1","0","0","0","0","0","0","0","0","0","0","0",0,0,"80","0","20","0","0","100","0","0","0","0","0","0",100,100,"2.1","14.5","6.4","lower","3.2","1047","0","0","0","0","0","0","0","0","0","0","0","0","0","0","0","0","0","0","90","0","0","10","0",0,100,0,0,"2","1","1",".3",".9","WWTP same agency","Cottonwood WWTP","CA0081507",1,"No"," "," "," ",0,0,0,0,NA
"5R","5SSO10808","Historical","12/10/2019","Municipal (Public)","300","8,000","12,000","3",1,"1","5","1","0","1","0","0","0","0","0","0","0","0",1,1,"95","0","5","0","0","0","0","0","0","0","0","0",100,0,"0","1.7","0.4","none","0","42","0","0","0","0","0","0","0","0","0","0","0","0","0","0","0","100","0","0","0","0","0","0","0",0,100,0,0,"0.2","1.0","1.0","0.010","0.35","WWTP same agency","Crocker WWTF","5A321010001",1,"No"," "," "," ",0,0,0,0,NA
"5R","5SSO10810","Active","05/23/2023","Municipal (Public)","600","50,000","50,000","0",2,"1","1","1","0","0","0","0","1","0","0","0","0","0",2,1,"90","0","9","0","1","0","0","0","0","0","0","0",100,0,"0","13.5","3","none","0","350","0","0","0","0","0","0","0","0","0","0","0","0","0","0","0","85","0","0","10","0","0","5","0",0,100,0,0,"0.5","9","1.5","0.032","0.500","WWTP same agency","Delleker WWTP","CA0081744",1,"No"," "," "," ",0,1,0,0,NA
"5R","5SSO10812","Active","03/22/2023","Municipal (Public)","2,700","1,250,000","0","1",4,"1","1","0","0","0","0","0","0","0","0","0","0","0",0,0,"75","0","10","0","15","0","0","0","0","0","0","0",100,0,"2.5","17","23","none","0","1266","0","0","0","0","0","0","0","0","0","0","0","0","0","0","0","75","0","2","20","0","0","5","0",1,100,0,3,"0","17","0",".30","2.2","WWTP same agency","City of Dunsmuir",NA,1,"No"," "," "," ",0,1,2,0,NA
"5R","5SSO10813","Historical","02/01/2019","Municipal (Public)","2,500","790,763","50,000","0",2,"5","1","0","0","0","0","0","0","0","0","0","0","0",0,0,"1","35","84","9","15","56","0","0","0","0","0","0",100,100,"0.9","19.3","5.8","lower","2.8","1020","0","0","0","0","0","0","0","0","0","0","0","0","0","0","0","0","0","0","99","1","2","1","0",0,100,1,2,"0","0","0",".175",".275","WWTP other agency","Quincy Community Services District","R520100032",1,"No"," "," "," ",0,0,0,0,NA
"5R","5SSO10814","Historical","11/01/2016","Municipal (Public)","648","9,000","12,000","1",1,"1","1","0","1","0","0","0","0","0","0","0","0","0",0,0,"20","100","80","0","0","0","0","0","0","0","0","0",100,100,"2.2","4.8","2.7","lower","0.9","261","0","0","0","0","0","0","0","0","0","0","0","0","0","0","0","100","0","2","0","0","0","0","0",0,100,0,2,"0.6","0","2.8",".018",".028","SSS same agency","Fall River Mills CSD","5SSO10814",1,"No"," "," "," ",0,1,0,0,NA
"5R","5SSO10815","Active","11/09/2022","Municipal (Public)","1,500","3,000","0","0",1,"2","1","0","0","0","0","0","0","0","0","0","0","0",0,0,"45","2","52","1","0","0","0","0","0","0","0","0",100,0,"1.5","6.1","5.6","lower","3.3","492","0","0","0","0","0","0","0","0","0","0","0","0","0","0","0","0","0","0","100","0","0","0","0",0,100,0,0,"0","0","0.5",".070",".100","WWTP same agency","Gerber Treatment Plant","5SSO10815",1,"No"," "," "," ",0,0,0,0,NA
"5R","5SSO10816","Historical","07/14/2021","Municipal (Public)","200","7,200","6,000","1",2,"0","1","0","0","0","0","0","0","0","0","0","0","0",0,0,"0","100","0","0","0","0","0","0","0","0","100","0",100,100,"13","0","1.8","none","0","90","0","0","0","0","0","0","0","0","0","0","0","0","0","0","0","0","0","0","2","0","0","98","0",0,100,0,0,"0","0","0",".0078",".015","SSS same agency","GMCSD","5SSO10816",1,"No"," "," "," ",0,0,0,0,NA
"5R","5SSO10817","Historical","","","","","","",NA,"","","","","","","","","","","","","",NA,NA,"","","","","","","","","","","","",NA,NA,"","","","","","","","","","","","","","","","","","","","","","","","","","","","","",NA,NA,NA,NA,"","","","","","","","",0,"","","","",0,NA,NA,NA,NA
"5R","5SSO10818","Historical","","","","","","",NA,"","","","","","","","","","","","","",NA,NA,"","","","","","","","","","","","",NA,NA,"","","","","","","","","","","","","","","","","","","","","","","","","","","","","",NA,NA,NA,NA,"","","","","","","","",0,"","","","",0,NA,NA,NA,NA
"5R","5SSO10819","Historical","04/19/2018","Municipal (Public)","1,129","160,000","0","1",1,"1","1","1","0","0","0","0","0","0","0","0","0","0",0,0,"50","100","25","0","25","0","0","0","0","0","0","0",100,100,"0.4","10","15","lower","10","410","0","0","0","0","0","0","0","0","0","0","0","0","57","0","1","4","0","1","39","0","3","0","0",0,100,0,5,"2","0","0","0.0515","0.3003","WWTP same agency","IVCSD","5A320101001",1,"No"," "," "," ",0,2,0,0,NA
"5R","5SSO10820","Active","06/06/2017","Municipal (Public)","6,700","354,662","83,000","0",9,"1","1","0","0","2","0","0","0","0","0","0","0","0",2,2,"38","25","44","0","18","57","0","18","0","0","0","0",100,100,"8.0","22.6","19.9","none","0","2168","0","0","0","0","0","0","29","0","0","21","0","0","3","0","0","11","3","0","16","1","1","20","1",1,100,5,2,"0.1","1.1","0.6","1.2","2.0","WWTP same agency","City of Gridley","5SSO10820",1,"No"," "," "," ",0,0,1,0,NA
"5R","5SSO10826","Active","06/21/2022","Municipal (Public)","2,510","667,808","43,045","1",2,"1","0","0","0","0","0","0","0","0","0","0","0","0",0,0,"30","40","30","60","40","0","0","0","0","0","0","0",100,100,"3.7","16.6","7.4","none","0","875","0","0","0","0","0","0","0","0","0","0","0","0","0","0","0","70","2","2","20","0","3","10","0",0,100,2,5,"0.5","2.0","2.0","0.114","0.748","WWTP same agency","Lake California WWTP","0",1,"No"," "," "," ",0,1,0,0,NA
"5R","5SSO10827","Active","09/01/2022","Municipal (Public)","12,000","1,724,389","240,000","2",3,"2","1","0","0","0","0","0","0","0","0","0","0","0",0,0,"60","94","24","6","13","0","3","0","0","0","0","0",100,100,"4.0","75","75","none","0","4440","0","0","0","0","0","0","0","0","0","5","0","0","10","0","0","30","2","6","40","0","0","15","1",0,100,3,6,"0","14.24","4.56",".853","4.2","WWTP other agency","Sewerage Commission - Oroville Region","5SSO10838",1,"No"," "," "," ",0,4,1,0,NA
"5R","5SSO10828","Historical","","","","","","",NA,"","","","","","","","","","","","","",NA,NA,"","","","","","","","","","","","",NA,NA,"","","","","","","","","","","","","","","","","","","","","","","","","","","","","",NA,NA,NA,NA,"","","","","","","","",0,"","","","",0,NA,NA,NA,NA
"5R","5SSO10830","Historical","","","","","","",NA,"","","","","","","","","","","","","",NA,NA,"","","","","","","","","","","","",NA,NA,"","","","","","","","","","","","","","","","","","","","","","","","","","","","","",NA,NA,NA,NA,"","","","","","","","",0,"","","","",0,NA,NA,NA,NA
"5R","5SSO10832","Historical","01/11/2023","Municipal (Public)","1,100","475,794","10,000","3",3,"2","1","0","0","1","0","0","0","0","0","0","0","0",1,0,"40","0","30","0","30","0","0","0","0","0","0","0",100,0,"0.0","11","5.1","lower","1","713","0","0","0","0","0","0","0","0","0","0","0","0","0","0","0","0","0","0","0","0","0","100","0",0,100,0,0,"0.0","0.5","0.5",".167",".211","WWTP same agency","MC CLOUD CSD","97-083",1,"No"," "," "," ",0,5,0,0,NA
"5R","5SSO10833","Active","07/15/2021","Port","200","186,982","7,400","1",2,"1","1","2","0","0","0","0","1","0","0","0","0","0",1,0,"80","0","20","0","0","0","0","0","0","0","0","0",100,0,"0","4.0","2.6","lower","1.8","194","0","0","0","0","0","0","0","0","0","0","0","0","0","0","0","27","0","0","73","0","0","0","0",0,100,0,0,"0.5","0","0",".06",".124","WWTP same agency","Tehama Co. Sd #1","5SSO10833",1,"No"," "," "," ",0,0,1,0,NA
"5R","5SSO10835","Active","12/27/2022","Municipal (Public)","3,627","287,540","205,000","2",3,"3","1","0","0","0","0","0","0","0","0","0","0","0",0,0,"55","0","10","0","31","0","04","0","0","0","0","0",100,0,"0","30","30","none","0","1600","0","0","0","0","0","0","0","0","0","16","0","0","17","0","0","31","0","0","26","0","0","10","0",0,100,0,0,"2","26.4","15.4","06","3","WWTP same agency","Mt. Shasta WWTP","5a470105001",1,"Yes","No","Shasta Holiday Subdivision",NA,2,0,0,0,NA
"5R","5SSO10837","Active","11/14/2022","Park (w/Campground)","250,000","100,000","30,000","1",2,"1","1","0","0","3","0","0","1","0","0","0","0","0",2,1,"100","100","0","0","0","0","0","0","0","0","0","0",100,100,"2","4","6","upperLower","6","13","0","0","0","0","0","0","0","0","0","0","0","0","0","0","0","75","0","0","5","0","0","20","0",2,100,0,2,"0.3","0","1",".039",".003","WWTP same agency","Oak Bottom","5SSO10837",1,"No"," "," "," ",0,0,0,0,NA
"5R","5SSO10838","Active","01/05/2023","Municipal (Public)","44,000","66,000","40,000","3",2,"2","1","0","0","0","0","0","0","0","0","0","0","0",1,1,"0","0","0","1","43","48","57","51","0","0","0","0",100,100,"1.2","2.5","0","none","0","0","0","0","0","0","0","0","0","0","0","0","0","0","0","0","0","66","0","1","8","1","0","26","0",0,100,1,1,"0","0","0.5","2.6","9.0","WWTP same agency","Sewerage Commission Oroville Region","5A040106001",1,"Yes","No","Lake Oroville Area Public Utility District","5SSO10827",3,0,1,0,NA
"5R","5SSO10839","Active","02/21/2023","Municipal (Public)","500","105,000","6,000","1",2,"1","1","0","0","0","0","0","0","0","0","0","0","0",0,0,"10","0","90","0","0","0","0","0","0","0","0","0",100,0,"3.5","4.5","2.7","lower","1.4","220","0","0","0","0","0","0","0","0","0","0","0","0","0","0","0","0","0","0","95","0","0","5","0",3,100,0,3,"0.2","0.5","0.5",".045",".08","WWTP same agency","Palo Cedro WWTP","5SSO10839",1,"No"," "," "," ",0,2,3,2,NA
"5R","5SSO10842","Active","03/23/2021","Municipal (Public)","750","337,000","193,000","1",1,"1","1","0","0","1","0","0","1","0","0","0","0","0",0,0,"100","100","0","0","0","0","0","0","0","0","0","0",100,100,"1","3.3","2.2","none","0","329","0","0","0","0","0","0","0","0","0","0","0","0","0","0","0","0","0","0","95","0","2","5","0",1,100,0,3,"0.1","0.7","0","0.030",".075","WWTP same agency","Community Leachfields","5A320104004",1,"No"," "," "," ",0,1,1,0,NA
"5R","5SSO10843","Active","07/07/2022","Municipal (Public)","2,104","123,000","41,000","5",3,"1","1","0","0","0","0","0","0","0","0","0","0","0",1,1,"65","100","24","0","11","0","0","0","0","0","0","0",100,100,"1.1","16","0","none","0","1020","0","0","0","0","0","0","0","0","0","10","0","0","50","2","0","30","0","0","5","2","0","5","2",0,100,6,0,"0","1.5","0.5",".24","1.0","WWTP same agency","City of Portola WWTP",NA,4,"No"," "," "," ",0,0,1,0,NA
"5R","5SSO10844","Active","04/17/2023","Municipal (Public)","1,890","388,910","24,133","0",4,"1","1","1","0","0","0","0","0","0","0","0","0","0",1,0,"44","20","25","0","30","80","1","0","0","0","0","0",100,100,"1","17","1.3","lower","0.2","796","0","0","0","0","0","0","0","0","0","0","0","0","5","0","0","33","0","0","40","0","0","22","1",2,100,1,2,"0.0","17","1","0.5","1.3","WWTP same agency","Quincy WWTP","R5-2016-0049",1,"No"," "," "," ",0,1,2,0,NA
"5R","5SSO10845","Active","01/11/2023","Municipal (Public)","14,076","9,569,421","1,577,000","1",5,"1","0","4","0","2","0","0","0","0","0","0","0","0",1,0,"80","99","15","0","4","1","1","0","0","0","0","0",100,100,"6","60","50","none","0","4502","0","0","2","18","0","0","10","0","0","10","1","0","10","0","1","20","0","4","18","0","6","14","0",4,100,1,17,"3","23.2","4","2","7","SSS same agency","City of Red Bluff","5A520101001",1,"No"," "," "," ",0,0,4,4,NA
"5R","5SSO10847","Historical","02/15/2023","Municipal (Public)","320","65,000","30,000","0",1,"1","1","0","0","1","0","0","1","0","0","0","0","0",3,3,"65","0","35","0","0","0","0","0","0","0","0","0",100,0,"0","3","1","lower","0.5","113","0","0","0","0","0","0","0","0","0","0","0","0","0","0","0","50","0","0","40","0","0","10","0",0,100,0,0,"0","3","0","020","080","WWTP same agency","Richvale Sanitary District","5SSO10847",1,"No"," "," "," ",0,1,0,0,NA
"5R","5SSO10849","Historical","","","","","","",NA,"","","","","","","","","","","","","",NA,NA,"","","","","","","","","","","","",NA,NA,"","","","","","","","","","","","","","","","","","","","","","","","","","","","","",NA,NA,NA,NA,"","","","","","","","",0,"","","","",0,NA,NA,NA,NA
"5R","5SSO10850","Active","02/03/2023","School","10,000","3,990","40,000","0",1,"2","1","1","0","0","0","0","0","0","0","0","0","0",0,0,"90","70","5","20","5","10","0","0","0","0","0","0",100,100,"2","1","0.5","upperLower","0.5","1","0","0","0","0","0","0","0","0","0","0","0","0","0","0","0","90","0","0","5","0","1","5","0",3,100,0,4,"0","2","2","38,000","67,000","WWTP same agency","Shasta Tehama Joint School District","000",1,"No"," "," "," ",0,0,0,0,NA
"5R","5SSO10851","Active","03/13/2023","Municipal (Public)","9,800","1,188,651","166,500","2",6,"1","2","1","0","0","0","0","0","0","0","0","0","0",0,0,"65","17","25","15","9","68","1","0","0","0","0","0",100,100,"4.1","54.3","17","none","0","3380","0","0","0","0","0","0","0","0","0","0","0","0","0","0","0","80","1","2","15","1","1","5","0",1,100,2,4,"5","3.4","2",".5","1.3","WWTP same agency","City of Shasta Lake WWTP","5A450105001",1,"No"," "," "," ",0,2,3,0,NA
"5R","5SSO10853","Historical","09/17/2018","Other","180","19,593","193","0",2,"1","1","0","0","0","0","0","0","0","0","0","0","0",0,0,"0","0","100","0","0","0","0","0","0","0","0","0",100,0,"0","1.5","0","none","0","82","0","0","0","0","0","0","0","0","0","0","0","0","0","0","0","50","0","0","0","0","0","50","0",0,100,0,0,"0","0.2","0.2","9,000","9,000","SSS same agency","Stirling City Sewer","5A040113001",1,"No"," "," "," ",0,0,0,0,NA
"5R","5SSO10854","Historical","","","","","","",NA,"","","","","","","","","","","","","",NA,NA,"","","","","","","","","","","","",NA,NA,"","","","","","","","","","","","","","","","","","","","","","","","","","","","","",NA,NA,NA,NA,"","","","","","","","",0,"","","","",0,NA,NA,NA,NA
"5R","5SSO10855","Historical","04/19/2018","Municipal (Public)","150","24,446","0","1",0,"0","1","1","0","0","0","0","0","0","0","0","0","0",0,0,"50","100","50","0","0","0","0","0","0","0","0","0",100,100,"0.7","2.5","2","lower","0.5","104","0","0","0","0","0","0","0","0","0","0","0","0","0","0","0","0","0","0","100","0","1","0","0",0,100,0,1,"0","0","0","0.006","0.025","WWTP same agency","IVCSD","5a320104007",1,"No"," "," "," ",0,0,1,0,NA
"5R","5SSO10857","Active","05/12/2023","Municipal (Public)","8,072","1,838,699","250,000","3",2,"1","4","0","0","0","0","0","0","0","0","0","0","0",0,0,"23","0","55","100","22","0","0","0","0","0","0","0",100,100,"0.8","34.7","20.4","none","0","2347","0","0","0","0","0","0","0","0","0","0","0","0","0","0","0","82","0","0","15","0","0","3","0",1,100,0,1,"1","8.5","7.5","0.345","2.52","WWTP other agency","SC-OR","5SS010838",1,"Yes","No","City of Oroville","N/A",1,1,0,0,NA
"5R","5SSO10859","Active","02/13/2023","Municipal (Public)","93,293","4,969,056","1,248,215","2",11,"4","3","13","0","3","1","0","0","0","0","0","0","0",0,0,"30","60","50","0","12","40","4","0","0","0","4","0",100,100,"4.3","280","12","none","0","21408","0","0","0","0","0","0","10","0","0","4","0","0","3","0","0","15","0","0","33","1","4","35","2",11,100,3,15,"5","136.74","34.54","5.88","18.59","WWTP same agency","Water Pollution Control Plant","5A040102001",1,"Yes","No","Calif. State University Chico","na",2,9,4,17,NA
"5R","5SSO10860","Historical","02/25/2014","Municipal (Public)","1,998","364,960","60,000","0",2,"0","1","3","3","0","0","0","0","0","0","0","0","0",3,0,"80","100","10","0","10","0","0","0","0","0","0","0",100,100,"0.7","11","12.8","none","0","850","0","0","0","0","0","0","0","0","0","0","0","0","0","0","0","90","0","3","5","0","0","5","0",0,100,0,3,"0","5","0",".3",".5","SSS same agency","Westwood CSD","Ponds",4,"No"," "," "," ",0,1,0,0,NA
"5S","5SSO10863","Active","08/15/2022","Municipal (Public)","205","131,000","9,600","1",0,"1","1","0","0","0","0","0","1","0","0","0","0","0",0,0,"100","100","0","0","0","0","0","0","0","0","0","0",100,100,"1.9","1.8","0.4","lower","0.2","87","0","0","0","0","0","0","0","0","0","0","0","0","0","0","0","99","0","1","0","0","0","1","0",0,100,0,1,"0.7","1.0","0.1",".0103",".0647","SSS other agency","City of Sutter Creek","5SS011061",1,"No"," "," "," ",0,5,1,0,NA
"5S","5SSO10864","Historical","","","","","","",NA,"","","","","","","","","","","","","",NA,NA,"","","","","","","","","","","","",NA,NA,"","","","","","","","","","","","","","","","","","","","","","","","","","","","","",NA,NA,NA,NA,"","","","","","","","",0,"","","","",0,NA,NA,NA,NA
"5S","5SSO10865","Active","11/23/2022","Municipal (Public)","4,178","2,642,518","2,210,000","1",4,"1","1","0","0","3","0","0","0","0","0","0","0","0",0,0,"90","100","7","0","3","0","0","0","0","0","0","0",100,100,"4.5","22.5","3","none","0","1769","0","0","0","0","0","0","0","0","0","0","0","0","40","0","0","24","0","4","30","1","0","6","1",0,100,2,4,"1","0.5","0.5",".300","1.829","WWTP same agency","City of Angels Camp WWTP","5B050100002",1,"Yes","No","Six Mile Village","5SS011500",1,5,0,1,NA
"5S","5SSO10866","Historical","08/27/2018","Municipal (Public)","0","0","0","0",0,"0","0","0","0","0","0","0","0","0","0","0","0","0",0,0,"100","0","0","0","0","0","0","0","0","0","0","0",100,0,"0","0","0","none","0","0","0","0","0","0","0","0","0","0","0","0","0","0","0","0","0","0","0","0","0","0","0","100","0",0,100,0,0,"0","0","0",".01",".01","SSS same agency","SMD 1 Collection System","5SSO11028",2,"No"," "," "," ",0,0,0,0,NA
"5S","5SSO10867","Historical","09/02/2020","Municipal (Public)","2,500","195,000","40,000","1",2,"0","1","0","1","1","0","0","0","0","0","0","0","0",0,1,"60","0","30","0","10","0","0","0","0","0","0","0",100,0,"0","8","9","none","0","923","0","0","0","0","0","0","0","0","0","0","0","0","60","0","0","10","0","0","10","0","0","20","0",0,100,0,0,"0","6","0",".260",".290","WWTP same agency","Arbuckle WWTP","5A060100001",1,"No"," "," "," ",0,0,0,0,NA
"5S","5SSO10868","Active","03/22/2023","Municipal (Public)","1,440","182,385","250,000","3",2,"1","3","3","0","1","1","0","1","0","0","2","1","0",6,3,"90","95","10","5","0","0","0","0","0","0","0","0",100,100,"5.5","12.8","12.2","lower","3.0","645","0","0","0","0","0","0","0","0","0","0","0","0","0","0","0","0","0","0","95","1","3","5","0",2,100,1,5,"4.0","1.0","1.0",".076147",".450","WWTP same agency","Arnold WWTP","WDR 97-073",1,"No"," "," "," ",0,0,0,1,NA
"5S","5SSO10869","Active","05/16/2023","Municipal (Public)","338","100,000","20,000","0",1,"0","1","0","0","0","0","0","0","0","0","0","0","0",0,0,"90","34","10","66","0","0","0","0","0","0","0","0",100,100,"0.6","2.1","2.5","none","0","137","0","0","0","0","0","0","0","0","0","0","0","0","0","0","0","40","0","0","60","0","0","0","0",0,100,0,0,"0.2","0.01","0.085","0.014","0.029","SSS same agency","Georgetown Divide PUD","5sso10869",1,"No"," "," "," ",0,0,0,0,NA
"5S","5SSO10870","Active","03/09/2023","Municipal (Public)","454","200,000","50,000","2",2,"2","1","0","0","0","0","0","1","0","0","0","0","0",1,0,"98","2","2","0","0","0","0","0","0","0","0","0",100,100,"0.5","2.8","1.0","lower","0.5","122","0","0","0","0","0","0","0","0","0","0","0","0","0","0","0","95","0","0","5","0","0","0","0",1,100,0,1,"0","0.0","2.","0.02","0.06","WWTP same agency","Auburn Valley CSD","5SSO10870",1,"No"," "," "," ",0,0,0,0,NA
"5S","5SSO10873","Active","03/07/2023","Municipal (Public)","59","703,433","357,953","1",3,"1","1","1","0","0","0","0","0","0","0","0","0","0",0,0,"93","100","4.4","0","2.6","0","0","0","0","0","0","0",100,100,"2","16","0","none","0","564","0","0","0","0","0","0","0","0","0","0","0","0","0","0","0","88","2","2","10","0","0","2","0",0,100,2,2,"2","2.29","1.45","0.028","0.163","WWTP same agency","BEAR VALLEY WATER DISTRICT","5SSO10873",1,"No"," "," "," ",0,12,1,0,NA
"5S","5SSO10874","Historical","","","","","","",NA,"","","","","","","","","","","","","",NA,NA,"","","","","","","","","","","","",NA,NA,"","","","","","","","","","","","","","","","","","","","","","","","","","","","","",NA,NA,NA,NA,"","","","","","","","",0,"","","","",0,NA,NA,NA,NA
"5S","5SSO10876","Historical","","","","","","",NA,"","","","","","","","","","","","","",NA,NA,"","","","","","","","","","","","",NA,NA,"","","","","","","","","","","","","","","","","","","","","","","","","","","","","",NA,NA,NA,NA,"","","","","","","","",0,"","","","",0,NA,NA,NA,NA
"5S","5SSO10879","Active","10/19/2022","Municipal (Public)","900","284,000","89,000","7",1,"2","1","0","0","0","0","0","0","0","0","0","0","0",3,0,"20","0","80","0","0","0","0","0","0","0","0","0",100,0,"0","2.5","0.8","lower","2.1","322","0","0","0","0","0","0","0","0","0","0","0","0","100","0","0","0","0","0","0","0","0","0","0",0,100,0,0,"0.1","0.2","0",".96","1.8","WWTP same agency","Byron Sanitary District","5SSO10879",1,"No"," "," "," ",0,0,0,0,NA
"5S","5SSO10880","Active","06/06/2023","Park (w/Campground)","789","20,000","0","2",2,"2","1","0","0","0","0","1","0","0","0","0","0","0",0,0,"58","100","42","0","0","0","0","0","0","0","0","0",100,100,"0.3","1.1","0.3","upperLower","0.3","12","0","0","0","0","0","0","0","0","0","25","0","1","0","0","0","18","0","0","15","0","0","42","0",0,100,0,1,"0.1","0.3","0.5","0.007","0.079","WWTP same agency","Calaveras Big Trees WWTF","5SSO10880",1,"No","Yes"," "," ",1,1,0,0,NA
"5S","5SSO10882","Historical","09/27/2022","School","38,000","14,500","24,000","0",3,"1","1","0","0","0","0","0","0","0","0","0","0","0",0,0,"35","75","25","25","20",NA,"10",NA,NA,NA,"10",NA,100,100,"0.5","5.0","3.0","upperLower","3.0","400",NA,NA,NA,"0",NA,NA,"0",NA,NA,"0",NA,NA,"0",NA,NA,"55",NA,NA,"10",NA,NA,"35",NA,NA,100,0,0,"0","3","1","0.47","0.71","WWTP other agency","City of Sacramento",NA,1,"No"," ",NA,NA,0,0,0,0,NA
"5S","5SSO10883","Active","06/29/2023","Municipal (Public)","1,039","385,000","0","0",30,"4","3","0","0","1","0","0","0","0","0","0","0","0",0,0,"60","100","40","0","0","0","0","0","0","0","0","0",100,100,"0.6","2.5","1.0","upperLower","1.0","153","0","0","0","0","0","0","0","0","0","0","0","0","0","0","0","5","0","0","50","0","1","45","2",1,100,2,2,"0","2.5","2.5","0.01","0.05","WWTP same agency","Camanche North Shore WWTP","5B031019001",1,"No"," "," "," ",0,0,0,0,NA
"5S","5SSO10884","Active","06/29/2023","Municipal (Public)","780","638,000","576,000","0",30,"4","3","0","0","1","0","0","0","0","0","0","0","0",0,0,"70","100","30","0","0","0","0","0","0","0","0","0",100,100,"1.0","3.5","3.4","upperLower","3.4","342","0","0","0","0","0","0","0","0","0","0","0","0","0","0","0","20","0","0","20","0","3","60","2",2,100,2,5,"0","3.4","3.4","0.02","0.09","WWTP same agency","Camanche South Shore WWTP","5B051015002",1,"No"," "," "," ",0,0,0,0,NA
"5S","5SSO10885","Active","08/12/2022","Municipal (Public)","280","3,765,700","5,954,000","2",10,"4","1","2","2","10","0","0","1","0","0","2","0","1",0,0,"0","0","0","0","0","0","0","0","0","0","100","0",100,0,"0","1.6","0","lower","0","81","0","0","0","0","0","0","0","0","0","0","0","0","25","0","0","50","0","0","25","0","0","0","0",0,100,0,0,"0.5","81","11",".02",".04","WWTP same agency","CHWWTP","5A090102010",1,"No"," "," "," ",0,0,0,0,NA
"5S","5SSO10888","Active","09/20/2022","Municipal (Public)","210","20,500","12,500","3",2,"2","1","0","0","2","0","0","0","0","0","0","0","0",0,0,"100","100","0","0","0","0","0","0","0","0","0","0",100,100,"0.9","2","1.3","lower","0.5","86","0","0","0","0","0","0","0","0","0","0","0","0","0","0","0","0","0","0","95","0","1","5","0",0,100,0,1,"0.1","2","0.5",".0128",".0353","WWTP same agency","Cascade Shores T P","5sso10888",4,"No"," "," "," ",0,2,0,0,NA
"5S","5SSO10889","Historical","","","","","","",NA,"","","","","","","","","","","","","",NA,NA,"","","","","","","","","","","","",NA,NA,"","","","","","","","","","","","","","","","","","","","","","","","","","","","","",NA,NA,NA,NA,"","","","","","","","",0,"","","","",0,NA,NA,NA,NA
"5S","5SSO10890","Active","12/28/2022","Municipal (Public)","111,600","8,578,144","200,000","5",11,"1","1","7","0","4","0","0","4","0","0","1","0","0",2,1,"48","0","35","0","12","0","4","0","1","0","0","0",100,0,"7","311.5","354.42","lower","177.25","31197","0","0","0","0","0","0","0","0","0","0","0","0","2","0","0","26","0","0","56","0","0","16","0",1,100,0,1,"0.5","214.23","22.02","3.5","15.6","SSS other agency","Delta Diablo","2071013001",1,"No"," "," "," ",0,36,0,3,NA
"5S","5SSO10891","Active","10/03/2022","Municipal (Public)","66,097","3,290,000","650,000","1",5,"0","1","0","1","5","0","2","1","0","0","0","0","0",0,0,"6","0","66","0","23","0","5","0","0","0","0","0",100,0,"0","243","154.66","lower","77.33","20416","0","0","0","0","0","0","0","0","0","0","0","0","1","0","0","3","0","0","18","0","0","78","1",2,100,1,2,"1","13.86","89","3.99","4.57","WWTP same agency","Brentwood WWTP","5B070101001",1,"No"," "," "," ",0,11,0,0,NA
"5S","5SSO10893","Active","05/26/2023","Municipal (Public)","81,610","5,946,880","14,461,649","0",9,"2","4","2","0","4","0","0","0","0","0","3","0","0",0,0,"65","26","18","4","12","40","5","0","0","0","0","30",100,100,"3.7","273.4","218","lower","109","24842","4","0","0","0","0","0","0","0","0","0","0","0","6","0","0","7","1","0","44","7","3","39","1",5,100,9,8,"4.6","35.8","46.5","7.1","31.9","WWTP other agency","Sacramento Regional County Sanitation District","5SSO11045",1,"Yes","No","Folsom State Prison (CS)","5SSO11192",1,76,5,1,NA
"5S","5SSO10894","Active","04/10/2023","Municipal (Public)","3,999","868,537","200,000","0",3,"0","1","0",NA,"0",NA,NA,"0",NA,NA,"0",NA,NA,1,1,"45","100","15","0","34","0","0","0","0","0","6","0",100,100,"1.0","19","12","none","0","1450","0","0","0",NA,"0","0",NA,"0","0",NA,"0","0","50","0","1","10","0","1","10","0","2","30","0",4,100,0,8,"0.2","3","2","0.42","1.434","WWTP same agency","Ione WWTP","5SSO10894",1,"No"," "," "," ",0,1,0,1,NA
"5S","5SSO10895","Active","05/26/2023","Municipal (Public)","4,700","453,050","170,000","2",4,"1","1","5","0","1","0","0","0","0","0","0","0","0",3,1,"51","100","43","0","6","0","0","0","0","0","0","0",100,100,"1","25","15","none","0","2461","0","0","0","0","0","0","0","0","0","7","0","0","7","0","0","17","0","02","27","0","1","42","0",0,100,0,3,"2","4.6","4.6","0.31","3.6","WWTP same agency","City of Jackson, WWTP","5B030103001",1,"No"," "," "," ",0,0,0,1,NA
"5S","5SSO10896","Active","10/07/2022","Municipal (Public)","4,999","703,112","697,850","0",3,"1","2","0","0","0","0","0","0","0","0","0","0","0",0,0,"50","75","45","20","5","5","0","0","0","0","0","0",100,100,"4.2","33","25","lower","10","1800","0","0","0","10","0","0","10","0","0","24","0","0","24","0","0","15","2","0","10","4","0","7","0",2,100,6,2,"0.2","4","1",".34","3.792","WWTP same agency","CLMSD","5SSO10896",1,"No"," "," "," ",0,1,0,0,NA
"5S","5SSO10897","Active","06/01/2023","Municipal (Public)","12,453","669,328","4,879,670","0.8",2.4,"0.4","0.4","0.8","0","0.4","0","0","0","0","0","0","0","0",0,0,"26","33","57","4","17","63","0","0","0","0","0","0",100,100,"7.5","33","31.0","lower","17.9","3154","5","0","0","0","0","0","0","0","0","0","0","0","0","0","0","10","0","0","50","1","0","35","7",1,100,8,1,"0","0","0","1.12","1.33","WWTP other agency","Manteca Water Quality Control Facility","R5-2015-0026",1,"No"," "," "," ",0,0,1,0,NA
"5S","5SSO10898","Active","02/14/2023","Municipal (Public)","9,285","6,834,812","4,017,500","0",5,"2","1","0","0","0","0","0","0","0","0","0","0","0",0,0,"0","0","0","0","0","0","0","0","0","0","0","0",100,100,"4.9","25.1","25","none","0","2478","0","0","0","0","0","0","0","0","0","0","0","0","40","0","0","15","0","0","20","0","0","25","0",0,100,100,100,"0","0","0",".68",".74","WWTP same agency","City of Live Oak WWTP","0",1,"No"," "," "," ",0,0,0,0,NA
"5S","5SSO10900","Active","02/24/2023","Municipal (Public)","15,979","1,168,000","479,000","1",3,"1","1","2","0","0","0","0","0","0","0","0","0","0",1,0,"10","70","75","30","13","0","2","0","0","0","0","0",100,100,"3.9","61","0","none","0","5126","0","0","0","0","0","0","0","0","0","10","0","0","15","0","0","15","0","0","30","4","0","30","1",3,100,5,3,"0.5","3","0","1.0","1.1","WWTP same agency","Ripon Industrial & Domestic TP","5B390105001",1,"No"," "," "," ",0,0,0,0,NA
"5S","5SSO10901","Active","02/23/2023","Municipal (Public)","156,929","9,459,386","1,253,000","9",28,"5","2","4","0","8","0","0","4","0","0","2","0","0",1,1,"58","41","23","17","15","21","3","21","1","0","0","0",100,100,"6","476","225","none","0","47449","1","0","0","0","0","0","11","0","0","6","0","0","29","3","0","28","3","11","17","7","7","8","4",7,100,17,25,"8","124","22","21","85","WWTP other agency","SACRAMENTO REGIONAL CSD","5SSO11045",1,"Yes","No","CALIFORNIA STATE UNIVERSITY COLLECTION SYSTEM","5SSO10882",1,62,2,6,NA
"5S","5SSO10901-C","Active","02/23/2023","Municipal (Public)","139,174","8,737,634","655,000","5",16,"2","1","4","0","8","0","0","4","0","0","2","0","0",1,1,"4","1","44","0","28","12","11","1","13","86","0","0",100,100,"8","350","148","none","0","31267","2","0","0","2","0","0","34","0","0","28","0","0","7","2","2","6","0","0","9","0","0","12","2",0,100,4,2,"48","208","32","14","89","WWTP other agency","SACRAMENTO REGIONAL COUNTY SANITATION DISTRICT","5SS011045",1,"Yes","Yes","CITY OF SACRAMENTO COLLECTION SYSTEM","5SSO10901",1,0,0,0,NA
"5S","5SSO10903","Active","09/27/2022","Municipal (Public)","61,032","2,437,609","3,780,180","3",6,"1","1","1","1","6","3","1","1","0","0","2","0","0",1,0,"13","28","63","0","14","72","8","0","1","0","1","0",100,100,"5","204","178","lower","89","17413","1","0","0","0","0","0","5","0","0","8","0","0","11","0","0","31","0","0","25","1","0","19","1",0,100,2,0,"10","151","77","3.887","6.041","WWTP same agency","Woodland WPCF","5a570105001",1,"No"," "," "," ",0,1,0,0,NA
"5S","5SSO10906","Historical","10/05/2020","Municipal (Public)","2,359","1,132,800","398,097","2",1,"1","1","0","0","0","0","0","0","0","0","0","0","0",0,0,"75","25","15","0","9","75","0","0","0","0","1","0",100,100,"4","17","4","lower","4","1680","0","0","0","0","0","0","0","0","0","0","0","0","0","0","0","94","2","9","5","0","0","1","0",1,100,2,10,"0","10","11",".235","2.1","WWTP same agency","clearlake oaks wwtp","5A170100002",1,"No"," "," "," ",0,0,4,0,NA
"5S","5SSO10907","Active","09/21/2022","Municipal (Public)","2,052","1,228,221","4,700,520","3",1,"1","0","0","0","0","0","0","0","0","0","0","0","0",0,0,"41","100","40","0","19","0","0","0","0","0","0","0",100,100,"1.7","8.6","5.7","none","1","750","0","0","0","0","0","0","20","0","0","30","0","0","20","0","0","20","0","0","7","0","2","3","1",1,100,1,3,"0.2","10.3","10.3",".275",".8","WWTP same agency","City of Colfax","5A310101001",1,"No"," "," "," ",0,0,0,0,NA
"5S","5SSO10908","Active","02/24/2023","Municipal (Public)","6,345","500,000","250,000","5",5,"1","1","0","0","0","0","0","0","0","0","0","0","0",0,0,"60","0","30","100","10","0","0","0","0","0","0","0",100,100,"2.0","28.5","11.5","none","0","1868","0","0","0","0","0","0","10","0","0","40","0","0","10","2","3","15","0","0","10","0","0","15","0",0,100,2,3,"0","8.0","0","320,000","700,000","WWTP same agency","Wastewater Treatment Plant","CA0078999",1,"No"," "," "," ",0,0,0,0,NA
"5S","5SSO10910","Active","01/18/2023","Municipal (Public)","4,650","493,500","250,000","3",2,"1","3","3","0","2","1","0","1","0","0","2","1","0",6,3,"90","75","9","15","1","10","0","0","0","0","0","0",100,100,"10","30","32.2","lower","12","1856","0","0","0","0","0","0","0","0","0","0","0","0","0","0","0","60","4","17","20","0","6","20","2",2,100,6,25,"2","1","1",".1627","1.","WWTP same agency","Copper Cove WWTP","WDR 5-00-136",1,"No"," "," "," ",0,0,4,0,NA
"5S","5SSO10912","Active","11/14/2022","Municipal (Public)","1,170,000","134,620,720","40,758,000","33",195,"35","18","29","5","26","0","3","26","1","1","22","2","2",0,0,"54","9","33","23","10","56","2","12","1","0","0","0",100,100,"86","3,110","3,094","lower","1,547","303541","1","0","0","0","0","0","0","0","0","0","0","0","14","3","0","35","19","3","25","28","10","25","35",8,100,85,21,"0","792","317","78","168","SSS same agency","Sacramento Regional CS","5SSO11045",3,"Yes","No","Livoti, Zone 55","5SSO11193",5,923,43,0,NA
"5S","5SSO10916","Active","03/21/2023","Municipal (Public)","1,465","381,343","0","0",3,"1","0","2","0","2","0","0","0","0","0","0","0","0",0,2,"100","100","0","0","0","0","0","0","0","0","0","0",100,100,"1.2","5.1","1.8","lower","1.8","373","0","0","0","0","0","0","0","0","0","0","0","0","0","0","0","90","0","0","10","0","4","0","0",0,100,0,4,"0.3","1.7","1.",".045","0.281","WWTP same agency","Amador Water Agency","5SSO10916",1,"No"," "," "," ",0,0,0,0,NA
"5S","5SSO10918","Historical","08/18/2022","Municipal (Public)","0","0","0","0",0,"0","0","0","0","0","0","0","0","0","0","0","0","0",0,0,"0","0","0","0","0","0","0","0","0","0","100","0",100,0,"0","0","0","none","0","0","100","0","0","0","0","0","0","0","0","0","0","0","0","0","0","0","0","0","0","0","0","0","0",0,100,0,0,"0","0","0",".01","0.01","WWTP same agency","Sheridan WWTP","N/A",1,"No"," "," "," ",0,0,0,0,NA
"5S","5SSO10920","Historical","11/04/2010"," ","280","0","0","0.",2,"1","1","0.","0.","1.","0","0.","0.","0.","0.","0.","0.","0.",NA,NA," "," "," "," "," "," "," "," "," "," "," "," ",NA,NA,"0.","0.6","0.","none"," ","0"," "," "," ","0"," "," ","0"," "," ","0"," "," ","0"," "," ","0"," "," ","0"," "," ","100"," ",NA,NA,NA,NA,"0.","0.1","0."," "," "," "," "," ",0," "," "," "," ",0,NA,NA,NA,NA
"5S","5SSO10921","Active","05/17/2023","Municipal (Public)","70,717","10,149,093","3,578,948","3",1,"2","1","1","0","1","0","1","1","0","2","0","0","1",4,2,"37%","62%","36%","8","17%","30%","4%","N/A","4%","N/A","2","N/A",100,100,"6.5","164","134","lower","111.5","16427","0","0","0","0","0","0","5","0","0","5","0","0","9","0","0","24","1","0","44","1","3","13","1",0,100,3,3,"0","21.1","2.5","4.2","6.0","WWTP same agency","City of Davis","5SSO10921",1,"No"," "," "," ",0,4,1,0,NA
"5S","5SSO10922","Historical","10/08/2014","Military","1,400","n/a","n/a","1",2,"1","0","0","1","0","0","0","0","0","0","0","0","0",0,0,"30","0","30","0","40","1","0","0","0","0","0","99",100,100,"0.1","8.6","8.7","upperLower","8.7","34","0","0","0","0","0","0","0","0","0","0","0","0","80","0","2","13","0","0","2","0","0","5","0",0,100,0,2,"0","2.2","2.2","27,000","28,000","WWTP same agency","Defence Distribution San Joaquin","5B39070100",1,"No"," "," "," ",0,0,0,0,NA
"5S","5SSO10923","Active","07/15/2022","Municipal (Public)","35,292","3,765,700","5,954,000","5",6,"10","1","0","2","10","0","0","1","0","0","2","0","1",0,0,"63","53","23","7","10","13","4","10","0","0","0","17",100,100,"34.5","171.3","81.4","lower","81.4","9886","17","0","0","0","0","0","0","0","0","0","0","0","0","0","0","36","4","6","29","2","10","18","0",8,100,6,24,"80","56","35","2.04","7.09","WWTP same agency","DCWWTP","5B090102001",1,"No"," "," "," ",0,0,0,1,NA
"5S","5SSO10924","Historical","","","","","","",NA,"","","","","","","","","","","","","",NA,NA,"","","","","","","","","","","","",NA,NA,"","","","","","","","","","","","","","","","","","","","","","","","","","","","","",NA,NA,NA,NA,"","","","","","","","",0,"","","","",0,NA,NA,NA,NA
"5S","5SSO10926","Active","08/08/2022","Prison","10","0","288,329","0",0,"0","0","0","0","0","0","0","0","0","0","0","0","0",0,0,"20","0","20","0","40","0","20","0","0","0","0","0",100,0,"0.5","2.5","0.8","upperLower","0.8","1700","0","0","0","0","0","0","0","0","0","0","0","0","80","0","0","10","0","0","10","0","0","0","0",0,100,0,0,"0.5","0.5","0.2",".45",".55","WWTP same agency","Deuel Vocational Institution","CA0078093",1,"No"," "," "," ",0,0,0,0,NA
"5S","5SSO10928","Historical","02/01/2017","Municipal (Public)","864","30,000","10,000","0",4,"1","1","0","0","0","0","0","0","0","0","0","0","0",0,0,"25","0","25","0","50","0","0","0","0","0","0","0",100,0,"0.8","21.6","13.5","none","21.6","715","0","0","0","0","0","0","0","0","0","0","0","0","0","0","0","0","0","0","0","0","0","100","0",0,100,0,0,"1.5","10","0","35,000","35,000","SSS other agency","City of Patterson","5S50I019968",1,"No"," "," "," ",0,0,2,2,NA
"5S","5SSO10929","Active","12/12/2022","Municipal (Public)","16,790","3,000,000","3,000,000","5",3,"1","1","1","1","0","0","0","0","0","0","0","0","0",7,4,"0","0","80","0","20","100","0","0","0","0","0","0",100,100,"4","48","31","none","0","6157","0","0","0","0","0","0","0","0","0","0","0","0","0","0","0","5","2","3","50","2","3","45","4",1,100,8,7,"5","4","0","1.4","1.24","WWTP same agency","Discovery Bay  Wastewater Plant","5B070105003",1,"No"," "," "," ",0,0,0,0,NA
"5S","5SSO10930","Historical","11/04/2010"," ","302","0","0","0",2,"1","1","0","0","1","0","0","0","0","0","0","0","0",NA,NA," "," "," "," "," "," "," "," "," "," "," "," ",NA,NA,"0","0.7","0.","none"," ","0"," "," "," ","0"," "," ","0"," "," ","0"," "," ","75"," "," ","0"," "," ","25"," "," ","0"," ",NA,NA,NA,NA,"0","0.1","0"," "," "," "," "," ",0," "," "," "," ",0,NA,NA,NA,NA
"5S","5SSO10931","Active","02/13/2023","Municipal (Public)","19,880","639,754","392,500","1",2,"0","1","2","2","1","0","0","0","0","0","0","0","0",1,1,"12","0","61","0","15","0","9","0","3","0","0","0",100,0,"0","84","74.5","none","0","6189","0","0","0","0","0","0","10","0","0","18","0","0","19","0","0","19","0","0","14","1","0","20","0",0,100,1,0,"5","11","15.5","1.142","1.513","WWTP same agency","City of Dixon","5SSO10931",1,"No"," "," "," ",0,0,0,0,NA
"5S","5SSO10932","Historical","08/29/2007"," ","100","99,000","0","0",0,"0","0","0"," ","0"," "," ","0"," "," ","0"," "," ",NA,NA," "," "," "," "," "," "," "," "," "," "," "," ",NA,NA,"2.3","8.0","2.8","upperLower","2.8","98"," "," "," ","0"," "," ","0"," "," ","0"," "," ","50"," "," ","49"," "," ","1"," "," ","0"," ",NA,NA,NA,NA,"0","1","0"," "," "," "," "," ",0," "," "," "," ",0,NA,NA,NA,NA
"5S","5SSO10933","Active","03/13/2023","Municipal (Public)","98","225,000","40,000","1",4,"2","1","0","0","0","0","0","0","0","0","0","0","0",0,0,"10","100","80","0","5","0","5","0","0","0","0","0",100,100,"2","13.5","10","none","0","245","0","0","0","0","0","0","0","0","0","0","0","0","5","0","0","63","0","0","20","0","6","12","0",0,100,0,6,"2","2.0","1.0",".13",".58","WWTP same agency","Donner Summit","CA0081621",1,"Yes","No","Serene Lakes","CA0081624",1,3,1,0,NA
"5S","5SSO10934","Active","01/18/2023","Municipal (Public)","635","77,910","250,000","3",2,"1","3","3","0","2","1","0","1","0","0","2","1","0",6,3,"100","100","0","0","0","0","0","0","0","0","0","0",100,100,"3.0","11.4","4.8","lower","1.1","255","0","0","0","0","0","0","0","0","0","0","0","0","0","0","0","0","0","0","100","0","1","0","0",0,100,0,1,"1.3","0.5","0.5",".0351",".1914","WWTP same agency","Douglas Flat/Vallecito WWTP","WDR 92-018",1,"No"," "," "," ",0,1,1,2,NA
"5S","5SSO10935","Active","01/19/2023","Municipal (Public)","151,901","1,800,560","2,250,000","10",18,"5","4","9","0","5","0","0","4","0","0","5","0","0",30,14,"59","11","20","48","12","41","7","0","2","0","0","0",100,100,"7.55","589.55","288.18","lower","288.18","53720","0","0","0","0","0","0","0","0","0","1","0","0","1","0","0","10","0","0","39","0","6","49","0",11,100,0,17,"8","283.48","49.13","17.5","43","WWTP same agency","Dry Creek","5A310106001",3,"Yes","No","SPMUD","5SSO11054",3,22,1,22,NA
"5S","5SSO10937","Historical","02/24/2014","Airport","46","23,578","0","2",1,"1","1","0","0","2","0","0","0","0","0","0","0","0",0,2,"0","100","0","0","0","0","0","0","0","0","0","0",100,100,"1.","0","0.1","lower","0.1","14","0","0","0","0","0","0","0","0","0","0","0","0","0","0","0","0","0","0","90","0","0","10","0",0,100,0,0,"0.3","0.3","0",".001",".002","SSS same agency","Amador Water Agency","5SSO10937",1,"No"," "," "," ",0,0,0,0,NA
"5S","5SSO10938","Active","10/30/2022","Municipal (Public)","103,078","2,834,679","12,950,000","3.3",31.1,"3.8","1.73","4","2","10","0","2","4","1","1","0","0","0",0,0,"16","2","60","6","15","92","8","0","1","0","0","0",100,100,"2","280","474","lower","237","41686","3","0","0","0","0","0","0","0","0","1","0","0","6","0","0","34","1","0","38","3","0","18","3",0,100,7,0,"8.7","118","48","6.96","8.49","WWTP same agency","Easterly CS","5SSO10938",1,"Yes","No","California State Prison, Solano CS","5SSO11184",2,42,6,13,NA
"5S","5SSO10939","Historical","08/29/2008"," ","106","300,000","300,000","0",47,"5","3","0"," ","2"," "," ","0"," "," ","0"," "," ",NA,NA," "," "," "," "," "," "," "," "," "," "," "," ",NA,NA,"0","0.4","0.3","upperLower","0.3","22"," "," "," ","0"," "," ","0"," "," ","0"," "," ","0"," "," ","10"," "," ","80"," "," ","10"," ",NA,NA,NA,NA,"0","0.4","0.4"," "," "," "," "," ",0," "," "," "," ",0,NA,NA,NA,NA
"5F","5SSO10940","Active","01/25/2023","Municipal (Public)","9,300","1,119,067","60,000","1",3,"1","1","2","0","0","0","0","0","0","0","0","0","0",1,0,"45","0","40","0","10","0","5","0","0","0","0","0",100,0,"0","30","22","none","0","2800","0","0","0","0","0","0","0","0","0","10","0","0","40","0","0","30","0","1","15","0","0","5","0",0,100,0,1,"0","16.10","4.7","0.509",".509","WWTP same agency","City of Taft","5SSO10940",1,"Yes","No","Kern Sanitation Authority","5SSO10730",1,5,0,0,NA
"5S","5SSO10941","Active","07/15/2022","Municipal (Public)","34,935","3,765,700","5,954,000","5",6,"10","1","0","2","10","0","0","1","0","0","2","0","1",0,0,"67","36","20","10","10","31","2","0","0","0","1","23",100,100,"19.4","230.4","105","lower","105","14211","18","0","0","0","0","0","0","0","0","0","0","0","0","0","0","9","1","3","29","7","14","44","6",2,100,14,19,"10","56","35","1.85","6.8","WWTP same agency","EDHWWTP","5B090102005",1,"No"," "," "," ",0,0,0,0,NA
"5S","5SSO10942","Historical","03/25/2015","Other","3,600","535,000","0","3",0,"0","1","0","0","0","0","0","0","0","0","0","0","0",0,0,"75","00","25","0","0","0","0","0","0","0","0","0",100,0,"0","15","15","none","0","1488","0","0","0","0","0","0","0","0","0","0","0","0","80","0","0","20","0","0","0","0","0","0","0",0,100,0,0,"0","15","n/a","20.200","35.982","WWTP other agency","City of Modesto","n/a",1,"No"," "," "," ",0,0,0,0,NA
"5S","5SSO10944","Active","02/08/2023","Municipal (Public)","7,475","2,031,246","70,800","1",7,"2","1","3","0","1","0","0","0","0","0","0","0","0",0,0,"36","0","43","0","21","0","0","0","0","0","0","0",100,0,"0.1","28.4","0","none","0","2443","0","0","0","0","0","0","0","0","0","0","0","0","25","0","0","25","5","0","25","0","0","25","0",0,100,5,0,"1.4","19.5","19","0.52","0.53","WWTP same agency","City of Escalon","na",1,"No"," "," "," ",0,0,0,0,NA
"5S","5SSO10945","Active","08/02/2022","Municipal (Public)","3,664","776,733","552,000","1",2,"1","1","0","0","0","0","0","0","0","0","0","0","0",0,0,"40","0","40","0","20","0","0","0","0","0","0","0",100,0,"0","8.8","8.5","lower","1.5","900","0","0","0","0","0","0","0","0","0","0","0","0","0","0","0","50","0","0","20","0","0","30","0",0,100,0,0,"1","10","5",".190",".250","WWTP same agency","Esparto CSD","na",4,"No"," "," "," ",0,0,0,3,NA
"5S","5SSO10946","Historical","","","","","","",NA,"","","","","","","","","","","","","",NA,NA,"","","","","","","","","","","","",NA,NA,"","","","","","","","","","","","","","","","","","","","","","","","","","","","","",NA,NA,NA,NA,"","","","","","","","",0,"","","","",0,NA,NA,NA,NA
"5S","5SSO10949","Active","01/18/2023","Municipal (Public)","1,350","168,840","250,000","3",2,"1","3","3","0","2","1","0","1","0","0","2","1","0",6,3,"95","65","5","25","0","10","0","0","0","0","0","0",100,100,"0.6","13","11.4","lower","5.5","640","0","0","0","0","0","0","0","0","0","0","0","0","0","0","0","80","0","3","15","0","0","5","0",0,100,100,3,"1","1","1",".0475",".310","WWTP same agency","Forest Meadows WWTP","WDR 5-00-066",1,"No"," "," "," ",0,0,0,0,NA
"5S","5SSO10951","Active","11/16/2022","Municipal (Public)","26,000","4,136,495","250,000","6",1,"1","1","2","1","3","0","1","1","0","0","0","0","0",0,0,"30","13","53","4","14","43","3","40","0","0","0","0",100,100,"6.15","84.25","43.9","none","0","7500","0","0","0","0","0","0","0","0","0","0","0","0","0","0","0","25","4","1","64","2","0","11","3",0,100,9,1,"0","14.6","3.23","1.8","4.36","WWTP same agency","City of Galt Wastewater Treatment Plant and Reclam","5B340101001",1,"No"," "," "," ",0,0,0,0,NA
"5S","5SSO10952","Active","03/21/2023","Municipal (Public)","197","99,387","0","0",3,"1","0","2","0","2","0","0","0","0","0","0","0","0",0,2,"100","100","0","0","0","0","0","0","0","0","0","0",100,100,"0.2","1.3","0.3","lower","0.3","57","0","0","0","0","0","0","0","0","0","0","0","0","0","0","0","0","0","0","100","0","1","0","0",0,100,0,1,"0.3","0.3","0",".005",".013","WWTP same agency","Amador Water Agency","5SSO10952",1,"No"," "," "," ",0,0,0,0,NA
"5S","5SSO10953","Active","01/11/2023","Park (w/Campground)","2,500","125,000","150,000","0",1,"1","1","0","0","0","0","0","0","0","0","0","0","0",1,1,"100","100","0","0","0","0","0","0","0","0","0","0",100,100,"2","0.5","0.5","upperLower","0.5","0","0","0","0","0","0","0","0","0","0","0","0","0","0","0","0","0","0","0","30","0","0","70","0",0,100,0,0,"0","0.1","0.1","1,000","1,000","WWTP same agency","Glory hole","5ss010953",1,"No"," "," "," ",0,0,0,0,NA
"5S","5SSO10954","Active","08/12/2022","Municipal (Public)","120","3,765,000","594,000","2",10,"4","1","2","2","10","0","0","1","0","0","2","0","1",0,0,"0","0","0","0","0","0","0","0","0","0","100","0",100,0,"0","0.9","0","lower","0","46","0","0","0","0","0","0","0","0","0","0","0","0","0","0","0","50","0","0","50","0","0","0","0",0,100,0,0,"0.1","81","11",".01",".01","WWTP same agency","GRF","5A090102008",1,"No"," "," "," ",0,0,0,0,NA
"5S","5SSO10958","Active","03/06/2023","Municipal (Public)","12,500","1,325,000","1,310,000","3",2,"0","1","0","0","0","0","0","0","0","0","0","0","0",0,0,"74","100","13","0","11","0","2","0","0","0","0","0",100,100,"2.7","61.5","100","none","0","4345","0","0","0","20","0","0","4","0","0","4","0","0","4","0","0","25","0","0","37","0","3","6","3",1,100,3,4,"0","23","1","1.06","6.5","WWTP same agency","City of Grass Valley Wastewater Treatment Plant","5A290100001",1,"No"," "," "," ",0,37,4,0,NA
"5S","5SSO10959","Historical","12/21/2022","Municipal (Public)","1,077","108,550","0","0",2,"1","1","1","0","1","0","0","2","0","0","0","0","0",2,2,"5","100","95","0","0","0","0","0","0","0","0","0",100,100,"0.6","2.6","1.1","none","0","241","0","0","0","0","0","0","0","0","0","0","0","0","0","0","0","83","0","0","17","0","0","0","1",0,100,1,0,"0.1","0","0",".072","1.1","WWTP same agency","Grayson Treatment Facility","93-088",1,"No"," "," "," ",0,0,0,0,NA
"5F","5SSO10961","Active","06/22/2023","Municipal (Public)","1,828","2,475,767","2,903,353","1",6,"1","1","4","1","0","0","1","2","0","1","0","0","0",0,0,"50","75","25","10","25","15","0","0","0","0","0","0",100,100,"7","35","0","none","0","1564","0","0","0","0","0","0","0","0","0","0","0","0","0","0","0","98","1","15","1","0","0","1","0",0,100,1,15,"10","3.5","3",".119",".310","WWTP same agency","GCSD","5SSO10961",1,"No"," "," "," ",0,6,1,0,NA
"5S","5SSO10963","Historical","07/09/2020","Municipal (Public)","2,000","370,000","74,730","1",2,"2","1","0","0","0","0","0","0","0","0","0","0","0",0,0,"45","0","40","0","15","0","0","0","0","0","0","0",100,0,"0.1","5.5","11","lower","0","667","0","0","0","0","0","0","0","0","0","0","0","0","0","0","0","90","1","0","1","0","0","9","0",0,100,1,0,"0","5.5","0.5",".13",".5","WWTP same agency","Hamilton City Community Services District","5SSO10963",1,"No"," "," "," ",0,0,0,1,NA
"5S","5SSO10964","Active","04/30/2019","Municipal (Public)","240","24,000","0","1",8,"1","1","0","0","0","0","0","0","0","3","0","0","1",0,0,"44","100","56","0","0","0","0","0","0","0","0","0",100,100,"0.5","0.8","0.5","none","0","84","0","0","0","0","0","0","0","0","0","0","0","0","0","0","0","0","0","0","100","0","1","0","0",0,100,0,1,"0","0","0","0.0102","0.029","WWTP same agency","Hammonton Gold Village WWTP","5A581007001",1,"No"," "," "," ",0,0,0,0,NA
"5S","5SSO10965","Active","01/30/2023","Municipal (Public)","10,681","693,848","500,000","2",10,"1","1","2","1","2","0","1","1","0","0","0","0","0",0,0,"72","100","13","0","10","0","5","0","0","0","0","0",100,100,"0.25","48.57","40","none","0","3348","0","0","0","0","0","0","5","0","0","5","0","0","25","0","0","40","0","2","15","0","0","10","0",2,100,0,4,"5","5","5","2.3","5.7","WWTP same agency","Hangtown Creek Water Reclamation Facility","CA0078956",1,"No"," "," "," ",0,45,0,2,NA
"5S","5SSO10966","Historical","","","","","","",NA,"","","","","","","","","","","","","",NA,NA,"","","","","","","","","","","","",NA,NA,"","","","","","","","","","","","","","","","","","","","","","","","","","","","","",NA,NA,NA,NA,"","","","","","","","",0,"","","","",0,NA,NA,NA,NA
"5S","5SSO10967","Active","04/17/2023","Municipal (Public)","6,235","1,932,541","532,500","2",4,"1","1","0","0","1","0","0","2","0","0","0","0","0",0,0,"40","70","0","15","60","15","0","0","0","0","0","0",100,100,"1.5","15.6","15","lower","7.1","1497","0","0","0","0","0","0","0","0","0","0","0","0","0","0","0","15","0","0","85","2","4","0","0",2,100,2,6,"1","1","1",".173",".864","WWTP same agency","Hidden Valley Lake CSD","5SSO10967",1,"No"," "," "," ",0,1,1,0,NA
"5S","5SSO10968","Active","09/13/2022","Municipal (Public)","7,800","3,500,000","0","0",3,"0","2","0","0","0","0","0","0","0","0","0","0","0",0,0,"26","0","43","16","21","0","10","84","0","0","0","0",100,100,"2","23","3.5","none","0","2080","0","0","0","0","0","0","19","0","0","0","0","0","4","0","0","7","0","0","24","0","0","46","1",0,100,1,0,"1","15","2",".6","1.1","WWTP same agency","City of Hughson","5C500101002",1,"No"," "," "," ",0,0,0,0,NA
"5S","5SSO10969","Active","01/18/2023","Municipal (Public)","100","12,600","250,000","3",2,"1","3","3","0","2","1","0","1","0","0","2","1","0",6,3,"0","100","0","0","0","0","0","0","0","0","0","0",100,100,"1.9","0","0.4","lower","0.1","43","0","0","0","0","0","0","0","0","0","0","0","0","0","0","0","0","0","0","100","0","0","0","0",0,100,0,0,"0.5","0","0",".0034",".08","WWTP same agency","Indian Rock WWTP","WDR 90-259",1,"No"," "," "," ",0,0,1,0,NA
"5S","5SSO10970","Active","04/05/2023","Municipal (Public)","47,070","3,753,527","1,000,000","2",6,"1","1","1","0","4","0","0","2","0","0","2","0","0",0,0,"4","41","84","26","10","33","2","0","0","0","0","0",100,100,"18.3","132","80","none","0","15949","0","0","0","0","0","0","0","0","0","0","0","0","9","0","0","10","2","13","65","2","6","16","2",6,100,6,25,"0","18.6","19","2.4","3.75","WWTP same agency","Water Recycling Facility","5SS010970",1,"No"," "," "," ",0,0,2,1,NA
"5S","5SSO10971","Active","05/23/2023","Municipal (Public)","945","260,000","160,000","1",1,"1","1","0","0","0","0","0","0","0","0","0","0","0",0,0,"15","0","60","0","25","0","0","0","0","0","0","0",100,0,"0","2.8","3.9","lower","2.3","410","0","0","0","0","0","0","0","0","0","15","0","0","15","0","0","40","0","0","0","0","0","30","0",0,100,0,0,"0","0","0","0.074","0.178","WWTP same agency","City of Isleton","5B340103001",1,"No","No"," "," ",1,0,0,0,NA
"5S","5SSO10974","Active","09/28/2022","Municipal (Public)","2,089","933,576","2,550,449","2",5,"1","4","0","0","0","0","0","0","0","0","0","0","0",0,0,"61","85","35","10","0","0","0","0","0","0","4","5",100,100,"12.14","12.44","7","lower","4","935","0","0","0","0","0","0","0","0","0","0","0","0","0","0","0","78","1","5","18","0","0","4","0",0,100,1,5,"0","12.3","3.4",".180",".362","WWTP same agency","Kelseyville Watsewater Plant","5SSO10974",1,"No"," "," "," ",0,5,4,0,NA
"5S","5SSO10975","Active","01/04/2023","Municipal (Public)","5,000","115,000","40,000","1",1,"1","1","1","0","0","0","0","0","0","0","0","0","0",1,0,"40","100","60","00","0","0","0","0","0","0","0","0",100,100,"1","8","2","none","0","711","0","0","0","0","0","0","0","0","0","0","0","0","0","0","0","30","0","0","35","1","0","35","0",1,100,1,1,"0","4","4",".035",".19","WWTP same agency","KMPUD",NA,1,"No"," "," "," ",0,0,2,0,NA
"5S","5SSO10976","Active","11/06/2018","Municipal (Public)","1,300","7,500","0","0",1,"0","0","0","0","1","0","0","0","0","0","0","0","0",0,0,"39","0","50","0","11","0","0","0","0","0","0","0",100,0,"0","4.7","1.2","none","0","306","0","0","0","0","0","0","0","0","0","0","0","0","0","0","0","90","1","0","0","0","0","10","0",0,100,1,0,"0","0","0",".0830",".109","SSS same agency","Knights Landing Service District","unknown",1,"No"," "," "," ",0,0,0,0,NA
"5S","5SSO10978","Active","01/18/2023","Municipal (Public)","2,550","259,875","250,000","3",2,"1","3","3","0","2","1","0","1","0","0","2","1","0",6,3,"90","1","8","0","2","99","0","0","0","0","0","0",100,100,"2.1","17.8","21","lower","4.4","1093","0","0","0","0","0","0","0","0","0","0","0","0","0","0","0","50","0","0","35","0","1","15","1",2,100,1,3,"4","0","0",".147","1.58","WWTP same agency","La Contenta WWTP","WDR 95-177",1,"No"," ","La Contenta WWTP"," ",0,3,1,0,NA
"5S","5SSO10980","Historical","","","","","","",NA,"","","","","","","","","","","","","",NA,NA,"","","","","","","","","","","","",NA,NA,"","","","","","","","","","","","","","","","","","","","","","","","","","","","","",NA,NA,NA,NA,"","","","","","","","",0,"","","","",0,NA,NA,NA,NA
"5S","5SSO10981","Active","05/23/2023","Municipal (Public)","500","300,000","1,600,000","0",0,"0","0","0","0","0","0","0","0","0","0","0","0","0",0,0,"70","100","20","0","10","0","0","0","0","0","0","0",100,100,"1.5","7.0","2.5","lower","1.2","337","0","0","0","0","0","0","0","0","0","0","0","0","0","0","0","95","1","3","0","0","0","5","0",1,100,1,4,"2.8","0.1","0","0.020","0.290","SSS same agency","Lake Berryessa Resort Improvement District","5SSO10981",1,"No"," "," "," ",0,0,0,0,NA
"5S","5SSO10982","Active","09/28/2022","Municipal (Public)","490","175,229","0","2",5,"1","4","0","0","0","0","0","0","0","0","0","0","0",0,0,"64","100","10","0","0","0","0","0","0","0","26","0",100,100,"2.45","3.73","1.4","lower","0.7","200","0","0","0","0","0","0","0","0","0","0","0","0","0","0","0","0","0","0","90","1","4","10","0",0,100,1,4,"0","1","0",".03",".06","WWTP other agency","City of Lakeport","5SSO10982",1,"No"," "," "," ",0,2,4,0,NA
"5S","5SSO10983","Active","09/20/2022","Municipal (Public)","4,790","360,000","63,000","3",2,"2","1","0","0","2","0","0","0","0","0","0","0","0",0,0,"98","100","1","0","1","0","0","0","0","0","0","0",100,100,"2","26","29","lower","11","1925","0","0","0","0","0","0","0","0","0","0","0","0","0","0","0","80","12","0","20","0","0","0","0",0,100,12,0,"1","34","5",".317",".863","WWTP same agency","Lake of the Pines Treatment Plant","5sso10983",4,"No"," "," "," ",0,4,0,0,NA
"5S","5SSO10984","Active","05/22/2023","Municipal (Public)","7,080","780,000","30,000","3",2,"2","1","0","0","2","0","0","0","0","0","0","0","0",0,0,"98","100","1","0","1","0","0","0","0","0","0","0",100,100,"2","41","43","lower","16","2915","0","0","0","0","0","0","0","0","0","0","0","0","0","0","0","90","14","0","10","0","0","0","0",0,100,14,0,"3","43","5",".313","1.041","WWTP same agency","LWWTP","5sso10984",4,"No"," "," "," ",0,5,2,0,NA
"5S","5SSO10985","Active","06/02/2023","Municipal (Public)","26,627","2,115,446","0","1.2",3.6,"0.6","0.6","1.2","0","0.6","0","0","0","0","0","0","0","0",0,0,"5","14","65","16","23","70","7","0","0","0","0","0",100,100,"13","82","65.2","lower","32.6","5736","10","0","0","0","0","0","0","0","0","0","0","0","0","0","0","0","0","0","5","1","0","85","6",0,100,7,0,"0","3.3","0","1.1","2.3","WWTP same agency","LCTF","R5-2016-0028-01",1,"No"," "," "," ",0,0,1,0,NA
"5S","5SSO10986","Historical","09/22/2011"," ","150","36,000","36,000","0",0,"0","1","0","0","0","0","0","0","0","0","0","0","0",NA,NA," "," "," "," "," "," "," "," "," "," "," "," ",NA,NA,"0","1.1","0.4","upperLower","0.4","60"," "," "," ","0"," "," ","0"," "," ","0"," "," ","0"," "," ","95"," "," ","2"," "," ","3"," ",NA,NA,NA,NA,"0","0.5","0.5"," "," "," "," "," ",0," "," "," "," ",0,NA,NA,NA,NA
"5S","5SSO10987","Active","05/15/2023","Municipal (Public)","50,649","8,933,822","1,105,000","0",6,"1","1","1","0","5","0","0","1","0","0","0","0","0",0,0,"39","13","42","0","13","14","3","0","3","73","0","0",100,100,"17.72","222.15","165","lower","78","25151","0","0","0","0","0","0","2","0","0","3","0","0","0","0","0","2","0","0","19","1","3","74","2",3,100,3,6,"1","42","6","3","5","WWTP same agency","Lincoln Wastewater Treatment Reclaimation Facility","R5-2014-0007",1,"No","No"," "," ",1,32,2,0,NA
"5S","5SSO10988","Active","02/28/2023","Municipal (Public)","18,500","621,000","2,274,100","2",4,"3","2","1","0","1","0","0","2","0","0","0","0","0",2,1,"30","20","25","20","20","60","25","0","0","0","0","0",100,100,"0.5","51","15","none","0","5150","0","0","0","0","0","0","0","0","0","0","0","0","0","0","0","60","3","2","0","1","0","40","2",2,100,6,4,"0","10.0","1.0","1.25","6.5","WWTP same agency","Linda County Water District","N/A",1,"Yes","No","City of Marysville","5A580101001",1,0,0,0,NA
"5S","5SSO10989","Active","01/11/2023","Municipal (Public)","1,450","305,222","50,000","1",2,"1","1","0","2","0","0","0","0","0","0","0","0","0",1,1,"22","50","51","50","27","0","0","0","0","0","0","0",100,100,"3","11","2","none","0","564","0","0","0","0","0","0","0","0","0","0","0","0","40","0","0","10","0","0","30","0","0","20","1",0,100,1,0,"0","1.0","1.0",".92",".155","WWTP same agency","LCWD WWTP","5SSO10989",1,"No"," "," "," ",0,0,0,0,NA
"5S","5SSO10990","Historical","","","","","","",NA,"","","","","","","","","","","","","",NA,NA,"","","","","","","","","","","","",NA,NA,"","","","","","","","","","","","","","","","","","","","","","","","","","","","","",NA,NA,NA,NA,"","","","","","","","",0,"","","","",0,NA,NA,NA,NA
"5S","5SSO10991","Active","04/14/2023","Municipal (Public)","2,300","463,000","80,000","0",4,"1","1","0","0","0","0","0","0","0","0","0","0","0",0,0,"50","65","50","35","0","0","0","0","0","0","0","0",100,100,"2.2","12","20","lower","12","1200","0","0","0","0","0","0","0","0","0","0","0","0","0","0","0","35","2","1","60","0","1","5","0",0,100,2,2,"0.5","9","0.5",".178",".200","WWTP same agency","Lockeford community Services District","na",1,"No"," "," "," ",0,0,1,0,NA
"5S","5SSO10993","Active","12/22/2022","Municipal (Public)","85,878","1,904,000","19,500,000","3",4,"2","1","3","0","5","0","0","0","0","0","1","0","0",0,0,"48","29","20","0","13","71","6","0","1","0","12","0",100,100,"8","300","144","lower","72","20000","0","0","0","0","0","0","0","0","0","5","1","0","25","1","0","45","0","0","15","7","1","10","6",0,100,15,1,"1","16.07","13.39","7.4","12.0","WWTP same agency","City of Manteca Water Quality CP","5SSO10993",1,"Yes","No","City of Lathrop","5SSO10897",2,0,0,2,NA
"5S","5SSO10994","Active","05/11/2023","Municipal (Public)","12,250","3,583,638","419,277","1",1,"2","1","0","0","0","0","0","0","0","0","0","0","0",0,0,"10","0","62","0","28","100","0","0","0","0","0","0",100,100,"4.2","37","0","none","0","5250","0","0","0","0","0","0","3","0","0","18","0","0","18","2","0","40","1","0","10","2","0","11","0",1,100,5,1,"2","10","2","1.0","2.3","WWTP other agency","Linda County Water Agency WWTP","5SSO10994",1,"No"," "," "," ",0,0,1,0,NA
"5S","5SSO10995","Historical","09/20/2022","Municipal (Public)","1,300","368,195","66,483","1",2,"1","1","0","0","0","0","0","0","0","0","1","0","0",0,2,"80","0","20","0","0","0","0","0","0","0","0","0",100,0,"0","4.3","4.3","upperLower","4.3","400","0","0","0","0","0","0","0","0","0","75","0","0","0","0","0","15","0","0","5","0","0","5","0",0,100,0,0,"0","0.5","1",".1211",".1344","WWTP same agency","Maxwell PUD WWTP","None",1,"No"," "," "," ",0,0,0,0,NA
"5S","5SSO10997","Active","09/28/2022","Municipal (Public)","1,117","351,459","4,751,250","2",5,"1","4","0","0","0","0","0","0","0","0","0","0","0",0,0,"98","100","2","0","0","0","0","0","0","0","0","0",100,100,"8.58","13.39","12","lower","5.6","621","0","0","0","0","0","0","0","0","0","0","0","0","0","0","0","0","0","0","95","1","2","5","0",0,100,1,2,"0","9.3","4.6",".124",".343","WWTP same agency","Middletown Treatment Plant","5SSO10997",1,"No"," "," "," ",0,0,7,0,NA
"5S","5SSO10998","Historical","","","","","","",NA,"","","","","","","","","","","","","",NA,NA,"","","","","","","","","","","","",NA,NA,"","","","","","","","","","","","","","","","","","","","","","","","","","","","","",NA,NA,NA,NA,"","","","","","","","",0,"","","","",0,NA,NA,NA,NA
"5S","5SSO10999","Historical","02/23/2016","Municipal (Public)","440","50,000","12,000","1",11,"2","1","0","1","0","2","0","1","0","0","3","2","0",4,3,"0","100","0","0","0","0","0","0","0","0","0","0",100,100,"2.4","0","3.7","lower","0.9","195","0","0","0","0","0","0","0","0","0","0","0","0","0","0","0","0","0","0","80","0","1","20","0",0,100,0,1,"0.5","0","0",".0122",".025","WWTP same agency","Arnold WWTP","WDR 97-073",1,"No"," "," "," ",0,0,0,0,NA
"5S","5SSO11001","Active","01/31/2023","Municipal (Public)","218,771","7,305,124","47,032,000","8",33,"3","1","7","1","17","2","19","4","0","0","3","0","4",4,4,"59","16","18","5","12","34","6","4","5","41","0","0",100,100,"7.4","648","0","none","0","59903","0","0","0","5","0","0","5","0","0","15","0","0","15","1","0","15","0","0","20","14","13","25","8",4,100,23,17,"3","402","59","18","75","WWTP same agency","Modesto WWTP","0079103",1,"Yes","No","Ceres CS","5SSO10721",1,0,1,7,NA
"5S","5SSO11002","Active","02/22/2023","Municipal (Public)","800","0","0","1",2,"2","1","1","1","0","0","0","0","0","0","1","0","0",2,2,"20","20","75","80","0","0","0","0","0","0","5","0",100,100,"0.6","3.6","0","none","0","357","0","0","0","0","0","0","0","0","0","0","0","0","10","0","0","0","0","1","5","0","1","85","0",0,100,0,2,"0.1","0.1","2","0.025","0.150","WWTP same agency","Mokelumne Hill WWTP","5B050101001",1,"No"," "," "," ",0,0,0,0,NA
"5S","5SSO11003","Active","02/22/2023","Municipal (Public)","23,000","150,000","100,000","0",3,"1","1","0","0","0","0","0","0","0","0","1","0","0",1,1,"4","0","90","0","4","0","1","0","0","0","1","0",100,0,"0","55.1","12","none","0","5600","0","0","0","0","0","0","0","0","0","0","0","0","0","0","0","0","0","0","0","0","0","100","0",0,100,0,0,"0","18.5","0","1.40","1.8","WWTP same agency","Mt House WWTP","5SSO11003",1,"No"," "," "," ",0,0,0,0,NA
"5S","5SSO11004","Historical","10/31/2007","Municipal","5,000","10,000","10,000","0",1,"0","1","0"," ","0"," "," ","0"," "," ","0"," "," ",NA,NA," "," "," "," "," "," "," "," "," "," "," "," ",NA,NA,"0","15","12","none"," ","2500"," "," "," ","0"," "," ","0"," "," ","0"," "," ","0"," "," ","0"," "," ","0"," "," ","100"," ",NA,NA,NA,NA,"0","5","0"," "," "," "," "," ",0," "," "," "," ",0,NA,NA,NA,NA
"5S","5SSO11005","Active","07/03/2023","Prison","5,000","100,000","100,000","0",8,"3","2","0","0","0","0","0","0","0","0","0","0","0",0,0,"50","50","0","0","50","50","0","0","0","0","0","0",100,100,"1","3","5","upperLower","5","200","0","0","0","0","0","0","0","0","0","0","0","0","0","0","0","0","0","0","99","1","2","1","0",1,100,1,3,"0","1","1",".5",".7","WWTP same agency","Mule Creek, WWTP","5SSO11005",4,"Yes","Yes","preston","5SSO11005",1,1,1,0,NA
"5S","5SSO11006","Historical","","","","","","",NA,"","","","","","","","","","","","","",NA,NA,"","","","","","","","","","","","",NA,NA,"","","","","","","","","","","","","","","","","","","","","","","","","","","","","",NA,NA,NA,NA,"","","","","","","","",0,"","","","",0,NA,NA,NA,NA
"5S","5SSO11007","Active","12/07/2022","Municipal (Public)","2,213","753,313","648,837","1",2,"1","1","1","0","0","0","0","0","0","0","0","0","0",1,1,"55","50","35","50","10","0","0","0","0","0","0","0",100,100,"2","11.9","5","none","0","800","0","0","0","0","0","0","0","0","0","0","0","0","0","0","0","60","0","0","30","0","0","10","0",0,100,0,0,"0","14","13","125",".9","SSS same agency","MSD","5SSO11007",1,"No"," "," "," ",0,7,2,0,NA
"5S","5SSO11008","Active","05/23/2023","Municipal (Public)","675","500,000","0","0",0,"0","0","0","0","0","0","0","0","0","0","0","0","0",0,0,"60","100","35","0","5","0","0","0","0","0","0","0",100,100,"1.5","5.1","4.7","lower","1.8","561","0","0","0","0","0","0","0","0","0","0","0","0","0","0","0","100","1","3","0","0","0","0","0",0,100,1,3,"0.9","0","0","0.027","0.210","SSS same agency","Napa Berryessa Resort IMP Dist","5SSO11008",1,"No"," "," "," ",0,0,1,0,NA
"5S","5SSO11011","Active","08/12/2022","Municipal (Public)","3,068","267,815","220,000","1",5,"1","3","0","1","1","0","0","0","0","0","0","0","0",0,0,"52","0","26","0","22","0","0","0","0","0","0","0",100,0,"0","20.5","32","lower","16","1380","2","0","0","25","0","0","10","0","0","10","0","0","10","0","0","15","0","0","16","0","0","12","0",0,100,0,0,"0","2","0.5",".380",".650","WWTP same agency","Nevada City Wastewater Plant","CA0079901",1,"No"," "," "," ",0,2,0,0,NA
"5S","5SSO11012","Active","08/23/2022","Park (w/Campground)","950","3,000","1,000","2",3,"1","1","0","0","0","0","0","0","0","0","0","0","0",0,0,"100","100","0","0","0","0","0","0","0","0","0","0",100,100,"0.4","0.6","0","none","0","0","0","0","0","0","0","0","0","0","0","0","0","0","0","0","0","100","0","4","0","0","0","0","0",0,100,0,4,"0","0","0","4,389","1","SSS same agency","New Hogan Project","5sso11012",4,"No"," "," "," ",0,0,0,0,NA
"5S","5SSO11014","Active","05/22/2023","Municipal (Public)","110","21,000","2,000","3",2,"2","1","0","0","2","0","0","0","0","0","0","0","0",0,0,"100","100","0","0","0","0","0","0","0","0","0","0",100,100,"0.5","2","0.8","lower","0.3","56","0","0","0","0","0","0","0","0","0","0","0","0","0","0","0","0","0","0","95","0","1","5","0",0,100,0,1,"0.1","2","0.2",".0128",".053","WWTP same agency","NSJTP","5sso11014",4,"No"," "," "," ",0,0,0,0,NA
"5S","5SSO11015","Active","09/29/2022","Municipal (Public)","9,112","2,382,434","568,385","2",4,"1","4","0","0","0","0","0","0","0","0","0","0","0",0,0,"63","20","25","42","7","25","0","0","0","0","5","13",100,100,"16","70.6","34","lower","17","4220","0","0","0","0","0","0","0","0","0","0","0","0","0","0","0","30","0","2","50","9","10","20","0",2,100,9,14,"10","3","15","0.9","6.97","WWTP same agency","NW Treatment Plant","5A17010400",1,"No"," "," "," ",0,40,18,0,NA
"5S","5SSO11017","Active","02/24/2023","Municipal (Public)","23,274","3,600,000","9,500,000","3",4,"1","2","1","0","0","0","0","0","1","0","0","0","0",3,0,"31","54","42","15","25","31","2","0","0","0","0","0",100,100,"2","70","55","none","0","7316","0","0","0","0","0","0","5","0","0","8","0","0","14","0","0","18","1","1","20","2","5","35","1",1,100,4,7,"4","5","3","1.5","6.3","WWTP same agency","City of Oakdale WWTP","5C500104001",1,"No"," "," "," ",0,0,1,0,NA
"5S","5SSO11018","Historical","05/14/2016","Municipal (Public)","560","12,000","5,000","0",0.3,"0.5","0.1","0","0","0","0","0","0","0","0","0","0","0",0,0,"53","100","27","0","20","0","0","0","0","0","0","0",100,100,"0.7","4.0","4.0","lower","2.7","483","0","0","0","0","0","0","0","0","0","0","0","0","0","0","0","0","0","0","0","0","0","100","0",3,100,0,3,"0","4.0","4.0","0.3","0.4","WWTP same agency","OLWD","5SS011018",1,"Yes","No","Oakwood Shores MHP",NA,1,0,0,0,NA
"5S","5SSO11019","Historical","07/18/2022","Municipal (Public)","19,509","240,000","60,000","3",1,"1","0","1","0","0","0","0","0","0","0","0","0","0",1,0,"34","21","44","9","16","18","2","51","3","0","1","1",100,100,"8","32","45","none","0","7200","0","0","0","0","0","0","0","0","0","0","0","0","0","0","0","20","1","5","30","0","3","50","3",7,100,4,15,"1","1.25","1.25","1.41","4.0","WWTP same agency","Olivehurst PUD","5SSO11019",1,"No"," "," "," ",0,0,0,0,NA
"5S","5SSO11020","Active","06/29/2023","Municipal (Public)","476","306,000","0","0",30,"4","3","0","0","1","0","0","0","0","0","0","0","0",0,0,"15","0","85","0","0","0","0","0","0","0","0","0",100,0,"0","1.4","0.7","upperLower","0.7","77","0","0","0","0","0","0","0","0","0","0","0","0","0","0","0","5","0","0","60","0","0","35","0",0,100,0,0,"0","1.4","1.4","0.0001","0.05","WWTP same agency","Pardee Recreation WWTP","5B031009001",1,"No"," "," "," ",0,0,0,0,NA
"5S","5SSO11021","Active","11/15/2022","Municipal (Public)","24,370","2,061,927","63,875","1",5,"1","1","5","0","1","0","0","0","0","0","1","1","0",1,0,"0","0","0","0","0","0","0","0","0","0","100","100",100,100,"0","63.4","42.8","lower","21.4","5888","0","0","1","0","0","0","0","0","0","10","0","0","10","0","0","15","0","0","15","0","1","50","0",1,100,0,3,"0","5.6","1","0","0","WWTP same agency","City of Patterson","5S50I019968",1,"No","No"," "," ",5,0,0,0,NA
"5S","5SSO11022","Active","05/22/2023","Municipal (Public)","680","110,000","15,000","3",2,"2","1","0","0","2","0","0","0","0","0","0","0","0",0,0,"100","100","0","0","0","0","0","0","0","0","0","0",100,100,"17","0","5","upperLower","5","285","0","0","0","0","0","0","0","0","0","0","0","0","0","0","0","0","0","0","55","0","0","45","1",0,100,1,0,"0","0","0",".059",".1767","WWTP same agency","PVTP","5sso11022",4,"No"," "," "," ",0,0,2,0,NA
"5S","5SSO11025","Active","03/21/2023","Municipal (Public)","295","152,345","0","0",3,"1","0","2","0","2","0","0","0","0","0","0","0","0",0,2,"0","100","0","0","0","0","0","0","0","0","0","0",100,100,"3.4","0.0","0.4","lower","0.4","85","0","0","0","0","0","0","0","0","0","0","0","0","0","0","0","0","0","0","90","0","0","10","0",0,100,0,0,"0.5","0","0",".005",".008","SSS same agency","Amador Water Agency","5SSO11025",1,"No"," "," "," ",0,0,1,0,NA
"5S","5SSO11028","Active","10/11/2022","Municipal (Public)","13,207","5,393,291","0","0",9.74,"1.54","0.51","6.66","0","2.56","0.51","0.51","1.02","0","0","0","0","0",1.02,0,"69","77","20","13","9","10","2","0","0","0","0","0",100,100,"42.71","73.5","44.1","none","0","6165","0","0","0","0","0","0","0","0","0","0","0","0","10","0","0","20","0","4","44","1","10","26","2",6,100,3,20,"0","35.16","0","1.58","5.84","WWTP same agency","Lincoln","5A31NP00011",1,"Yes","Yes","Applegate, Zone 24 CA","5SSO10866",2,62,23,7,NA
"5S","5SSO11029","Active","10/11/2022","Municipal (Public)","1,468","630,009","0","0",0.79,"0.12","0.04","0.54","0","0.21","0.04","0.04","0.08","0","0","0","0","0",0.08,0.08,"64","100","25","0","11","0","0","0","0","0","0","0",100,100,"4.24","12.97","5.0","none","0","568","0","0","0","0","0","0","0","0","0","0","0","0","0","0","0","43","0","0","52","0","1","5","0",2,100,0,3,"0","2.6375","0",".12","0.45","SSS same agency","SMD 2 Collection System","5SSO11362",2,"No"," "," "," ",0,4,4,0,NA
"5S","5SSO11030","Historical","","","","","","",NA,"","","","","","","","","","","","","",NA,NA,"","","","","","","","","","","","",NA,NA,"","","","","","","","","","","","","","","","","","","","","","","","","","","","","",NA,NA,NA,NA,"","","","","","","","",0,"","","","",0,NA,NA,NA,NA
"5S","5SSO11033","Active","03/21/2023","Municipal (Public)","1,005","532,115","10,000","0",1,"1","1","1","1","0","0","0","0","0","0","0","0","0",0,0,"50","0","25","0","25","0","0","0","0","0","0","0",100,0,"0.1","6.9","3.1","none","0","499","0","0","0","0","0","0","0","0","0","0","0","0","0","0","0","70","0","0","20","0","0","10","0",0,100,0,0,"0.2","1","0",".076",".594","WWTP same agency","City of Plymouth",NA,1,"No"," "," "," ",0,1,0,0,NA
"5S","5SSO11034","Historical","04/07/2008"," ","270","10,000","3,400,000","2",13,"1","2","1"," ","0"," "," ","0"," "," ","1"," "," ",NA,NA," "," "," "," "," "," "," "," "," "," "," "," ",NA,NA,"0","1.8","0","lower","0","96"," "," "," ","0"," "," ","0"," "," ","0"," "," ","25"," "," ","50"," "," ","25"," "," ","0"," ",NA,NA,NA,NA,"0.1","0.4","0.4"," "," "," "," "," ",0," "," "," "," ",0,NA,NA,NA,NA
"5S","5SSO11035","Active","02/13/2023","Municipal (Public)","1,152","333,190","2,680,000","2",15,"2","2","0","0","0","0","0","0","0","0","0","0","0",0,0,"30","0","67","100","3","0","0","0","0","0","0","0",100,100,"1.7","4.37","4","lower","1.6","329","0","0","0","0","0","0","0","0","0","0","0","0","0","0","0","71","1","0","29","0","0","0","0",0,100,1,0,"0","1.2","0","0.060","0.16","SSS other agency","City of Manteca","N/A",1,"No"," "," "," ",0,0,0,0,NA
"5S","5SSO11036","Active","09/19/2022","Municipal (Public)","15","35,626","0","0",1,"1","1","0","0","0","0","0","0","0","0","0","0","0",0,0,"100","0","0","0","0","0","0","0","0","0","0","0",100,0,"0","1.4","0","none","0","9","0","0","0","0","0","0","0","0","0","0","0","0","0","0","0","100","0","1","0","0","0","0","0",0,100,0,1,"0.1","0.3","0","1,000","2,500","SSS same agency","Rio Ramaza CSD","5SSO11036",1,"No"," "," "," ",0,0,0,0,NA
"5S","5SSO11037","Active","10/13/2022","Municipal (Public)","10,472","4,630,000","3,918,000","1",3,"1","1","0","2","2","0","1","1","0","0","1","0","0",0,0,"50","30","20","20","20","50","10","0","0","0","0","0",100,100,"1.5","41","25","none","0","3000","0","0","0","0","0","0","10","0","0","15","0","0","10","0","0","10","1","2","5","1","0","50","1",3,100,3,5,"1.8","0","0",".75",".95","WWTP same agency","NWTP","5sso11037",2,"No"," "," "," ",0,0,0,0,NA
"5S","5SSO11039","Active","03/21/2023","Municipal (Public)","504","138,296","0","1",3,"1","1","1","1","3","0","0","0","0","0","0","0","0",1,0,"100","100","0","0","0","0","0","0","0","0","0","0",100,100,"0.8","3.7","3","none","0","187","0","0","0","0","0","0","0","0","0","0","0","0","0","0","0","0","0","0","100","0","10","0","0",0,100,0,10,"0.5","0.2","0.2",".0250",".0260","WWTP same agency","River Pines P.U.D.","5SS011039",1,"No"," "," "," ",0,0,1,0,NA
"5S","5SSO11040","Active","02/14/2023","Municipal (Public)","23,298","2,008,872","90,000","1",6,"1","1","4","0","1","0","0","1","0","0","0","0","0",4,1,"40","90","40","10","10","0","10","0","0","0","0","0",100,100,"1.5","70","23","none","0","6617","0","0","0","0","0","0","5","0","0","15","0","0","30","0","0","10","3","0","15","4","0","25","2",0,100,9,0,"0.3","13","4","1.6","1.8","WWTP same agency","City of Riverbank WWTP","5C500106002",1,"No"," "," "," ",0,1,0,0,NA
"5S","5SSO11041","Active","09/19/2022","Municipal (Public)","350","130,924","0","0",1,"1","1","0","0","0","0","0","0","0","0","0","0","0",0,0,"0","100","0","0","0","0","0","0","0","0","0","0",100,100,"2.5","0","1.6","lower","1.6","93","0","0","0","0","0","0","0","0","0","0","0","0","0","0","0","0","0","0","100","0","84","0","0",16,100,0,100,"0","0","0","15,155","14,807","WWTP same agency","County of Sutter WWD #1","5SSO11041",1,"No"," "," "," ",0,0,2,0,NA
"5S","5SSO11043","Historical","","","","","","",NA,"","","","","","","","","","","","","",NA,NA,"","","","","","","","","","","","",NA,NA,"","","","","","","","","","","","","","","","","","","","","","","","","","","","","",NA,NA,NA,NA,"","","","","","","","",0,"","","","",0,NA,NA,NA,NA
"5S","5SSO11044","Active","01/11/2023","Airport","32,000","160,000","20,000","0",0,"2","1","0","0","0","0","0","0","0","0","0","0","0",0,0,"10","100","40","0","25","0","25","0","0","0","0","0",100,100,"0.5","6.3","1.0","upperLower","0.7","50","0","0","0","0","0","0","0","0","0","0","0","0","0","0","0","55","0","0","40","0","0","5","0",0,100,0,0,"0","1.0","1.0",".17","0.21","WWTP other agency","Sacramento Regional County Sanitation District","na",1,"No"," "," "," ",0,0,0,0,NA
"5S","5SSO11045","Active","02/27/2023","Municipal (Public)","1,600,000","16,551,361","5,358,400","35",207,"38","18","29","6","28","0","3","26","1","1","23","3","6",0,0,"0","0","0","0","2","1","20","20","78","79","0","0",100,100,"54","111","0","none","0","0","0","0","0","0","0","0","0","0","0","0","0","0","0","0","0","7","1","0","39","0","0","54","7",0,100,8,0,"0","0","0.5","150.7","373.5","WWTP same agency","Sacramento Regional Wastewater Treatment Plant","5A340108002",1,"Yes","No","Sacramento Area Sewer District","5SSO10912",5,71,38,3,NA
"5S","5SSO11047","Active","02/15/2023","Municipal (Public)","13,886","80,000","325,000","0",5,"0","2","0","0","0","0","0","0","0","0","0","0","0",0,0,"30","0","25","0","25","0","20","0","0","0","0","100",100,100,"4","39","12","none","0","4248","0","0","0","0","0","0","0","0","0","0","0","0","24","0","0","0","0","1","76","0","3","0","0",0,100,0,4,"1","4.4","0.1","1.10","1.80","WWTP same agency","Salida Sanitary District","5SSO11047",1,"No"," "," "," ",0,4,2,0,NA
"5S","5SSO11048","Active","01/23/2023","Municipal (Public)","2,130","1,600,000","130,000","1",4,"1","1","2","0","2","0","0","0","0","0","0","0","0",4,3,"76","100","18","0","5","0","1","0","0","0","0","0",100,100,"1","18.61","8","none","0","990","0","0","0","0","0","0","0","0","0","0","0","0","70","0","0","22","0","1","6","0","3","2","0",1,100,0,5,"2","20","5",".24","1.5","WWTP same agency","San Andreas Sanitary Dist.",NA,1,"No"," "," "," ",0,11,0,0,NA
"5S","5SSO11050","Historical","","","","","","",NA,"","","","","","","","","","","","","",NA,NA,"","","","","","","","","","","","",NA,NA,"","","","","","","","","","","","","","","","","","","","","","","","","","","","","",NA,NA,NA,NA,"","","","","","","","",0,"","","","",0,NA,NA,NA,NA
"5F","5SSO11051","Active","03/02/2023","Prison","2,500","55,000","55,000","0",8,"4","1","0","0","0","0","0","0","0","0","0","0","0",0,0,"90","0","5","0","5","0","0","0","0","0","0","0",100,0,"0","3.0","0.75","upperLower","0.75","80","0","0","0","0","0","0","0","0","0","0","0","0","0","0","0","60","0","0","40","0","0","0","0",0,100,0,0,"0.50","5","1.5","325,000","400,000","WWTP same agency","Sierra Conservation Center","5-01-017",1,"No"," "," "," ",0,0,0,0,NA
"5S","5SSO11054","Active","09/16/2022","Municipal (Public)","84,591","18,093,200","14,157,000","6",12,"4","4","5","1","4","0","0","8","0","0","1","0","0",13,8,"58","77","23","17","15","6","3","0","1","0","0","0",100,100,"6.9","290","246","lower","123","24144","1","0","0","0","0","0","0","0","0","1","0","0","5","0","0","15","0","3","42","0","4","36","1",5,100,1,12,"0","29.5","75.5","4.2","13.0","WWTP other agency","Roseville Dry Creek WWTP","310106001",2,"Yes","No","SMD No. 2 CS","5SSO11362",1,79,0,0,NA
"5S","5SSO11055","Active","09/28/2022","Municipal (Public)","13,176","5,688,631","2,829,300","6",7,"1","4","0","0","0","0","0","0","0","0","0","0","0",0,0,"48","3","21","2","3","0","0","0","0","0","28","95",100,100,"16.4","95.77","68","lower","33","6849","0","0","0","0","0","0","0","0","0","0","0","0","0","0","0","30","0","6","50","4","8","20","0",3,100,4,17,"0","1","55","1.11","6.9","WWTP same agency","SE Treatment Plant","5SS11055",1,"No"," "," "," ",0,73,24,0,NA
"5S","5SSO11056","Active","01/18/2023","Municipal (Public)","140","13,650","250,000","3",2,"1","3","3","0","2","1","0","1","0","0","2","1","0",6,3,"0","100","0","0","0","0","0","0","0","0","0","0",100,100,"5","0","2.5","lower","0.5","56","0","0","0","0","0","0","0","0","0","0","0","0","0","0","0","0","0","0","100","0","0","0","0",0,100,0,0,"0.9","0","0",".009",".011","WWTP same agency","Southworth WWTP","WDR 90-258",1,"No"," "," "," ",0,0,1,0,NA
"5S","5SSO11057","Historical","","","","","","",NA,"","","","","","","","","","","","","",NA,NA,"","","","","","","","","","","","",NA,NA,"","","","","","","","","","","","","","","","","","","","","","","","","","","","","",NA,NA,NA,NA,"","","","","","","","",0,"","","","",0,NA,NA,NA,NA
"5S","5SSO11058","Historical","","","","","","",NA,"","","","","","","","","","","","","",NA,NA,"","","","","","","","","","","","",NA,NA,"","","","","","","","","","","","","","","","","","","","","","","","","","","","","",NA,NA,NA,NA,"","","","","","","","",0,"","","","",0,NA,NA,NA,NA
"5S","5SSO11060","Active","04/12/2023","Municipal (Public)","400","35,000","100,000","2",4,"1","1","4","4","2","2","1","2","0","1","2","0","1",0,0,"100","100","0","0","0","0","0","0","0","0","0","0",100,100,"1.8","0","0.5","lower","0.3","112","0","0","0","0","0","0","0","0","0","0","0","0","0","0","0","0","0","0","0","0","0","100","0",112,100,0,112,"1.8","0","0","0.02","0.04","SSS same agency","CITY OF YUBA CITY SEWER COLLECTION SYSTEM","5SSO11100",1,"No"," "," "," ",0,0,1,0,NA
"5S","5SSO11061","Active","08/10/2022","Municipal (Public)","2,501","1,428,249","415,000","1",2,"0","1","0","0","0","0","0","0","0","0","0","0","0",0,0,"70","100","20","0","10","0","0","0","0","0","0","0",100,100,"0.2","22","12","none","0","1126","0","0","0","1","0","0","1","0","0","1","0","0","3","0","0","3","0","0","72","0","1","19","0",2,100,0,3,"8.4","4.71","0.5","0.333","1.732","SSS other agency","Amador Regional Sanitation Authority","N/A",1,"Yes","No","City of Amador City","5SSO10863",2,8,1,1,NA
"5S","5SSO11063","Historical","","","","","","",NA,"","","","","","","","","","","","","",NA,NA,"","","","","","","","","","","","",NA,NA,"","","","","","","","","","","","","","","","","","","","","","","","","","","","","",NA,NA,NA,NA,"","","","","","","","",0,"","","","",0,NA,NA,NA,NA
"5S","5SSO11066","Active","03/07/2023","Municipal (Public)","106,401","650,000","1,400,000","3",19,"1","0","5","0","6","0","0","1","0","0","0","0","0",4,0,"30","1","40","0","15","7","15","0","0","0","0","0",100,0,"11","465","260","lower","160","26600","0","0","0","0","0","0","5","0","0","5","0","0","25","0","0","5","0","1","45","0","2","15","0",3,100,0,6,"30","62","18","11.25","17","WWTP same agency","City of Tracy","CA007154",1,"No","Yes","City of Tracy","CA007154",1,4,3,6,NA
"5F","5SSO11068","Active","02/02/2023","Municipal (Public)","1,577","109,880","5,257,896","0",4,"1","1","2","0","0","0","0","0","0","0","0","0","0",0,0,"90","0","5","0","4","0","0","0","0","0","1","0",100,0,"0.1","11.3","4.5","lower","0.1","811","0","0","0","0","0","0","0","0","0","0","0","0","56","0","0","24","0","1","10","0","0","10","0",0,100,0,1,"0.1","7.5","0.2","0.154","1.12","WWTP same agency","Tuolumne City Sanitary District WWTP","5SSO11068",1,"No"," "," "," ",0,3,1,0,NA
"5S","5SSO11069","Active","01/16/2023","Municipal (Public)","72,937","1,857,692","1,590,000","5",18,"1","1","8","1","5","0","2","2","1","2","0","0","1",7,0,"41","1","30","0","23","1","5","0","1","0","0","0",100,100,"3.82","222.3","202","lower","107","18091","0","0","0","0","0","0","0","0","0","0","0","0","20","0","0","40","0","0","30","2","5","10","5",16,100,7,21,"2.0","42","36","10.6","17.2","WWTP same agency","Turlock WQC","R52010000201",1,"Yes","No","City of Ceres","R12060021",3,5,0,2,NA
"5F","5SSO11070","Active","01/11/2023","Park (w/Campground)","2,500","125,000","150,000","0",1,"1","1","0","0","0","0","0","0","0","0","0","0","0",1,1,"100","100","0","0","0","0","0","0","0","0","0","0",100,100,"2.6","1.3","1","upperLower","1","0","0","0","0","0","0","0","0","0","0","0","0","0","0","0","0","0","0","0","20","0","0","80","0",0,100,0,0,"0.5","0.1","0.1",".019",".019","WWTP same agency","N/A","5sso11070",1,"No"," "," "," ",0,0,0,0,NA
"5S","5SSO11071","Active","05/08/2023","School","47,000","5,000,000","500,000","0",5,"1","1","4","0","0","0","0","0","0","0","1","0","0",4,1,"24","39","37","16","33","37","6","7","0","0","0","1",100,100,"5","23","21","upperLower","21","50","4","0","0","0","0","0","0","0","0","0","0","0","10","2","1","38","1","2","23","2","0","25","7",2,100,12,5,"0","5","1","1.5","7","WWTP same agency","UCD Main WWTP","5A570800001",1,"No"," "," "," ",0,1,1,0,NA
"5S","5SSO11074","Active","07/15/2020","Municipal (Public)","1,000","377,000","250,000","3",2,"2","1","0","0","0","0","0","0","0","0","0","0","0",0,0,"100","100","0","0","0","0","0","0","0","0","0","0",100,0,"0.5","3","1","none","3","260","0","0","0","0","0","0","0","0","0","0","0","0","60","0","0","10","0","0","20","0","0","10","0",0,100,100,100,"0","3","3","0.065",".25","WWTP same agency","Valley springs public utility","N/a",4,"No"," "," "," ",0,0,0,0,NA
"5S","5SSO11077","Active","01/18/2023","Municipal (Public)","250","94,500","250,000","3",2,"1","3","3","0","2","1","0","1","0","0","2","1","0",6,3,"100","100","0","0","0","0","0","0","0","0","0","0",100,100,"2.5","0.5","1.","none","0","105","0","0","0","0","0","0","0","0","0","0","0","0","0","0","0","0","0","0","90","0","0","10","0",0,100,0,0,"0","0","0",".012",".036","WWTP same agency","CCWD - Wallace Lake Estates WWTP","5B050107007",1,"No"," "," "," ",0,0,0,0,NA
"5S","5SSO11080","Active","03/01/2023","Municipal (Public)","9,158","1,665,311","1,385,751","1",1,"1","2","1","0","1","0","0","0","0","0","0","0","0",0,0,"85","100","10","0","5","0","0","0","0","0","0","0",100,100,"1.5","25","25","upperLower","25","2372","0","0","0","0","0","0","0","0","0","0","0","0","60","0","0","15","0","0","15","100","75","10","0",25,100,100,100,"0","10","1","516,000","703,000","WWTP same agency","Waterford WWTP","5SSO11080",1,"No"," "," "," ",0,1,0,0,NA
"5S","5SSO11081","Active","01/18/2023","Municipal (Public)","365","52,500","250,000","3",2,"1","3","3","0","2","1","0","1","0","0","2","1","0",6,3,"100","100","0","0","0","0","0","0","0","0","0","0",100,100,"3.0","2.8","3.1","lower","0.8","167","0","0","0","0","0","0","0","0","0","0","0","0","0","0","0","0","0","0","100","0","1","0","0",0,100,0,1,"1.0","0","0",".013",".177","WWTP same agency","West Point WWTP","WDR 93-078",1,"No","No"," "," ",1,0,1,0,NA
"5S","5SSO11082","Active","02/28/2023","Municipal (Public)","53,911","2,040,442","2,656,000","3",15,"3","1","0","0","0","0","1","1","0","0","0","0","0",1,1,"27","3","48","22","22","71","3","4","0","0","0","0",100,100,"22","160","46.7","lower","28","14868","3","0","0","0","0","0","0","0","0","0","0","0","33","0","0","20","1","2","11","6","0","33","2",3,100,9,5,"0","17.5","4.8","4.6","22.73","WWTP other agency","Sacramento Regional County Sanitation District","5SSO11045",1,"No"," "," "," ",0,0,0,0,NA
"5S","5SSO11083","Historical","","","","","","",NA,"","","","","","","","","","","","","",NA,NA,"","","","","","","","","","","","",NA,NA,"","","","","","","","","","","","","","","","","","","","","","","","","","","","","",NA,NA,NA,NA,"","","","","","","","",0,"","","","",0,NA,NA,NA,NA
"5S","5SSO11084","Active","03/20/2023","Municipal (Public)","67,260","1,016,120","3,350,000","5",14,"4","3","2","0","10","0","4","4","0","1","0","0","0",0,0,"52","20","22","69","19","11","4","0","3","0","0","0",100,100,"4.1","213.4","201","none","0","22079","0","0","0","0","0","0","11","0","0","8","0","0","21","0","0","28","0","1","23","2","4","9","1",1,100,3,6,"36.8","40.4","5.1","4.5","7.9","WWTP same agency","White Slough Water Poll Con Pu CS","5SSO11084",1,"No"," "," "," ",0,0,0,0,NA
"5S","5SSO11087","Historical","","","","","","",NA,"","","","","","","","","","","","","",NA,NA,"","","","","","","","","","","","",NA,NA,"","","","","","","","","","","","","","","","","","","","","","","","","","","","","",NA,NA,NA,NA,"","","","","","","","",0,"","","","",0,NA,NA,NA,NA
"5S","5SSO11088","Active","10/26/2022","Municipal (Public)","5,487","2,307,176","55,630","0",2,"1","1","0","0","0","0","0","0","0","0","0","0","0",0,0,"28","24","51","76","15","0","6","0","0","0","0","0",100,100,"0.6","23.9","15","none","0","1228","0","0","0","0","0","0","0","0","0","18","0","0","32","0","0","15","0","0","13","3","0","22","0",2,100,3,2,"0","23.9","23.9",".4","1.0","WWTP same agency","Williams WWTP","5SSO11088",1,"No"," "," "," ",0,0,0,0,NA
"5S","5SSO11092","Active","02/14/2023","Municipal (Public)","7,115","1,200,000","800,000","1",3,"1","2","1","0","0","0","0","0","0","0","0","0","0",2,1,"85","0","5","0","10","100","0","0","00","0","0","0",100,100,"4.6","32.5","21","lower","8.5","2221","0","0","0","0","0","0","2","0","0","10","0","0","13","0","0","25","1","0","40","0","3","10","0",1,100,1,4,"0","0","5",".6","1.250","WWTP same agency","Land Application","5SSO11092",1,"No"," "," "," ",0,0,0,0,NA
"5S","5SSO11093","Active","08/11/2022","Municipal (Public)","3,984","30,000","50,000","1",3,"1","5","0","0","0","0","0","0","0","0","0","0","0",0,1,"80","0","5","0","5","0","0","0","0","0","10","0",100,0,"3","11.8","11.8","none","0","1257","0","0","0","0","0","0","0","0","0","0","0","0","60","0","0","20","0","0","15","0","0","5","0",2,100,0,2,"0.5","1.5","1.0",".250",".33","WWTP same agency","Woodbridge Sanitary District","5SSO11093",1,"No"," "," "," ",0,0,2,0,NA
"5S","5SSO11095","Historical","10/13/2023","Park (w/Campground)","2,400","5,000","0","1",3,"3","1","0","0","0","0","0","0","0","0","0","0","0",0,0,"100","100","0","0","0","0","0","0","0","0","0","0",100,100,"0.96","1.33","1","upperLower","1.0","1","0","0","0","0","0","0","0","0","0","0","0","0","0","0","0","53","0","0","47","0","0","0","0",5,100,0,5,"0","1","0","0.01001067","0.185907","WWTP same agency","Woodward Reservoir Reg. Park WWTF","5SS011095",1,"No"," "," "," ",0,0,0,1,NA
"5S","5SSO11096","Historical","07/12/2022","Other","419","114,000","5,000","0",3,"0","1","0","0","0","0","0","0","0","0","0","0","0",0,0,"100","0","0","0","0","0","0","0","0","0","0","0",100,0,"0","0.8","0.5","upperLower","0.5","84","0","0","0","0","0","0","0","0","0","0","0","0","0","0","0","50","0","0","50","0","0","0","0",0,100,0,0,"0","0","0","0","0","WWTP other agency","City of Winters","5SSO801623",1,"No"," "," "," ",0,0,0,0,NA
"5S","5SSO11098","Historical","","","","","","",NA,"","","","","","","","","","","","","",NA,NA,"","","","","","","","","","","","",NA,NA,"","","","","","","","","","","","","","","","","","","","","","","","","","","","","",NA,NA,NA,NA,"","","","","","","","",0,"","","","",0,NA,NA,NA,NA
"5S","5SSO11099","Active","07/19/2022","Other","51","50,000","0","3",5,"1","1","0","0","0","0","0","0","0","0","0","0","0",5,5,"95","100","5","0","0","0","0","0","0","0","0","0",100,100,"0.2","1.6","0","none","0","1","0","0","0","0","0","0","0","0","0","0","0","0","0","0","0","80","0","0","9","0","0","11","0",0,100,0,0,"0","0.8","0","0.005","0.002","WWTP same agency","Hodgon Meadow","97-10-WDQ",1,"No"," "," "," ",0,0,0,0,NA
"5S","5SSO11100","Active","04/12/2023","Municipal (Public)","69,540","1,441,799","1,600,000","1",5,"1","1","4","4","2","2","1","2","0","1","0","0","0",0,0,"44","64","41","0","7","0","4","36","1","0","3","0",100,100,"1.5","175.5","79.3","none","0","17000","0","0","0","0","0","0","0","0","0","5","1","0","5","1","0","12","2","0","46","8","0","32","5",0,100,17,0,"1","85","22","7","12","WWTP same agency","Yuba City Wastewater Treatment Facility","R5-2013-0094",1,"Yes","Yes","Stonegare Village CS","5SSO11060",1,2,2,0,NA
"5R","5SSO11112","Active","01/13/2023","Municipal (Public)","91","200,000","50,000","1",1,"0","1","0","0","0","0","0","0","0","0","0","0","0",1,1,"0","100","0","0","0","0","0","0","0","0","0","0",100,100,"6","0","6","upperLower","1.0","62","0","0","0","0","0","0","0","0","0","0","0","0","0","0","0","0","0","0","0","0","0","100","0",0,100,0,0,"0","0","0","0.0025","0.0025","WWTP same agency","Grizzly Ranch CSD","5SSO11112",1,"No"," "," "," ",0,0,0,0,NA
"5F","5SSO11177","Active","03/02/2023","Prison","5,725","15,000","15,000","2",5,"4","2","0","0","0","0","0","0","0","0","0","0","0",0,0,"50","100","40","0","10","0","0","0","0","0","0","0",100,100,"0","5","3.2","upperLower","3.2","2705","0","0","0","0","0","0","0","0","0","0","0","0","0","0","0","0","0","0","100","0","0","0","0",0,100,0,0,"0","2.4","2.0",".8","1.2","WWTP other agency","City of Avenal","5D160101001",1,"No"," "," "," ",0,0,0,0,NA
"5S","5SSO11180","Active","05/09/2023","Prison","4,500","60,000","0","1",8,"4","2","0","0","0","0","0","0","0","0","0","0","0",0,0,"18","0","59","0","23","0","0","0","0","0","0","0",100,0,"0","2.7","2","upperLower","2","1450","0","0","0","0","0","0","0","0","0","0","0","0","85","0","0","0","0","0","0","0","0","15","0",0,100,0,0,"0","2","0.8","674","987","WWTP other agency","City of Vacaville","5sso11180",1,"No"," "," "," ",0,0,0,0,NA
"5S","5SSO11183","Active","05/08/2023","Prison","3,021","45,000","45,000","0",3,"3","2","0","0","0","0","0","0","0","0","0","0","0",0,0,"30","100","10","0","60","0","0","0","0","0","0","0",100,100,"0.7","5.25","5.25","upperLower","5","59","0","0","0","0","0","0","0","0","0","0","0","0","0","0","0","0","0","0","85","0","5","15","0",0,100,0,5,"0","4.1","1.0","180.000","185,000","WWTP other agency","City of Folsom","5SS010893",1,"No"," "," "," ",0,0,0,0,NA
"5S","5SSO11184","Active","01/09/2023","Prison","4,300","56,000","10,000","0",8,"4","1","0","0","0","0","0","0","0","0","0","0","0",0,0,"40","0","20","0","40","0","0","0","0","0","0","0",100,0,"0","4.5","2.5","upperLower","2.5","435","0","0","0","0","0","0","0","0","0","0","0","0","0","0","0","0","0","0","100","0","0","0","0",0,100,0,0,"0","0","0",".693","1.2","WWTP other agency","City of Vacaville Easterly WWTP","5A480105002",1,"No"," "," "," ",0,0,0,0,NA
"5F","5SSO11185","Active","11/27/2022","Prison","5,000","1,500,000","15,000,000","0",7,"1","2","0","0","0","0","0","0","0","0","0","0","0",0,0,"50","0","20","0","15","0","15","0","0","0","0","0",100,0,"0","4.3","1.5","upperLower","1.5","105","0","0","0","0","0","0","0","0","0","0","0","0","0","0","0","0","0","0","100","0","0","0","0",0,100,0,0,"0","2","3","1","2","SSS same agency","CSP-Corcoran","95-267",1,"No"," "," "," ",0,0,0,0,NA
"5F","5SSO11190","Active","04/07/2023","Prison","3,828","50,000","50,000","0",8,"2","1","0","0","2","0","0","1","0","0","0","0","0",0,0,"20","0","0","0","80","0","0","0","0","0","0","0",100,0,"0","10","5.1","upperLower","5","500","0","0","0","0","0","0","0","0","0","0","0","0","0","0","0","0","0","0","98","0","0","2","0",0,100,0,0,"0","01","01","1.30","1.31","WWTP same agency","CSP Corcoran","5SSO11190",1,"No"," "," "," ",0,0,0,0,NA
"5S","5SSO11192","Active","06/07/2023","Prison","4,500","588,796","539,000","0",10,"3","1","0","0","0","0","0","0","0","0","0","0","0",0,0,"20","0","35","0","40","0","5","0","0","0","0","0",100,0,"0.3","3.0","1.2","upperLower","1.2","892","0","0","0","10","0","0","10","0","0","40","0","0","17","0","0","3","0","0","10","0","0","10","0",0,100,0,0,"0.2","1.5","0.7","1,000,000","1,300,000","WWTP same agency","Sacramento County","0",1,"No"," "," "," ",0,0,0,0,NA
"5S","5SSO11193","Active","10/11/2022","Municipal (Public)","602","26,569","0","0",0.28,"0.04","0.01","0.19","0","0.07","0.01","0.01","0.03","0","0","0","0","0",0.03,0.03,"1","0","99","0","0","0","0","0","0","0","0","0",100,0,"0","2.76","2.0","none","0","225","6","0","0","0","0","0","0","0","0","0","0","0","0","0","0","55","0","0","36","0","0","3","0",0,100,0,0,"0","4.3","0","0.05","0.17","SSS other agency","Sacramento Area Sanitation District","5SSO10912",4,"No"," "," "," ",0,3,0,0,NA
"5F","5SSO11195","Active","08/12/2022","Prison","3,800","132,000","25,000",NA,26,"5","1",NA,NA,NA,NA,NA,NA,NA,NA,NA,NA,NA,0,0,"16","0","50","0","33","0","1","0","0","0","0","0",100,0,"0.1","2","1.5","upperLower",NA,"1","0","0","0",NA,"0","0",NA,"0","0",NA,"0","0",NA,"0","0",NA,"0","0","100","0","0","NA0","0",0,100,0,0,NA,NA,NA,"0.613","0.684","SSS other agency","City of Delano","BVV7-2A",4,"No"," "," "," ",0,0,0,0,NA
"5F","5SSO11196","Active","05/30/2023","Prison","2,747","276,000","350,000","0",5,"1","1","0","0","2","0","0","0","0","0","5","0","0",0,0,"0","0","10","0","90","100","0","0","0","0","0","0",100,100,"1","5","2","upperLower","2","175","0","0","0","0","0","0","0","0","0","0","0","0","0","0","0","0","0","0","95","1","0","5","0",0,100,1,0,"0","0.25","0","0.63","0.95","WWTP same agency","Pleasant Valley State Prison CS","5SSO11196",1,"No"," "," "," ",0,0,0,0,NA
"5F","5SSO11200","Historical","07/21/2020","Municipal (Public)","691","266,673","0","3",3,"2","2","0","0","0","0","0","0","0","0","0","0","0",0,0,"100","55","0","45","0","0","0","0","0","0","0","0",100,100,"5.2","3.1","1.1","lower","0.8","167","0","0","0","0","0","0","0","0","0","0","0","0","0","0","0","0","0","0","100","0","2","0","0",0,100,0,2,"0","0","0",".024",".020","WWTP other agency","Cutler-Orosi WWTP","Unknown",1,"No"," "," "," ",0,0,0,0,NA
"5F","5SSO11201","Historical","","","","","","",NA,"","","","","","","","","","","","","",NA,NA,"","","","","","","","","","","","",NA,NA,"","","","","","","","","","","","","","","","","","","","","","","","","","","","","",NA,NA,NA,NA,"","","","","","","","",0,"","","","",0,NA,NA,NA,NA
"5F","5SSO11202","Active","05/31/2023","Municipal (Public)","543,428","8,189,800","27,725,900","13",27,"4","1","12","0","8","0","0","9","0","0","6","0","0",14,14,"25","11","48","23","17","66","5","0","5","0","0","0",100,100,"11.81","1,583.97","0","none","0","131076","0","0","0","1","0","0","3","0","0","4","0","0","16","0","0","35","0","3","22","4","5","19","0",5,100,4,13,"3","331","108","57.74","95.1","WWTP same agency","Fresno Regional WWTF","5D100105001",1,"Yes","No","Clovis City CS","5SSO11214",4,12,1,4,NA
"5F","5SSO11214","Active","06/26/2023","Municipal (Public)","123,665","5,500,000","150,000","1",7,"1","1.5","0","0","2","0","0","2","0","0","1","0","0",6,3,"7","9","71","1","17","77","4","13","1","0","0","0",100,100,"9.6","429","404","none","0","37179","0","0","0","0","0","0","0","0","0","0","0","0","4","0","0","26","0","1","30","0","0","40","3",4,100,3,5,"1","375","44","7.89","7.97","WWTP other agency","Fresno Clovis Regional WWTP",NA,2,"No"," "," "," ",0,83,10,0,NA
"5F","5SSO11215","Active","02/21/2023","Municipal (Public)","9,999","1,410,072","345,125","2",3,"1","1","0","0","2","0","0","0","0","0","0","0","0",0,0,"75","0","25","0","0","100","0","0","0","0","0","0",100,100,"3.5","22.9","12","none","0","2241","0","0","0","0","0","0","0","0","0","0","0","0","20","0","0","50","1","0","20","2","0","10","0",0,100,3,0,"5","25","0","0.6","0.6","WWTP other agency","Atwater Regional WWTP",NA,1,"No"," "," "," ",0,0,0,0,NA
"5F","5SSO11217","Active","04/20/2020","Municipal (Public)","3,950","350,000","60,000","2",1,"1","1","0","0","0","0","0","0","0","0","0","0","0",0,0,"60","0","20","0","20","0","0","0","0","0","0","0",100,0,"0","13","12","none","0","1300","0","0","0","0","0","0","0","0","0","0","0","0","35","0","0","35","0","0","20","0","0","10","0",1,100,0,1,"0.1","6","0",".2255",".245","WWTP same agency","Armona CSD","5SSO11217",1,"No"," "," "," ",0,0,0,0,NA
"5F","5SSO11218","Active","04/25/2023","Municipal (Public)","21,270","220,000","800,000","1",3,"0","1","1","0","0","0","0","0","0","0","0","0","0",0,0,"11","100","48","0","19","0","0","0","0","0","22","0",100,0,"1","37","100","none","0","2500","0","0","0","0","0","0","0","00","0","0","0","0","25","0","0","25","0","0","25","0","0","25","0",1,100,0,1,"0.1","14","3.5","1.09","1.2","WWTP same agency","Arvin WWTP","5-00-093",1,"No"," "," "," ",0,0,0,0,NA
"5F","5SSO11219","Active","09/02/2022","Municipal (Public)","14,885","598,457","0","0",8,"1","1","0","0","0","0","0","0","0","0","0","0","0",0,0,"95","0","0","0","4","0","1","0","0","0","0","0",100,0,"0","23.5","0","none","0","1934","0","0","0","0","0","0","0","0","0","0","0","0","0","0","0","75","0","0","22","0","0","3","0",0,100,0,0,"0","5.9","0.9","1.21","1.70","WWTP same agency","CITY OF AVENAL","5SS011219",1,"No"," "," "," ",0,0,0,0,NA
"5F","5SSO11220","Historical","10/03/2022","Municipal (Public)","1,508","205,000","25,000","0",0,"0","0","0","0","0","0","0","0","0","0","0","0","0",0,0,"0","100","98","0","2","0","0","0","0","0","0","0",100,100,"1/4","5","4","lower","2","424","0","0","0","0","0","0","0","0","0","0","0","0","75","0","0","0","0","0","0","0","0","25","0",1,100,0,1,"0","0","0",".115",".115","WWTP same agency","Buttonwillow County Water District WWTP","5D150101001",1,"No"," "," "," ",0,0,0,0,NA
"5F","5SSO11222","Historical","06/05/2023","Municipal (Public)","14,720","1,170,000","700,000","2",1,"1","1","1","0","0","0","0","0","0","0","0","0","0",0,0,"50","15","40","50","10","35","0","0","0","0","0","0",100,100,"18","329","32","none","0","3604","0","0","0","0","0","0","5","0","0","20","0","0","35","2","0","10","5","0","15","3","5","15","2",1,100,12,6,"0","10","0","1.2","1.4","WWTP same agency","cityofcorcoran","5sso11222",1,"No"," "," "," ",0,0,0,0,NA
"5F","5SSO11223","Active","06/21/2023","Municipal (Public)","53,000","1,407,078","750,000","2",3,"0","1","0","0","0","0","0","0","0","0","0","0","0",2,0,"5",NA,"30",NA,"45",NA,"19",NA,"1",NA,"0",NA,100,0,"0","83","102","none","0","9000","0","0","0","5","0","0","10","0","0","10","0","0","15","0","0","10","0","0","20","0","1","30","0",0,100,0,1,"0","15","5","4.4","6.2","WWTP same agency","Delano WWTP","na",1,"No"," "," "," ",0,0,0,0,NA
"5F","5SSO11224","Active","11/02/2022","Municipal (Public)","26,731","44,831","0","1",6,"1","1","0","1","0","0","2","0","0","0","0","0","0",0,0,"10","0","5","0","1","0","84","100","0","0","0","0",100,100,"0.5","86","41","none","0","7458","0","0","0","0","0","0","0","0","0","3","0","0","8","0","0","25","0","0","40","0","0","24","0",0,100,0,0,"0.5","45","2","2.8","5","WWTP same agency","Dinuba Wasterwater Treatment Plant","95-200",1,"No"," "," "," ",0,0,0,0,NA
"5F","5SSO11225","Active","10/05/2022","Municipal (Public)","8,000","963,033","963,033","2",0,"1","1","1","0","0","0","0","0","0","0","0","0","0",1,0,"0","1","0","0","99","0","0","0","0","0","0","0",100,100,"0.3","10.9","25.0","lower","15.3","1417","0","0","0","0","0","0","0","0","0","0","0","0","39","0","0","28","0","0","33","0","0","0","0",0,100,0,0,"0","2","0",".633",".581","WWTP same agency","N/A","N/A",4,"No"," "," "," ",0,0,0,0,NA
"5F","5SSO11226","Active","08/29/2022","Municipal (Public)","11,169","1,437,926","1,050,300","0",3,"1","1","0","0","0","0","0","0","0","0","0","0","0",1,1,"35","0","51","0","13","0","0","0","0","0","1","0",100,0,"0","36","9","none","0","3832","0","0","0","0","0","0","0","0","0","0","0","0","0","0","0","55","0","6","10","0","3","35","0",1,100,0,10,"2","30","10",".85",".90","WWTP same agency","City of Exeter WWTP","5SSO11226",1,"No"," "," "," ",0,0,0,0,NA
"5F","5SSO11227","Active","01/25/2023","Municipal (Public)","10,971","602,200","25,000","2",4,"2","1","2","1","0","1","1","1","0","0","0","0","0",1,3,"20","0","55","0","22","100","3","0","0","0","0","0",100,100,"1.25","28","12","none","0","2356","0","0","0","0","0","0","0","0","0","0","0","0","0","0","0","60","0","0","20","1","2","20","0",1,100,1,3,"0","2","0",".720",".720","WWTP same agency","CITY OF FARMERSVILLE","5SSO11227",1,"No"," "," "," ",0,6,3,0,NA
"5F","5SSO11228","Active","01/17/2023","Municipal (Public)","3,006","608,140","30,000","1",2,"0","1","0","0","0","0","0","0","0","0","0","0","0",0,0,"19","0","48","0","26","0","7","0","0","0","0","0",100,0,"0.2","19.1","5.5","none","0","0","0","0","0","0","0","0","0","0","0","0","0","0","0","0","0","0","0","0","90","1","0","10","0",0,100,1,0,"0","1.8","1.8","225,000","235,000","WWTP other agency","Citiy of Visalia","5D540113001",1,"No"," "," "," ",0,0,0,0,NA
"5F","5SSO11229","Active","01/10/2023","Municipal (Public)","58,496","1,274,308","490,071","5",0,"1","1","0","0","0","0","0","0","0","0","0","0","0",0,0,"40","50","25","0","32","50","2","0","1","0","0","0",100,100,"3.6","222.8","172","none","0","15985","0","0","0","0","0","0","0","0","0","7","0","0","20","0","1","25","0","9","30","0","6","18","0",5,100,0,21,"2","32.69","1","4.33","4.92","WWTP same agency","City of Hanford Wastewater Treatment Facility","5-01-153",1,"No"," "," "," ",0,17,0,0,NA
"5F","5SSO11230","Historical","06/13/2022","Municipal (Public)","4,925","15,000","300,800","03",1,"2","2","1","1","1","0","0","0","0","0","0","0","0",1,1,"25","0","50","0","25","0","0","0","0","0","0","0",100,0,"0","12","10.5","lower","25.3","1117","0","0","0","0","0","0","0","0","0","0","0","0","55","0","0","20","0","0","25","0","0","0","0",0,100,0,0,"0.5","10","0","0.245","0.294","WWTP same agency","Ivanhoe P.U.D. wwtp","5SSO11230",1,"No"," ","N/A","N/A",0,0,0,0,NA
"5F","5SSO11231","Active","05/08/2023","Park (w/Campground)","200","4,236","0","0",3,"1","1","2","0","0","0","0","0","0","0","0","0","0",1,0,"56","100","44","0","0","0","0","0","0","0","0","0",100,100,"0.4","3.3","0.6","none","0","60","0","0","0","0","0","0","0","0","0","0","0","0","0","0","0","95","0","0","0","0","0","5","0",4,100,0,4,"0","1.5","0","0.03","0.005","WWTP same agency","Buena Vista Aquatic Park","5SSO11231",1,"No"," "," "," ",0,0,1,0,NA
"5F","5SSO11234","Active","05/23/2023","Municipal (Public)","1,500","503,530","13,000","1",2,"1","1","2","0","1","0","0","0","0","0","0","0","0",2,1,"0","100","87","0","13","0","0","0","0","0","0","0",100,0,"0.2","7.5","5.5","upperLower","2","360","0","0","0","0","0","0","0","0","0","0","0","0","0","0","0","98","0","0","1","0","0","1","0",0,100,0,0,"8","2","0.5","0.200","0.325","WWTP same agency","Kettleman City Sanitary District","79-143",1,"No"," "," "," ",0,0,1,0,NA
"5F","5SSO11235","Active","07/06/2023","Municipal (Public)","109","20,000","2,000","0",1,"0","0","1","0","0","0","0","0","0","0","0","0","0",0,0,"3","0","97","0","0","0","0","0","0","0","0","0",100,0,"0","1.","0.3","none","0","40","0","0","0","0","0","0","0","0","0","0","0","0","0","0","0","0","0","0","99","0","0","1","0",0,100,0,0,"0","0","0",".007",".012","WWTP same agency","lemon cove treatment plant","94-348",1,"No"," "," "," ",0,0,0,0,NA
"5F","5SSO11236","Historical","07/05/2022","Municipal (Public)","26,600","2,358,224","2,958,794","2",3,"2","1","1","0","2","0","0","1","0","0","0","0","0",0,0,"22","1","49","4","29","95","0","0","0","0","0","0",100,100,"3","70","65","none","0","5996","0","0","0","0","0","0","5","0","0","10","0","0","20","2","0","30","3","3","20","0","4","15","1",5,100,6,12,"0","13","5","1.8","1.8","WWTP same agency","City of Lemoore","96-050",1,"No"," "," "," ",0,1,0,0,NA
"5F","5SSO11237","Historical","06/21/2022","Municipal (Public)","13,500","1,426,100","100,000","2",2,"2","1","0","0","1","0","0","1","0","0","0","0","0",0,2,"45","4","34","0","11","96","10","0","0","0","0","0",100,100,"7.2","33.9","10","none","0","2400","0","0","0","0","0","0","0","0","0","30","0","0","20","0","0","25","0","0","10","0","0","15","0",0,100,0,0,"0","5","0","1.2","2.25","WWTP same agency","Lindsay WWTP","5D540105001",1,"No"," "," "," ",0,0,0,0,NA
"5F","5SSO11238","Historical","06/06/2022","Municipal (Public)","1,953","229,393","229,393","0",0,"0","1","0","0","2","0","0","0","0","0","0","0","0",2,2,"5","0","70","100","25","0","0","0","0","0","0","0",100,100,"0.23","3.5","2","none","2","432","0","0","0","0","0","0","0","0","0","0","0","0","0","0","0","94","0","0","0","0","0","6","1",0,100,1,0,"0","0.05","0","0.164","0.164","WWTP same agency","LONDON CSD WASTEWATER","R5-2017-0109",1,"No","No"," "," ",1,0,0,0,NA
"5F","5SSO11241","Historical","12/18/2022","Municipal (Public)","3,310","546,300","320,417","1",1,"0","1","1","0","0","0","0","1","0","0","0","0","0",0,0,"1","0","77","0","22","0","0","0","0","0","0","0",100,0,"0","9","4","none","12","700","0","0","0","0","0","0","0","0","0","0","0","0","92","0","0","7","0","1","1","0","0","0","0",0,100,0,1,"1","1","0.5",".218",".223","WWTP same agency","Pixley Public Utility District","R5-2007-0123",1,"No"," "," "," ",0,0,0,1,NA
"5F","5SSO11242","Historical","06/17/2014","Municipal (Public)","2,500","441,373","0","0",1,"0","0","0","0","0","0","0","0","0","0","0","0","0",0,0,"23","0","44","0","33","0","0","0","0","0","0","0",100,0,"0","6","8","lower","4","580","0","0","0","0","0","0","0","0","0","0","0","0","0","0","0","0","0","0","100","0","0","0","0",0,100,0,0,"0","0","0",".200",".200","WWTP same agency","Wasetwater Treatment Facility","5D540137001",1,"No"," "," "," ",0,0,0,0,NA
"5F","5SSO11243","Historical","03/14/2017","Municipal (Public)","55,199","4,478,819","1,405,700","1",7,"2","1","1","0","2","0","0","0","0","0","0","0","0",1,0,"45","100","20","0","10","0","10","0","5","0","10","0",100,100,"5","165","0","none","0","11864","0","0","0","0","0","0","10","0","0","10","0","0","18","0","0","23","0","0","37","0","0","2","0",0,100,0,0,"0","37","1","4.7","4.9","WWTP same agency","City of Porterville","r520080034",1,"No"," "," "," ",0,0,0,0,NA
"5F","5SSO11244","Historical","10/12/2016","Municipal (Public)","3,500","128,052","0","1",2,"1","1","0","0","0","0","0","0","0","0","0","0","0",0,0,"25","0","25","0","50","0","0","0","0","0","0","0",100,0,"0","4","2","none","0","0","0","0","0","0","0","0","0","0","0","0","0","0","0","0","0","100","0","0","0","0","0","0","0",0,100,0,0,"0","0","0",".161",".170","SSS same agency","Richgrove Wastewater Treatment","5D541024001",1,"No"," "," "," ",0,0,0,0,NA
"5F","5SSO11247","Active","05/23/2023","Municipal (Public)","1,500","25,000","5,000","1",1,"1","1","0","0","0","0","0","0","0","0","0","0","0",0,0,"70","0","20","0","10","0","0","0","0","0","0","0",100,0,"0","3","1","lower","0.5","370","0","0","0","0","0","0","0","0","0","0","0","0","0","0","0","70","0","0","30","0","0","0","0",0,100,0,0,"0.5","2","0.1",".055",".06","WWTP same agency","waste water treatment plant","96-195",1,"No"," "," "," ",0,0,0,0,NA
"5F","5SSO11248","Active","04/20/2020","Municipal (Public)","1,200","100,000","10,000","1",0,"0","1","0","0","0","0","0","0","0","0","0","0","0",0,0,"65","0","11","0","24","0","0","0","0","0","0","0",100,0,"0","6","1","none","0","310","0","0","0","0","0","0","0","0","0","25","0","0","50","0","0","20","0","0","5","0","0","0","0",0,100,0,0,"0","0.5","0",".069",".09","WWTP same agency","Stratford PUD","5SSO11248",1,"No"," "," "," ",0,0,0,0,NA
"5F","5SSO11249","Active","01/17/2023","Municipal (Public)","1,904","490,804","500","1",1,"1","1","1","1","n/a","n/a","n/a","n/a","n/a","n/a","n/a","n/a","n/a",2,0,"90","0","10","0","0","0","0","0","0","0","0","0",100,0,"n/a","6","n/a","none","0","479","0","0","0","n/a","0","0","n/a","0","0","n/a","0","0","65","0","0","20","0","0","6","0","0","9","0",0,100,0,0,"0","1","0",".185",".185","WWTP same agency","Strathmore Public Utility District","5410012",4,"No"," "," "," ",0,0,0,0,NA
"5F","5SSO11250","Historical","10/18/2021","Municipal (Public)","2,195","264,245","0","1",1,"1","1","0","0","0","0","0","0","0","0","0","0","0",0,0,"45","100","35","0","20","0","0","0","0","0","0","0",100,100,"0","3.2","2.1","lower","1.6","524","0","0","0","0","0","0","0","0","0","0","0","0","0","0","0","0","0","0","100","0","0","0","0",0,100,0,0,"0","1.5","0","0.111","0.165","WWTP same agency","Terra Bella Sewer Maint. Dist","5SSO11250",1,"No"," "," "," ",0,0,0,0,NA
"5F","5SSO11251","Active","07/05/2023","Municipal (Public)","1,790","435,421","156,450","0",1,"1","0","0","0","1","1","1","0","0","0","0","0","0",0,0,"30","0","49","0","21","0","0","0","0","0","0","0",100,0,"8","8","5.6","none","0","602","0","0","0","0","0","0","0","0","0","0","0","0","90","0","0","0","0","0","5","0","0","5","0",0,100,0,0,"0","8","0","180,000","180,000","WWTP same agency","Tipton community services district","85-170",1,"No"," "," "," ",0,0,0,0,NA
"5F","5SSO11252","Historical","03/30/2018","Prison","2,000","130,000","20,000","2",2,"2","1","0","3","1","0","0","0","0","0","0","0","0",0,0,"0","0","0","0","0","0","0","0","0","0","100","0",100,0,"0","1.3","0.1","upperLower","0.1","6","0","0","0","0","0","0","0","0","0","0","0","0","0","0","0","0","0","0","100","0","1","0","0",0,100,0,1,"1","0","0",".25",".27","WWTP same agency","Sequoia Field/Bob Wiley","5SS011252",1,"No"," "," "," ",0,0,0,0,NA
"5F","5SSO11256","Historical","07/21/2020","Municipal (Public)","454","125,294","0","3",3,"2","2","0","0","0","0","0","0","0","0","0","0","0",0,0,"65","100","35","0","0","0","0","0","0","0","0","0",100,100,"0.1","1.1","0.7","lower","0.5","98","0","0","0","0","0","0","0","0","0","0","0","0","0","0","0","0","0","0","100","0","1","0","0",0,100,0,1,"0","0","0","0.0269","0.0290","WWTP same agency","Delft Colony WWTP","5SSO11256",1,"No"," "," "," ",0,0,0,0,NA
"5F","5SSO11257","Historical","07/21/2020","Municipal (Public)","339","139,904","0","3",3,"2","2","0","0","0","0","0","0","0","0","0","0","0",0,0,"95","100","5","0","0","0","0","0","0","0","0","0",100,100,"0.1","0.6","0.5","lower","0.4","67","0","0","0","0","0","0","0","0","0","0","0","0","0","0","0","0","0","0","100","0","0","0","0",1,100,0,1,"0","0","0","0.020","0.021","WWTP same agency","Tooleville WWTP","5SSO11257",1,"No"," "," "," ",0,0,0,0,NA
"5F","5SSO11258","Historical","06/01/2022","Municipal (Public)","713","195,926","0","0",0,"0","0","0","0","0","0","0","0","0","0","0","0","0",0,0,"60","100","40","0","0","0","0","0","0","0","0","0",100,100,"0.1","2.6","0.5","lower","0.4","201","0","0","0","0","0","0","0","0","0","0","0","0","0","0","0","0","0","0","100","0","1","0","0",0,100,0,1,"0","0","0",".040",".037","WWTP same agency","Traver WWTP","5SSO11258",1,"No"," "," "," ",0,0,0,0,NA
"5F","5SSO11259","Historical","08/08/2014","Park (w/Campground)","274,301","5,000","0","2",4,"1","1","0","0","0","0","0","0","0","0","0","0","0",0,0,"0","0","0","0","0","0","0","0","0","0","100","100",100,100,"1.1","0.5","0.5","upperLower","0","0","0","0","0","0","0","0","0","0","0","0","0","0","0","0","0","100","0","3","0","0","0","0","0",0,100,0,3,"0.5","0","0","1","1","SSS same agency",NA,NA,1,"No"," "," "," ",0,0,0,3,NA
"5F","5SSO11260","Historical","","","","","","",NA,"","","","","","","","","","","","","",NA,NA,"","","","","","","","","","","","",NA,NA,"","","","","","","","","","","","","","","","","","","","","","","","","","","","","",NA,NA,NA,NA,"","","","","","","","",0,"","","","",0,NA,NA,NA,NA
"5F","5SSO11267","Active","02/01/2023","Municipal (Public)","1,800","210,000","210,000","3",1,"1","1","0","0","0","0","0","0","0","0","0","0","0",0,0,"60","0","10","0","30","0","0","0","0","0","0","0",100,0,"0","5","2.7","lower","1.3","486","0","0","0","0","0","0","0","0","0","0","0","0","0","0","0","100","0","1","0","0","0","0","0",0,100,0,1,"0","5","0",".090",".90","WWTP same agency","Woodville P.U.D.  WWTP","5SSO11267",1,"No"," "," "," ",0,1,0,0,NA
"5F","5SSO11268","Historical","","","","","","",NA,"","","","","","","","","","","","","",NA,NA,"","","","","","","","","","","","",NA,NA,"","","","","","","","","","","","","","","","","","","","","","","","","","","","","",NA,NA,NA,NA,"","","","","","","","",0,"","","","",0,NA,NA,NA,NA
"5F","5SSO11270","Active","03/03/2023","Prison","2,350","12,000","10,000","0",7,"2","1","0","0","0","0","0","0","0","0","0","0","0",0,0,"16","0","33","0","45","0","6","0","0","0","0","0",100,0,"0","2","1","upperLower","1","40","0","0","0","0","0","0","0","0","0","0","0","0","0","0","0","0","0","0","100","4","0","0","0",0,100,4,0,"0","0","0",".487",".417","WWTP same agency","CCWF","5SSO11270",1,"No"," "," "," ",0,0,0,0,NA
"5F","5SSO11271","Active","04/07/2023","Prison","3,000","1,000,000","0","5",32,"53","6","0","0","0","0","0","0","0","0","0","0","0",0,0,"5","0","15","0","45","0","35","0","0","0","0","0",100,0,"0","5","5","upperLower","5","1","0","0","0","0","0","0","0","0","0","0","0","0","0","0","0","0","0","0","99","0","0","1","0",0,100,0,0,"0","1","0","0.52","0.55","WWTP other agency","CCWF Prison","N/A",1,"No"," ","N/A","N/A",0,0,0,0,NA
"5F","5SSO11275","Historical","","","","","","",NA,"","","","","","","","","","","","","",NA,NA,"","","","","","","","","","","","",NA,NA,"","","","","","","","","","","","","","","","","","","","","","","","","","","","","",NA,NA,NA,NA,"","","","","","","","",0,"","","","",0,NA,NA,NA,NA
"5F","5SSO11279","Active","10/04/2022","Municipal (Public)","2,503","500,000","460,000","0",3,"2","1","1","0","1","0","0","1","0","0","0","0","0",0,3,"0","0","0","0","0","0","0","0","0","0","100","100",100,100,"0","8.6","3.6","none","0","637","0","0","0","0","0","0","0","0","0","0","0","0","0","0","0","97","1","0","3","0","0","0","1",1,100,2,1,"0","1","0","165","190","WWTP same agency","CARUTHERS C. S. D.","91-191",1,"No"," "," "," ",0,0,0,0,NA
"5F","5SSO11280","Active","05/14/2022","Municipal (Public)","11,759","1,364,587","100,000","0",2,"1","1","0","1","0","0","1","0","0","1","0","0","0",3,0,"25","0","50","0","25","100","0","0","0","0","0","0",100,100,"2","48.2","0.2","none","0","3956","0","0","0","0","0","0","0","0","0","20","0","0","52","1","0","10","1","1","10","0","1","8","0",0,100,2,2,"2","5","0.2","0.9","1.2","WWTP same agency","City of Chowchilla","5SSO11280",4,"No"," "," "," ",0,0,0,0,NA
"5F","5SSO11281","Historical","06/20/2016","Municipal (Public)","12,000","547,000","200,000","5",5,"3","2","0","0","0","0","0","0","0","0","0","0","0",0,0,"50","0","15","100","25","0","10","0","0","0","0","0",100,100,"1","42","11","none","0","4000","0","0","0","0","0","0","0","0","0","1","0","0","49","0","0","15","0","0","15","1","2","20","0",1,100,1,3,"0.2","42","0","903","903","WWTP same agency","Coalinga","5sso11281",1,"No"," "," "," ",0,0,0,3,NA
"5F","5SSO11282","Historical","04/13/2016","Municipal (Public)","1,298","160,000","160,000","0",3,"1","1","3","0","0","0","0","0","0","0","0","0","0",0,0,"0","0","0","0","0","0","0","0","0","0","100","100",100,100,"0","0","0","upperLower","0","0","0","0","0","0","0","0","10","0","0","50","0","0","10","0","0","10","0","0","10","0","0","10","0",0,100,0,0,"0","0","0","155,149","13,149","WWTP same agency","Del Rey Community Services Dist","90-183",1,"No"," "," "," ",0,0,0,0,NA
"5F","5SSO11283","Historical","10/18/2017","Municipal (Public)","8,000","1,230,332","339,000","3",5,"3","1","0","0","0","0","0","0","0","0","0","0","0",0,0,"25","5","50","15","25","80","0","0","0","0","0","0",100,100,"2.2","22.3","14.0","none","0","2300","0","0","0","0","0","0","0","0","0","0","0","0","0","0","0","25","0","0","35","1","2","40","3",0,100,4,2,"0.3","1.0","1.0","0.570","0.858","SSS same agency","Delhi County Water District","5SSO11283",2,"No"," "," "," ",0,1,1,0,NA
"5S","5SSO11284","Active","12/02/2022","Municipal (Public)","7,000","645,000","0","5",3,"2","1","0","0","0","0","0","0","0","0","0","0","0",0,0,"45","0","50","100","5","0","0","0","0","0","0","0",100,100,"3","22","22","lower","11","2264","0","0","0","0","0","0","0","0","0","0","0","0","60","0","0","10","0","3","25","0","0","5","1",1,100,1,4,"1","10","0.5",".500",".700","WWTP same agency","City of Dos Palos Wastewater Treatment Plant","5C240102001",1,"No"," "," "," ",0,5,0,0,NA
"5F","5SSO11285","Active","04/13/2023","Municipal (Public)","8,328","1,434,298","762,150","1",5,"2","1","4","0","2","0","0","0","0","0","0","0","0",3,0,"30","40","30","0","40","60","0","0","0","0","0","0",100,100,"7.5","15","12","lower","8","1845","0","0","0","0","0","0","0","0","0","0","0","0","45","0","0","35","0","0","15","0","0","5","7",2,100,7,2,"0","5","1",".550",".600","WWTP same agency","CITY OF FIREBAUGH WASTE WATER TREATMENT PLANT","98-230",1,"No"," "," "," ",0,3,2,0,NA
"5F","5SSO11286","Active","04/13/2023","Municipal (Public)","8,900","952,000","922,000","1",0,"1","1","0","0","0","0","0","0","0","0","0","0","0",1,0,"40","0","40","98","20","2","0","0","0","0","0","0",100,100,"1.3","13.5","11.9","none","0","1706","0","0","0","0","0","0","0","0","0","0","0","0","0","0","0","38","1","0","37","1","0","25","1",0,100,3,0,"0","0.75","0",".390",".731","WWTP same agency","Franklin County Water WWTF","89-171",1,"No"," "," "," ",0,2,0,240,NA
"5F","5SSO11288","Active","02/02/2023","Municipal (Public)","158","54,357","0","0",9,"1","1","0","0","0","0","0","0","0","0","0","0","0",0,0,"100","0","0","0","0","0","0","0","0","0","0","0",100,0,"0","2.5","0.6","lower","0","60","0","0","0","0","0","0","0","0","0","0","0","0","0","0","0","100","0","0","0","0","0","0","0",0,100,0,0,"1.2","0.75","0.75",".0084",".00107","WWTP same agency","District 38 Sky Harbour","5SS011288",1,"No"," "," "," ",0,0,0,0,NA
"5F","5SSO11289","Active","02/02/2023","Municipal (Public)","1,988","1,043,538","0","0",9,"1","1","0","0","0","0","0","0","0","0","0","0","0",0,0,"30","0","60","0","10","0","0","0","0","0","0","0",100,0,"0","5","5.4","lower","5.4","750","0","0","0","0","0","0","0","0","0","0","0","0","0","0","0","0","0","0","40","0","0","60","0",2,100,0,2,"0","1.3","0",".163",".219","WWTP same agency","CSA 47 Quail Lakes WWTP","5SS011289",1,"No"," "," "," ",0,0,0,0,NA
"5F","5SSO11290","Active","02/02/2023","Municipal (Public)","173","84,859","0","0",9,"1","1","0","0","0","0","0","0","0","0","0","0","0",0,0,"100","0","0","0","0","0","0","0","0","0","0","0",100,0,"0.5","2","0.7","lower","0","69","0","0","0","0","0","0","0","0","0","0","0","0","0","0","0","100","0","0","0","0","0","0","0",0,100,0,0,"0","0.5","0",".006",".0011","WWTP same agency","WWD 40 Shaver","5SS011290",1,"No"," "," "," ",0,0,0,0,NA
"5F","5SSO11291","Active","02/02/2023","Municipal (Public)","245","80,688","0","0",9,"1","1","0","0","0","0","0","0","0","0","0","0","0",0,0,"50","0","50","0","0","0","0","0","0","0","0","0",100,0,"0","1","0.4","lower","0","99","0","0","0","0","0","0","0","0","0","0","0","0","0","0","0","100","0","0","0","0","0","0","0",0,100,0,0,"0","0.5","0",".0085",".0098","WWTP same agency","District 44A Millerton Lake","5SS011291",1,"No"," "," "," ",0,0,0,0,NA
"5F","5SSO11292","Active","02/02/2023","Municipal (Public)","123","53,271","0","0",9,"1","1","0","0","0","0","0","0","0","0","0","0","0",0,0,"50","0","50","0","0","0","0","0","0","0","0","0",100,0,"0","0.4","0.5","lower","0","54","0","0","0","0","0","0","0","0","0","0","0","0","0","0","0","0","0","0","100","0","0","0","0",0,100,0,0,"0","1","0",".011",".012","WWTP same agency","El Porvenir","5SS011292",1,"No"," ","N/A","N/A",0,0,0,0,NA
"5F","5SSO11293","Active","02/02/2023","Municipal (Public)","178","99,496","0","0",9,"1","1","0","0","0","0","0","0","0","0","0","0","0",0,0,"0","0","100","0","0","0","0","0","0","0","0","0",100,0,"1.2","0.6","0.7","lower","0","73","0","0","0","0","0","0","0","0","0","0","0","0","0","0","0","0","0","0","100","0","0","0","0",0,100,0,0,"0","0","0",".012",".0014","WWTP same agency","Cantua Creek WWTP","5SS011293",1,"No"," "," "," ",0,0,0,0,NA
"5F","5SSO11295","Active","02/02/2023","Municipal (Public)","1,715","776,590","0","0",9,"1","1","0","0","0","0","0","0","0","0","0","0","0",0,0,"80","50","0","50","20","0","0","0","0","0","0","0",100,100,"3","3","4","lower","0","743","0","0","0","0","0","0","0","0","0","0","0","0","0","0","0","25","0","0","25","0","0","50","0",0,100,0,0,"1","1","0",".128",".656","SSS same agency","County Service Area 31-Shaver Lake Community Cente","5SS011297",1,"No"," "," "," ",0,0,0,0,NA
"5F","5SSO11296","Active","02/02/2023","Municipal (Public)","935","617,473","0","0",9,"1","1","0","0","0","0","0","0","0","0","0","0","0",0,0,"100","8","0","78","0","14","0","0","0","0","0","0",100,100,"3.3","1.1","2.5","upperLower","2.5","315","0","0","0","0","0","0","0","0","0","0","0","0","0","0","0","0","0","0","47","0","0","53","0",0,100,0,0,"0","0","0",".065",".098","WWTP same agency","District 34 Millerton New Town","5SS011296",1,"No"," "," "," ",0,0,0,0,NA
"5F","5SSO11297","Active","02/02/2023","Municipal (Public)","1,625","592,518","0","0",9,"1","1","0","0","0","0","0","0","0","0","0","0","0",0,0,"80","50","0","50","20","0","0","0","0","0","0","0",100,100,"3","6","9.5","lower","0","658","0","0","0","0","0","0","0","0","0","0","0","0","0","0","0","25","0","0","25","0","0","50","0",0,100,0,0,"2","0.5","0",".128",".656","WWTP same agency","Waterworks District 41S","5SS011297",1,"No"," "," "," ",0,0,0,0,NA
"5F","5SSO11298","Historical","","","","","","",NA,"","","","","","","","","","","","","",NA,NA,"","","","","","","","","","","","",NA,NA,"","","","","","","","","","","","","","","","","","","","","","","","","","","","","",NA,NA,NA,NA,"","","","","","","","",0,"","","","",0,NA,NA,NA,NA
"5F","5SSO11300","Active","09/27/2016","Municipal (Public)","5,532","380,000","100,000","3",4,"1","1","0","0","1","0","0","0","0","0","0","0","0",0,0,"40","0","20","0","10","75","10","25","0","0","20","0",100,100,"0.5","30","6.5","lower","4","1850","0","0","0","0","0","0","10","0","0","25","0","0","30","0","0","20","0","0","10","0","2","5","0",0,100,0,2,"1","5","1",".750","1.0","WWTP same agency","Gustine Wastewater Plant",NA,1,"No"," "," "," ",0,0,0,0,NA
"5F","5SSO11301","Historical","05/22/2023","Municipal (Public)","5,500","800,000","150,000","2",1,"1","1","1","0","2","0","0","0","0","0","0","0","0",2,2,"50","0","50","0","0","100","0","0","0","0","0","0",100,100,"6","17","7","none","0","1620","0","0","0","0","0","0","0","0","0","0","0","0","0","0","0","45","0","0","45","1","2","10","1",1,100,2,3,"1","10","0",".35",".55","WWTP same agency","Hilmar WWTP","99-077",1,"No"," "," "," ",0,0,0,0,NA
"5F","5SSO11302","Active","03/17/2023","Municipal (Public)","7,281","25,000","0","1",5,"1","1","0","0","0","0","0","0","0","0","0","0","0",1,0,"0","0","90","0","10","1","0","0","0","0","0","0",100,100,"1","9","5","lower","5","932","0","2","0","0","0","0","10","0","0","10","0","0","15","0","0","20","0","0","30","0","0","15","0",0,100,2,0,"0","4.5","2.5","0.450","1","WWTP same agency","City of Huron","5SSO11302",1,"No"," "," "," ",0,0,0,0,NA
"5S","5SSO11303","Active","01/06/2023","Municipal (Public)","3,000","100,000","100,000","2",3,"1","1","1","0","0","0","0","0","0","0","0","0","0",0,0,"45","100","40","0","15","0","0","0","0","0","0","0",100,100,"1","15.0","8.3","none","0","1530","0","0","0","0","0","0","0","0","0","0","0","0","10","0","0","37","0","0","20","0","0","33","0",0,100,0,0,"1.9","12.9","1.0",".135","1.094","WWTP same agency","Jamestown Sanitary District","5SSO11303",1,"No","No",NA,NA,5,1,1,0,NA
"5F","5SSO11305","Active","02/02/2023","Municipal (Public)","313","190,318","0","0",9,"1","1","0","0","0","0","0","0","0","0","0","0","0",0,0,"40","0","60","0","0","0","0","0","0","0","0","0",100,0,"0","3","0.5","lower","0","123","0","0","0","0","0","0","0","0","0","0","0","0","0","0","0","0","0","0","0","0","0","100","0",0,100,0,0,"0","0","0",".029",".036","WWTP same agency","District 44D-Monte Verdi","5SS011305",1,"No"," "," "," ",0,0,0,0,NA
"5F","5SSO11306","Active","04/07/2017","Municipal (Public)","1,850","265,195","223,056","1",1,"1","1","0","0","1","0","0","0","0","0","1","0","0",1,1,"0","0","100","0","0","0","0","0","0","0","0","0",100,0,"0","6","3","none","0","520","0","0","0","0","0","0","0","0","0","0","0","0","0","0","0","90","0","0","10","0","0","0","0",0,100,0,0,"0","2","0.3","110","120","WWTP same agency","LCSD","0",1,"No"," "," "," ",0,1,0,0,NA
"5F","5SSO11307","Historical","05/24/2023","Municipal (Public)","1,800","380,000","0","N/A",4,"2","1","0","0","0","0","0","0","0","0","0","0","0",0,0,"10%","0","55%","0","35%","100%","0","0","0","0","0","0",100,100,"1.5","12","3","upperLower","13.5","476","0","0","0","0","0","0","0","0","0","0","0","0","0","0","0","5","0","0","95","0","0","0","1",0,100,1,0,"N/A","1.5","N/A",".120",".180","WWTP same agency","LeGrand CSD","0",1,"No"," "," "," ",0,1,1,2,NA
"5F","5SSO11309","Active","04/18/2023","Municipal (Public)","14,800","64,273","150,000","6",4,"2","2","0","0","2","0","0","0","0","0","0","0","0",1,0,"30","0","60","25","0","75","10","0","0","0","0","0",100,100,"4","32","12","lower","8.5","3400","0","0","0","0","0","0","5","0","0","10","0","0","25","0","0","25","0","0","20","0","0","15","6",3,100,6,3,"1","5","0","1.25","1.5","WWTP same agency","City of Livingston","5SSO11309",1,"No"," "," "," ",0,0,0,0,NA
"5F","5SSO11310","Active","12/16/2022","Municipal (Public)","46,639","2,821,722","2,124,685","0",22,"3","2","0","0","0","0","0","0","0","0","0","0","0",0,0,"43","13","29","56","21","31","7","0","0","0","0","0",100,100,"5","128","120","lower","93","12781","0","0","0","1","0","0","1","0","0","3","0","0","7","0","0","15","0","2","20","3","3","53","2",3,100,5,8,"1","30","0","3.3","4.9","WWTP same agency","City of Los Banos WWTP","5SS011310",1,"No"," "," "," ",0,11,3,0,NA
"5F","5SSO11311","Active","01/05/2023","Municipal (Public)","2,686","200,000","20,000","3",6,"2","1","0","0","0","0","0","0","0","0","0","0","0",8,2,"50","50","50","50","0","0","0","0","0","0","0","0",100,100,"2.5","5","1.5","lower","0.5","1630","0","0","0","0","0","0","0","0","0","0","0","0","0","0","0","55","0","0","40","0","8","5","1",0,100,1,8,"1","4","0.5",".250",".45","WWTP same agency","Oakhurst WWTP","5C200102006",1,"No"," "," "," ",0,1,3,0,NA
"5F","5SSO11312","Active","01/06/2023","Municipal (Public)","93","1,000","0","2",6,"1","1","0","0","0","0","0","0","0","0","0","0","0",0,0,"20","100","80","0","0","0","0","0","0","0","0","0",100,100,"0.2","1","0.1","lower","0.1","34","0","0","1","0","0","0","0","0","0","100","0","0","0","0","0","0","0","0","0","0","0","0","0",0,100,0,1,"0.1","1","0",".02",".02","WWTP same agency","Chukchanse WWTP(Ponds)","5C200103001",1,"No"," "," "," ",0,0,0,0,NA
"5F","5SSO11313","Historical","05/06/2010","Municipal","3,000","88,000","50,000","0",4,"1","0","0","0","0","0","0","0","0","0","0","0","0",NA,NA," "," "," "," "," "," "," "," "," "," "," "," ",NA,NA,"0","0.7","0.2","lower","0.2","100"," "," "," ","0"," "," ","0"," "," ","0"," "," ","0"," "," ","0"," "," ","100"," "," ","0"," ",NA,NA,NA,NA,"0.1","0","0"," "," "," "," "," ",0," "," "," "," ",0,NA,NA,NA,NA
"5F","5SSO11314","Historical","12/14/2010","Municipal","190","58,640","0","0",4,"1","1","0","0","0","0","0","0","0","0","0","0","0",NA,NA," "," "," "," "," "," "," "," "," "," "," "," ",NA,NA,"0","0.8","0.2","lower","0.1","64"," "," "," ","0"," "," ","0"," "," ","0"," "," ","0"," "," ","96"," "," ","2"," "," ","2"," ",NA,NA,NA,NA,"0.1","0.4","0"," "," "," "," "," ",0," "," "," "," ",0,NA,NA,NA,NA
"5F","5SSO11315","Active","01/06/2023","Municipal (Public)","789","17,500","0","2",6,"1","1","0","0","0","0","0","0","0","0","0","0","0",0,0,"100","100","0","0","0","0","0","0","0","0","0","0",100,100,"0","2.6","0.5","lower","0.5","263","0","0","0","0","0","0","0","0","0","0","0","0","0","0","0","100","0","0","0","0","0","0","0",0,100,0,0,"0.1","1","0.5",".06",".06","WWTP same agency","Parkwood WWTF","5SSO11315",1,"No"," "," "," ",0,0,0,0,NA
"5F","5SSO11316","Active","07/13/2022","Municipal (Public)","375","215,715","413,483","3",7,"3","1","1","0","0","0","0","0","0","0","0","0","0",0,0,"50","0","50","0","0","0","0","0","0","0","0","0",100,0,"0","2.6","0.2","lower","0.2","195","0","0","00","0","0","0","0","0","0","0","0","0","0","0","0","100","0","0","0","0","0","0","0",0,100,0,0,"0.5","2.1","0.5",".015",".025","WWTP same agency","North Fork WWTP","5SSO11316",1,"No"," "," "," ",0,1,0,0,NA
"5F","5SSO11317","Active","07/13/2022","Municipal (Public)","414","216,240","85,000","3",7,"3","1","0","0","0","0","0","0","0","0","0","0","0",0,0,"100","100","0","0","0","0","0","0","0","0","0","0",100,100,"0.2","1.4","0.6","lower","0.5","138","0","0","0","0","0","0","0","0","0","0","0","0","0","0","0","0","0","0","100","0","1","0","0",0,100,0,1,"0.1","1.4","0.1",".018",".030","WWTP same agency","Goldside WWTP","5C200102003",1,"No"," "," "," ",0,0,0,0,NA
"5F","5SSO11318","Active","07/13/2022","Municipal (Public)","123","95,418","150,000","3",7,"3","1","1","0","0","0","0","0","0","0","0","0","0",0,0,"100","0","0","0","0","0","0","0","0","0","0","0",100,0,"0","1","0.1","lower","0.1","46","0","0","0","0","0","0","0","0","0","0","0","0","0","0","0","100","0","0","0","0","0","0","0",0,100,0,0,"0.7","0.7","0",".01",".01","WWTP same agency","Lakeshore WWTP","5C200102002",1,"No"," "," "," ",0,0,0,0,NA
"5F","5SSO11319","Active","11/22/2022","Municipal (Public)","3,399","898,709","0","3",6,"3","2","0","0","0","0","0","0","0","0","0","0","0",0,0,"40","50","60","50","0","0","0","0","0","0","0","0",100,100,"4.4","8.4","1.9","lower","1.9","1570","0","0","0","0","0","0","0","0","0","0","0","0","0","0","0","95","2","3","3","0","0","2","6",5,100,8,8,"5","5.0","0.25",".150",".500","WWTP same agency","Bass lake WWTP","5C200102001",1,"No","No"," "," ",1,4,4,0,NA
"5F","5SSO11320","Active","07/13/2022","Municipal (Public)","240","67,923","50,000","3",7,"3","1","1","0","0","0","0","0","0","0","0","0","0",0,0,"100","100","0","0","0","0","0","0","0","0","0","0",100,100,"0.1","1.1","0.2","lower","0.2","92","0","0","0","0","0","0","0","0","0","0","0","0","0","0","0","100","0","0","0","0","0","0","0",0,100,0,0,"0.1","0","0",".01",".025","WWTP same agency","Marina View WWTP","5C200102009",1,"No"," "," "," ",0,0,0,0,NA
"5F","5SSO11321","Historical","05/06/2010","Municipal","48","11,000","0","0",4,"1","1","0","0","0","0","0","0","0","0","0","0","0",NA,NA," "," "," "," "," "," "," "," "," "," "," "," ",NA,NA,"0","0.2","0.1","lower","0.1","16"," "," "," ","0"," "," ","0"," "," ","0"," "," ","0"," "," ","100"," "," ","0"," "," ","0"," ",NA,NA,NA,NA,"0","0","0"," "," "," "," "," ",0," "," "," "," ",0,NA,NA,NA,NA
"5F","5SSO11322","Historical","06/15/2022","Municipal (Public)","67,456","1,089,592","400,000","0",4,"1","1","3","0","1","0","0","0","0","0","0","0","0",3,0,"30","0","40","0","20","0","5","0","5","0","0","0",100,0,"5","180","141","lower","70","12990","0","0","0","0","0","0","0","0","0","0","0","0","10","0","0","49","0","0","30","0","0","11","2",2,100,2,2,"3","125","19.5","5.2","5.9","WWTP other agency","City of Madera","5sso11322",1,"No"," "," "," ",0,3,1,0,NA
"5F","5SSO11323","Active","09/12/2022","Municipal (Public)","350","5,258","0","0",2,"1","1","0","0","0","0","0","0","0","0","0","0","0",0,0,"100","0","0","0","0","0","0","0","0","0","0","0",100,0,"0","6.0","0.7","none","0","140","0","0","0","0","0","0","0","0","0","0","0","0","0","0","0","100","0","0","0","0","0","0","0",0,100,0,0,"2.1","0","0",".040",".060","WWTP same agency","Mariposa County- Yosemite West WWTP","5C221002001",1,"No"," "," "," ",0,1,0,0,NA
"5S","5SSO11324","Active","08/11/2022","Municipal (Public)","240","4,039","0","0",2,"1","1","0","0","0","0","0","0","0","0","0","0","0",0,0,"100","100","0","0","0","0","0","0","0","0","0","0",100,100,"0","3.3","0.5","none","0","96","0","0","0","0","0","0","0","0","0","0","0","0","0","0","0","100","0","1","0","0","0","0","0",0,100,0,1,"0.8","0","0",".012",".018","WWTP same agency","Mariposa County-Coulterville WWTP","5C220101001",1,"No"," "," "," ",0,0,1,0,NA
"5F","5SSO11325","Historical","12/25/2010","Municipal","58","0","0","2",4,"1","1","0","0","0","0","0","0","0","0","0","0","0",NA,NA," "," "," "," "," "," "," "," "," "," "," "," ",NA,NA,"0.2","0.4","0.1","none"," ","23"," "," "," ","0"," "," ","0"," "," ","0"," "," ","0"," "," ","100"," "," ","0"," "," ","0"," ",NA,NA,NA,NA,"0","0","0"," "," "," "," "," ",0," "," "," "," ",0,NA,NA,NA,NA
"5F","5SSO11326","Active","05/05/2023","Municipal (Public)","260","12,500","0","1",4,"1","1","0","0","0","0","0","0","0","0","0","0","0",0,0,"100","100","0","0","0","0","0","0","0","0","0","0",100,100,"1.1","4.2","0.5","none","0","104","0","0","0","0","0","0","0","0","0","0","0","0","0","0","0","100","0","8","0","0","0","0","0",0,100,0,8,"1.5","0","0",".014",".045","WWTP same agency","Mariposa County- Don Pedro WWTP","5C221003001",1,"No"," "," "," ",0,1,1,0,NA
"5F","5SSO11327","Historical","02/21/2023","Municipal (Public)","11,410","1,514,633","345,000","0",5,"2","2","0","0","0","0","0","0","0","0","0","0","0",3,2,"27","0","39","0","19","0","15","0","0","0","0","0",100,0,"0","41","N/A","none","0","2271","0","0","0","0","0","0","0","0","0","0","0","0","30","0","0","30","0","0","30","0","1","10","0",0,100,0,1,"0","3","0","1.08","1.2","WWTP same agency","City of Mendota","0",1,"No"," "," "," ",0,1,0,0,NA
"5F","5SSO11328","Historical","","","","","","",NA,"","","","","","","","","","","","","",NA,NA,"","","","","","","","","","","","",NA,NA,"","","","","","","","","","","","","","","","","","","","","","","","","","","","","",NA,NA,NA,NA,"","","","","","","","",0,"","","","",0,NA,NA,NA,NA
"5F","5SSO11332","Historical","","","","","","",NA,"","","","","","","","","","","","","",NA,NA,"","","","","","","","","","","","",NA,NA,"","","","","","","","","","","","","","","","","","","","","","","","","","","","","",NA,NA,NA,NA,"","","","","","","","",0,"","","","",0,NA,NA,NA,NA
"5F","5SSO11334","Historical","09/03/2019","Municipal (Public)","14,494","342,000","237,600","0",1,"0","1","0","0","0","0","1","0","0","0","1","0","0",1,1,"26","13","51","43","22","44","1","0","0","0","0","0",100,100,"3.6","28.8","100","upperLower","100","2229","0","0","0","0","0","0","0","0","0","10","0","0","20","0","0","20","0","0","40","0","0","10","0",0,100,0,0,"0","10","0","1,089,749","973,998","WWTP same agency","City of Parlier","R5-95-103",1,"No"," "," "," ",0,0,0,0,NA
"5S","5SSO11335","Historical","","","","","","",NA,"","","","","","","","","","","","","",NA,NA,"","","","","","","","","","","","",NA,NA,"","","","","","","","","","","","","","","","","","","","","","","","","","","","","",NA,NA,NA,NA,"","","","","","","","",0,"","","","",0,NA,NA,NA,NA
"5F","5SSO11336","Historical","07/11/2016","Municipal (Public)","3,000","60,000","208,611","2",1,"1","4","1","0","0","0","0","0","0","0","0","0","0",0,0,"100","0","0","0","0","100","0","0","0","0","0","0",100,100,"1.5","10","10","upperLower","2","940","0","0","0","0","0","0","0","0","0","0","0","0","75","0","0","0","0","0","0","0","0","25","0",4,100,0,4,"0","2","0","21,000","220,000","WWTP same agency","Riverdale","85-252",4,"No"," "," "," ",0,0,2,0,NA
"5F","5SSO11338","Active","10/10/2022","Municipal (Public)","4,025","378,624","67,000","0",7,"1","1","0","0","0","0","0","0","0","0","0","0","0",0,0,"20","0","20","0","50","100","10","0","0","0","0","0",100,100,"1.1","8.7","7.2","lower","3.6","957","0","0","0","0","0","0","0","0","0","0","0","0","20","0","0","15","0","0","10","0","0","55","1",2,100,1,2,"0","7.5","2.6",".261",".300","WWTP same agency","City Of San Joaquin","5sso11338",1,"No"," "," "," ",0,0,0,0,NA
"5F","5SSO11340","Historical","12/06/2022","Municipal (Public)","700","176,200","19,000","0",0,"0","0","0","0","0","0","0","0","0","0","0","0","0",0,0,"75","0","25","0","0","0","0","0","0","0","0","0",100,0,"0.0","1.2","1.3","lower","0.6","62","0","0","0","0","0","0","0","0","0","0","0","0","0","0","0","0","0","0","100","0","0","0","0",0,100,0,0,"0","0","0","0.0192","0.0192","WWTP same agency","San Luis Hills/ San Luis Water District","0",1,"No"," "," "," ",0,0,0,0,NA
"5F","5SSO11342","Active","07/06/2023","Municipal (Public)","25,664","4,931,900","945,300","2",4,"1","1","1","0","0","0","0","4","0","0","0","0","0",6,0,"0","0","0","0","0","0","0","0","0","0","100","100",100,100,"2.9","82.3","29.6","lower","8","6500","0","1","3","0","0","0","1","0","0","15","0","0","15","0","0","21","0","0","40","0","0","8","0",0,100,1,3,"0","3","0","2.1","3.7","WWTP same agency","Sanger WWTP","n/a",1,"No"," "," "," ",0,0,1,0,NA
"5S","5SSO11343","Active","01/15/2023","Municipal (Public)","1,308","708,409","91,030","2",0,"1","1","0","1","0","0","0","0","0","0","0","0","0",0,0,"31","10","42","26","27","64","0","0","0","0","0","0",100,100,"2","9","5","none","0","625","0","0","0","0","0","0","0","0","0","0","0","0","26","0","0","18","0","0","33","0","0","23","0",0,100,0,0,"0","4","4","252,688","221,756","WWTP same agency","Santa Nella CWD","5SSO11343",1,"No"," "," "," ",0,0,0,0,NA
"5F","5SSO11344","Active","04/23/2023","Municipal (Public)","400","113,000","13,500","0",3,"1","0","2","2","0","0","0","1","0","0","0","0","0",2,1,"0","0","100","0","0","0","0","0","0","0","0","0",100,0,"0","1.7","0.7","none","0","0","0","0","0","0","0","0","0","0","0","0","0","0","0","0","0","100","0","0","0","0","0","0","0",0,100,0,0,"0","0","0","20,000","28,000","WWTP same agency","Snelling CSD","85-155",1,"No"," "," "," ",0,0,0,0,NA
"5F","5SSO11345","Historical","","","","","","",NA,"","","","","","","","","","","","","",NA,NA,"","","","","","","","","","","","",NA,NA,"","","","","","","","","","","","","","","","","","","","","","","","","","","","","",NA,NA,NA,NA,"","","","","","","","",0,"","","","",0,NA,NA,NA,NA
"5S","5SSO11354","Historical","06/02/2010"," ","2,500","94,500","5,000","0",1,"1","1","0","0","0","0","0","0","0","0","0","0","0",NA,NA," "," "," "," "," "," "," "," "," "," "," "," ",NA,NA,"2","0.5","0","none"," ","0"," "," "," ","0"," "," ","0"," "," ","0"," "," ","0"," "," ","0"," "," ","90"," "," ","10"," ",NA,NA,NA,NA,"0","0.1","0.1"," "," "," "," "," ",0," "," "," "," ",0,NA,NA,NA,NA
"5F","5SSO11355","Active","07/19/2022","Other","300","50,000","0","3",3,"1","1","0","0","0","0","0","0","0","0","0","0","0",3,3,"100","0","0","0","0","0","0","0","0","0","0","0",100,0,"0","1.7","0","none","0","0","0","0","0","0","0","0","0","0","0","0","0","0","50","0","0","38","0","0","12","0","0","0","0",0,100,0,0,"0.7","1.7","0","0.02","0.0001","WWTP same agency","White Wolf Wastewater Treatment Plant","93-062",1,"No"," "," "," ",0,0,0,0,NA
"5S","5SSO11361","Active","10/11/2022","Municipal (Public)","0","305,886","0","0",0.44,"0.07","0.02","0.30","0","0.12","0","0","0.05","0.02","0.02","0","0","0",0.05,0,"17","100","35","0","38","0","10","0","0","0","0","0",100,100,"3.4","7.9","1.1","none","0","136","6","0","0","0","0","0","0","0","0","0","0","0","0","0","0","27","0","0","43","0","2","24","0",1,100,0,3,"0","8","0","0.19","0.70","SSS other agency","City of Roseville CS","5SSO10935",2,"No"," "," "," ",0,7,3,0,NA
"5S","5SSO11362","Active","10/11/2022","Municipal (Public)","17,675","2,718,239","0","0",3.67,"0.58","0.19","2.51","0","0.97","0.19","0.19","0.39","0","0","0","0","0",0.39,0,"74","100","13","0","13","0","0","0","0","0","0","0",100,100,"5.76","117.01","55.5","none","0","6495","3","0","0","0","0","0","0","0","0","0","0","0","10","0","0","28","0","2","49","1","3","10","0",1,100,1,6,"0","62.7","30.7","1.38","5.12","SSS other agency","City of Roseville Collection System","5SSO10935",1,"No"," ","N/A","N/A",0,207,4,4,NA
"5S","5SSO11363","Active","10/11/2022","Municipal (Public)","4,345","625,944","0","0",0.81,"0.13","0.04","0.56","0","0.21","0.04","0.04","0.09","0","0","0","0","0",0.09,0.09,"68","5","20","0","12","95","0","0","0","0","0","0",100,100,"3.6","22.35","10.6","none","0","1865","0","0","0","0","0","0","0","0","0","0","0","0","0","0","0","7","0","1","1","0","0","92","1",2,100,1,3,"0","0.911","0",".31","1.16","WWTP other agency","City of Roseville, Dry Creek WWTP","5A310106001",1,"No"," "," "," ",0,14,5,0,NA
"5S","5SSO11409","Active","08/29/2022","Municipal (Public)","5,672","1,335,060","1,066,629","1",1,"2","1","0","0","0","0","0","0","0","0","0","0","0",0,0,"52","5","30","3","18","92","0","0","0","0","0","0",100,100,"3.8","10.26","8.3","none","0","1186","0","0","0","0","0","0","0","0","0","0","0","0","0","0","0","63","0","0","17","1","0","20","1",1,100,2,1,"0","0","0",".35",".35","SSS other agency","City of Turlock Collection System","5SSO11069",1,"No"," "," "," ",0,0,0,0,NA
"5R","5SSO11421","Active","11/03/2022","Municipal (Public)","8,337","820,000","278,000","1",1,"2","1","0","0","1","0","0","0","0","0","0","0","0",0,1,"0","0","0","100","81","0","19","0","0","0","0","0",100,100,"6","28","12","lower","7","2400","0","0","0","0","0","0","0","0","0","20","0","0","20","0","0","25","1","0","10","0","0","25","3",0,100,4,0,"0","10","2","1.3","1.65","SSS same agency","City of Orland","R5-2010-0087",1,"No"," "," "," ",0,0,0,0,NA
"5F","5SSO11428","Active","03/16/2023","Municipal (Public)","6,900","85,000","10,000","0",0,"2","1","0","0","0","0","0","0","0","0","0","0","0",0,0,"5","0","80","0","15","0","0","0","0","0","0","0",100,0,"0","22","19","none","0","2070","0","0","0","0","0","0","0","0","0","0","0","0","1","0","0","88","0","0","10","0","0","1","0",0,100,0,0,"0.1","0.5","0","0.33","0.66","SSS other agency","City of Fresno","0",1,"No"," "," "," ",0,0,0,0,NA
"5F","5SSO11432","Historical","08/08/2008"," ","300","80,000","80,000","0",0,"4","0","2","0","2","0","0","0","0","0","0","0","0",NA,NA," "," "," "," "," "," "," "," "," "," "," "," ",NA,NA,"0","20","0","none"," ","4"," "," "," ","0"," "," ","0"," "," ","0"," "," ","0"," "," ","0"," "," ","75"," "," ","25"," ",NA,NA,NA,NA,"0","20","20"," "," "," "," "," ",0," "," "," "," ",0,NA,NA,NA,NA
"5S","5SSO11433","Active","05/04/2023","Municipal (Public)","311,178","16,312,470","29,071,503","7",45,"6","5","2","0","5","0","0","1","0","0","0","0","0",13,7,"28","2","43","4","19","22","6","68","3","3","1","1",100,100,"30","884","815","lower","571","86879","1","0","0","0","0","0","11","0","0","7","0","0","17","2","0","19","10","2","27","8","1","18","6",1,100,26,4,"1","253","25.4","28.1","45.4","WWTP same agency","RWCF","5SSO11443",1,"Yes","No","Colonial Heights Maint. District","5SSO11471",5,73,33,4,NA
"5S","5SSO11436","Historical","10/08/2014","Military","500","n/a","n/a","1",2,"1","0","0","1","0","0","0","0","0","0","0","0","0",0,0,"30","0","70","1","0","0","0","0","0","0","0","99",100,100,"1.0","9.1","10.1","upperLower","10.1","47","0","0","0","0","0","0","0","0","0","0","0","0","100","0","7","0","0","0","0","0","0","0","0",0,100,0,7,"0","2.3","2.3","27,000","28,000","WWTP same agency","Department of the Army","5B39070100",1,"No"," "," "," ",0,0,0,0,NA
"5S","5SSO11437","Active","04/12/2023","Municipal (Public)","400","140,000","15,000","0",2,"1","0","0","0","0","0","0","0","0","0","0","0","0",0,0,"0","0","0","100","0","0","0","0","0","0","0","0",100,100,"1.1","0","0","none","0","0","0","0","0","0","0","0","0","0","0","0","0","0","0","0","0","0","0","0","0","0","0","100","1",0,100,1,0,"0","0","0","0.01","0.075","WWTP same agency","Motorplex at Yuba County","5-00-076",1,"No"," "," "," ",0,0,2,0,NA
"5F","5SSO11446","Active","02/02/2023","Prison","565","155,810","0","0",9,"1","1","0","0","0","0","0","0","0","0","0","0","0",0,0,"30","0","40","0","30","0","0","0","0","0","0","0",100,0,"0","1","0.1","lower","0","0","0","0","0","0","0","0","0","0","0","0","0","0","0","0","0","0","0","0","0","0","0","100","0",0,100,0,0,"0","0.3","0",".046",".110","WWTP same agency","JJC Wastewater Treatment Plant","5SS011446",1,"No"," "," "," ",0,0,0,0,NA
"5S","5SSO11451","Active","03/21/2023","Municipal (Public)","422","213,613","0","0",3,"1","0","2","0","2","0","0","0","0","0","0","0","0",0,2,"100","100","0","0","0","0","0","0","0","0","0","0",100,100,"0.8","3.6","0.5","lower","0.5","114","0","0","0","0","0","0","0","0","0","0","0","0","0","0","0","0","0","0","80","0","0","20","0",1,100,0,1,"0","1.5","0",".005",".009","SSS same agency","Amador Water Agency","5SSO11451",1,"No"," "," "," ",0,0,1,0,NA
"5F","5SSO11453","Active","05/31/2023","School","90","2,500","0","0",1,"1","1","0","0","0","0","0","0","0","0","0","0","0",0,0,"100","100","0","0","0","0","0","0","0","0","0","0",100,100,"0.6","0.7","0.5","upperLower","1.3","18","0","0","0","0","0","0","0","0","0","0","0","0","0","0","0","5","0","0","90","0","0","5","0",0,100,0,0,"0","0","0",".0001",".0001","WWTP other agency","City of Parlier","na",1,"No"," "," "," ",0,0,0,0,NA
"5S","5SSO11456","Historical","08/22/2008"," ","261","77,225","0","0",4,"1","1","1"," ","5"," "," ","0"," "," ","0"," "," ",NA,NA," "," "," "," "," "," "," "," "," "," "," "," ",NA,NA,"0.8","2.2","0.4","lower","0.4","79"," "," "," ","0"," "," ","0"," "," ","0"," "," ","0"," "," ","0"," "," ","70"," "," ","30"," ",NA,NA,NA,NA,"0.4","0.6","0"," "," "," "," "," ",0," "," "," "," ",0,NA,NA,NA,NA
"5S","5SSO11458","Active","03/23/2023","Municipal (Public)","3,495","930,000","30,000","3",2,"1","1","0","0","0","0","0","0","0","0","0","0","0",1,0,"50","100","40","0","10","0","0","0","0","0","0","0",100,100,"2.5","52.7","13.6","none","0","1259","0","0","0","0","0","0","0","0","0","0","1","0","5","1","0","15","1","1","30","1","2","50","2",3,100,6,6,"1","1.4","0.5","0.25","0.53","WWTP same agency","City of Wheatland","5A580103001",1,"No"," "," "," ",0,0,0,0,NA
"5S","5SSO11460","Active","03/21/2023","Municipal (Public)","588","572,492","0","0",3,"1","0","2","0","2","0","0","0","0","0","0","0","0",0,2,"80","100","20","0","0","0","0","0","0","0","0","0",100,100,"2.6","8.2","0.8","lower","0.8","171","0","0","0","0","0","0","0","0","0","0","0","0","0","0","0","40","0","4","50","0","0","10","0",2,100,0,6,"0.5","1.","8.","060",".10","WWTP other agency","City of Sutter Creek","N/A",1,"No"," "," "," ",0,0,0,0,NA
"5S","5SSO11462","Historical","07/09/2020","Municipal (Public)","148","171,468","44,500","0.2",0.6,"0.2","0.1","4","0","0","0","0","0","0","0","0","0","0",0,0,"9","0","41","0","50","0","0","0","0","0","0","0",100,0,"0","4","1","lower","0.3","35","0","0","0","0","0","0","0","0","0","0","0","0","0","0","0","0","0","0","87","1","0","13","0",0,100,1,0,"0","0","0",".14",".17","WWTP same agency","Consolidated Treatment Facility","R5-2016-0028",1,"No"," "," "," ",0,0,0,0,NA
"5S","5SSO11463","Active","02/08/2023","Hospital","8,500","25,000","23,000","0",6,"4","2","0","0","0","0","0","0","0","0","0","0","0",0,0,"11","0","67","0","20","0","0","0","0","0","2","0",100,100,"0","1.8","1.8","upperLower","1.8","48","0","0","0","0","0","0","0","0","0","19","0","0","5","0","0","5","0","0","58","0","0","13","0",0,100,0,0,"0","0.1","0",".77",".24","SSS other agency","City of Sacramento Dept of Utilities","5SSO11463",1,"No"," "," "," ",0,0,0,0,NA
"5F","5SSO11464","Historical","","","","","","",NA,"","","","","","","","","","","","","",NA,NA,"","","","","","","","","","","","",NA,NA,"","","","","","","","","","","","","","","","","","","","","","","","","","","","","",NA,NA,NA,NA,"","","","","","","","",0,"","","","",0,NA,NA,NA,NA
"5F","5SSO11466","Active","09/13/2022","Municipal (Public)","44,011","1,845,844","610,500","2",7,"2","0","4","4","3","0","1","2","0","1","0","0","0",0,0,"25","49","35","46","20","5","15","0","5","0","0","0",100,100,"3.3","170","41","lower","41","12784","0","0","3",NA,"0","0","15","0","0","10","0","0","15","0","0","15","2","6","20","0","9","25","0",5,100,2,23,"1","91","5.7","4.35","6.61","WWTP same agency","SKF County Sanitation District","5-10-255",1,"No"," "," "," ",0,0,0,1,NA
"5S","5SSO11471","Active","02/13/2023","Municipal (Public)","1,960","499,239","1,904,000","2",15,"2","2","0","0","0","0","0","0","0","0","0","0","0",0,0,"30","0","57","0","13","0","0","0","0","0","0","0",100,0,"0","5.7","7.8","lower","2.1","561","0","0","0","0","0","0","0","0","0","0","0","0","100","0","0","0","0","0","0","0","0","0","0",0,100,0,0,"2","7.2","0",".14",".28","SSS other agency","City of Stockton","N/A",1,"No"," "," "," ",0,0,0,0,NA
"5F","5SSO11473","Active","05/08/2023","Prison","3,057","89,000","87,000","0",6,"1","2","0","0","4","0","0","1","0","0","0","0","0",0,0,"50","0","16","0","34","0","0","0","0","0","0","0",100,0,"0","6","2","upperLower","2","122","0","0","0","0","0","0","0","0","0","0","0","0","0","0","0","0","0","0","0","0","0","100","0",0,100,0,0,"0","0","0",".426",".449","WWTP same agency","KVSP WWTP","R5-2007-0090",1,"No"," "," "," ",0,0,0,0,NA
"5S","5SSO11480","Active","02/13/2023","Municipal (Public)","8,610","2,813,298","1,030,000","2",15,"2","2","0","0","0","0","0","0","0","0","0","0","0",0,0,"63","0","14","0","20","0","1","0","2","0","0","0",100,0,"0","22.7","34.9","lower","9","2382","0","0","0","0","0","0","0","0","0","0","0","0","90","1","0","10","0","0","0","0","0","0","0",0,100,1,0,"37","22.5","0","0.117","0.454","SSS other agency","City of Stockton","N/A",1,"No"," "," "," ",0,0,0,0,NA
"5S","5SSO11482","Active","02/13/2023","Municipal (Public)","6,626","2,464,048","2,019,000","2",15,"2","2","0","0","0","0","0","0","0","0","0","0","0",0,0,"60","0","26","0","10","0","4","0","0","0","0","0",100,0,"0","16.7","18","lower","6.8","1792","0","0","0","0","0","0","0","0","0","0","0","0","100","1","0","0","0","0","0","0","0","0","0",0,100,1,0,"1.5","17.5","0","0.133","0.393","SSS other agency","City of Stockton","N/A",1,"No"," "," "," ",0,0,0,0,NA
"5S","5SSO11483","Active","02/13/2023","Municipal (Public)","539","612,179","30,000","2",15,"2","2","0","0","0","0","0","0","0","0","0","0","0",0,0,"59","100","41","0","0","0","0","0","0","0","0","0",100,100,"0.3","3.1","2.0","lower","0.6","144","0","0","0","0","0","0","0","0","0","0","0","0","0","0","0","0","0","0","0","0","0","100","0",2,100,0,2,"0","0.4","0","0.024","0.027","WWTP same agency","CSA 44 Zone G","5SSO11483",1,"No"," "," "," ",0,0,0,0,NA
"5S","5SSO11484","Active","02/13/2023","Municipal (Public)","291","513,092","00","2",15,"2","2","0","0","0","0","0","0","0","0","0","0","0",0,0,"40","0","60","0","0","0","0","0","0","0","0","0",100,0,"0","1.8","1.4","lower","0.4","83","0","0","0","0","0","0","0","0","0","0","0","0","0","0","0","0","0","0","0","0","0","100","1",0,100,1,0,"0","0.8","0","0.023","0.026","WWTP same agency","CSA-44, ZONE E","5SSO11484",1,"No"," "," "," ",0,0,0,0,NA
"5S","5SSO11485","Active","02/13/2023","Municipal (Public)","29","720,493","0","2",15,"2","2","0","0","0","0","0","0","0","0","0","0","0",0,0,"80","100","5","0","15","0","0","0","0","0","0","0",100,100,"5","1.5","0.4","lower","0.5","29","0","0","0","0","0","0","0","0","0","0","0","0","0","0","0","0","0","0","92","1","0","8","0",0,100,1,0,"0","0.1","0","0.092","0.214","WWTP other agency","City of Lodi","N/A",1,"No"," "," "," ",0,0,0,0,NA
"5S","5SSO11486","Active","02/13/2023","Municipal (Public)","32","366,142","16,000","2",15,"2","2","0","0","0","0","0","0","0","0","0","0","0",0,0,"25","0","54","0","21","0","0","0","0","0","0","0",100,0,"0","2.0","0.1","lower","0.1","32","0","0","0","0","0","0","0","0","0","0","0","0","0","0","0","100","0","1","0","0","0","0","0",0,100,0,1,"0","0.5","0","0.042","0.081","WWTP same agency","Waterloo CSA 15","56391008002",1,"No"," "," "," ",0,0,0,0,NA
"5S","5SSO11487","Active","09/19/2022","Municipal (Public)","5,789","1,650,037","611,000","2",7,"1","1","0","0","1","0","0","0","0","0","0","0","0",1,0,"85","60","10","0","5","40","0","0","0","0","0","0",100,100,"5","31","14","none","7","2636","0","0","0","0","0","0","0","0","0","0","0","0","0","0","0","25","1","3","68","1","5","7","0",3,100,2,11,"3","5.85","0.57","0.402333","0.435","SSS same agency","Rancho Murieta CSD","5SS011487",1,"No"," "," "," ",0,1,1,0,NA
"5S","5SSO11488","Active","04/04/2023","Prison","2,500","15,000","12,000","0",25,"3","1","1","1","0","0","0","0","0","0","0","0","0",0,0,"60","0","20","0","20","0","0","100","0","0","0","0",100,100,"0","5.4","2.3","upperLower","2.3","58","0","0","0","0","0","0","0","0","0","0","0","0","0","0","0","80","0","0","20","0","0","0","0",0,100,0,0,"0","5.4","1.5",".22",".22","SSS other agency","city of Stockton","5SSO11488",1,"No"," "," "," ",0,0,0,0,NA
"5S","5SSO11492","Active","10/27/2022","Municipal (Public)","5,102","1,473,595","401,324","0",2,"0","2","0","0","0","0","0","0","0","0","0","0","0",0,0,"40","85","47","15","13","0","0","0","0","0","0","0",100,100,"0.5","17.08","14.6","lower","8.7","1677","0","0","0","0","0","0","0","0","0","0","0","0","0","0","0","69","0","2","6","0","0","25","2",1,100,2,3,"0.4","17.1","1",".243",".248","SSS other agency","Turlock City","4952",1,"No"," "," "," ",0,0,0,0,NA
"5S","5SSO11497","Active","09/19/2022","Municipal (Public)","100","3,000","1,500","3",2,"2","1","0","0","2","0","0","0","0","0","0","0","0",0,0,"100","100","0","0","0","0","0","0","0","0","0","0",100,100,"2","0","1.1","lower","1.1","41","0","0","0","0","0","0","0","0","0","0","0","0","0","0","0","0","0","0","95","0","47","5","0",0,100,0,47,"0","0","0",".020",".020","WWTP same agency","MLETP","5sso11497",4,"No"," "," "," ",0,0,0,0,NA
"5S","5SSO11500","Active","04/24/2023","Municipal (Public)","160","23,000","250,000","3",2,"1","3","3","0","1","0","0","1","0","0","2","1","0",6,3,"100","100","0","0","0","0","0","0","0","0","0","0",100,100,"2.2","2.4","1.3","lower","0.3","67","0","0","0","0","0","0","0","0","0","0","0","0","0","0","0","0","0","0","100","0","1","0","0",0,100,0,1,"0.8","0","0",".006",".0504","WWTP other agency","City Of Angels Camp","5B050100002",1,"No"," "," "," ",0,1,0,0,NA
"5S","5SSO11502","Active","05/03/2023","Prison","4","0","0","0",1,"0","3","0","0","0","0","1","0","0","0","0","0","0",0,0,"75","100","0","0","25","0","0","0","0","0","0","0",100,100,"1","8","1","upperLower","9","58","0","0","0","0","0","0","0","0","0","0","0","0","70","0","0","20","0","0","10","0","2","0","0",0,100,0,2,"0","0","0",".01",".01","WWTP same agency","Mule Creek, WWTP","5SSO11005",4,"No"," "," "," ",0,1,0,0,NA
"5S","5SSO11503","Active","01/23/2023","Municipal (Public)","1,850","448,696","916,470","1",2,"0","2","1","1","1","0","0","1","0","0","0","0","0",0,0,"78","0","13","100","9","0","0","0","0","0","0","0",100,100,"2.2","10.6","10.7","lower","5.2","725","0","0","0","0","0","0","0","0","0","0","0","0","0","0","0","100","0","1","0","1","2","0","0",0,100,1,3,"0.6","0.5","3.0","0.053","0.267","WWTP other agency","Donner Summit PUD","CA0081621",1,"No"," "," "," ",0,1,1,0,NA
"5F","5SSO11504","Historical","01/23/2015","Municipal (Public)","1,578","150,000","300,000","0",4,"1","1","0","0","0","0","0","0","0","0","0","0","0",1,1,"100","100","0","0","0","0","0","0","0","0","0","0",100,100,"0.2","5.8","0.9","lower","0","486","0","0","0","0","0","0","0","0","0","0","0","0","0","0","0","100","0","0","0","0","0","0","0",1,100,0,1,"0.1","4","0.5",".03",".05","WWTP other agency","City of Madera WWTF","Na",1,"No"," "," "," ",0,0,0,0,NA
"5F","5SSO11505","Historical","01/23/2015","Municipal (Public)","111","11,000","5,000","0",4,"2","1","0","0","0","0","0","0","0","0","0","0","0",0,0,"100","100","0","0","0","0","0","0","0","0","0","0",100,100,"0.5","2.6","0.1","lower","0.1","37","0","0","0","0","0","0","0","0","0","0","0","0","0","0","0","0","0","0","100","0","0","0","0",0,100,0,0,"0.1","0.3","0",".02",".02","SSS same agency","Leach Field","na",1,"No"," "," "," ",0,0,0,0,NA
"5F","5SSO11516","Historical","07/21/2020","Municipal (Public)","275","131,971","0","3",3,"2","2","0","0","0","0","0","0","0","0","0","0","0",0,0,"100","100","0","0","0","0","0","0","0","0","0","0",100,100,"0.5","2.","0.5","lower","0.5","65","0","0","0","0","0","0","0","0","0","0","0","0","0","0","0","0","0","0","100","0","1","0","0",0,100,0,1,"0","0","0",".0492",".0496","WWTP other agency","City of Woodlake","Unknown",1,"No"," "," "," ",0,0,0,0,NA
"5F","5SSO11519","Historical","07/21/2020","Municipal (Public)","316","93,387","0","3",3,"2","2","0","0","0","0","0","0","0","0","0","0","0",0,0,"100","100","0","0","0","0","0","0","0","0","0","0",100,100,"2.4","0.7","0.5","lower","0.5","65","0","0","0","0","0","0","0","0","0","0","0","0","0","0","0","0","0","0","100","0","0","0","0",1,100,0,1,"0","0","0",".0121",".0127","WWTP other agency","City of Lindsay","Unknown",1,"No"," "," "," ",0,0,0,0,NA
"5F","5SSO11520","Historical","07/21/2020","Municipal (Public)","124","55,273","0","3",3,"2","2","0","0","0","0","0","0","0","0","0","0","0",0,0,"100","100","0","0","0","0","0","0","0","0","0","0",100,100,"0.4","1.1","0.2","lower","0.2","27","0","0","0","0","0","0","0","0","0","0","0","0","0","0","0","0","0","0","100","0","1","0","0",0,100,0,1,"0","0","0",".012",".012","WWTP other agency","City of Lindsay WWTP","unknown",1,"No"," "," "," ",0,0,0,0,NA
"5R","5SSO11529","Active","12/05/2022","Park (w/Campground)","50,000","20,000","0","4",1,"1","1","0","0","0","0","0","0","0","0","0","0","0",0,0,"95","100","N/A","N/A","5","N/A","N/A","N/A","N/A","N/A","N/A","N/A",100,100,"1.2","3.7","0.1","upperLower","0.1","20","N/A","N/A","N/A","0","N/A","N/A","0","N/A","N/A","0","N/A","N/A","0","N/A","N/A","95","N/A","N/A","0","N/A","N/A","5","N/A",5,100,0,5,"0","0.0","0.00",".0024",".0024","SSS other agency","LOPUD","5SS010827",2,"No"," "," "," ",0,1,0,0,NA
"5F","5SSO11531","Active","03/17/2023","Municipal (Public)","10,500","633,010","185,000","0",9,"2","1","0","0","0","0","0","0","0","0","0","0","0",1,0,"50","0","30","0","15","0","5","0","0","0","0","0",100,0,"0","17","5.5","upperLower","0","1492","0","0","0","0","0","0","0","0","0","0","0","0","33","0","0","33","0","0","9","0","0","25","0",1,100,100,1,"0","3","2","0.82","2.5","WWTP same agency","Orange Cove WWTP","R5-2004-0008",1,"No"," ","0","0",0,0,0,0,NA
"5F","5SSO11535","Historical","","","","","","",NA,"","","","","","","","","","","","","",NA,NA,"","","","","","","","","","","","",NA,NA,"","","","","","","","","","","","","","","","","","","","","","","","","","","","","",NA,NA,NA,NA,"","","","","","","","",0,"","","","",0,NA,NA,NA,NA
"5F","5SSO11536","Historical","","","","","","",NA,"","","","","","","","","","","","","",NA,NA,"","","","","","","","","","","","",NA,NA,"","","","","","","","","","","","","","","","","","","","","","","","","","","","","",NA,NA,NA,NA,"","","","","","","","",0,"","","","",0,NA,NA,NA,NA
"5F","5SSO11537","Historical","","","","","","",NA,"","","","","","","","","","","","","",NA,NA,"","","","","","","","","","","","",NA,NA,"","","","","","","","","","","","","","","","","","","","","","","","","","","","","",NA,NA,NA,NA,"","","","","","","","",0,"","","","",0,NA,NA,NA,NA
"5F","5SSO11543","Active","02/17/2023","Park (w/Campground)","2,900","100,000","5,000","0",2,"1","4","0","0","0","0","0","0","0","0","0","0","0",0,0,"95","0","5","0","0","0","0","0","0","0","0","0",100,0,"0","5","0.3","upperLower","0.3","45","0","0","0","0","0","0","0","0","0","0","0","0","20","0","0","65","0","0","10","0","0","5","0",0,100,0,0,"0.1","0.5","0","0.016","0.0001","WWTP same agency","Cedar Grove WWTF","5D540700002",1,"No"," "," "," ",0,1,0,0,NA
"5S","5SSO11556","Active","05/11/2023","Park (w/Campground)","120,000","17,000","17,000","4",2,"1","1","0","0","0","0","0","0","0","0","0","0","0",0,0,"100 %","100%","0","0","0","0","0","0","0","0","0","0",100,100,"1.2","1.0","0.5","upperLower","0.5","16","0","0","0","0","0","0","0","0","0","0","0","0","0","0","0","90","0","8","10","0","0","0","0",0,100,0,8,"0.5","0","0",".0339",".0854","SSS other agency","Lake County Special District","0",2,"No"," "," "," ",0,0,1,0,NA
"5F","5SSO11600","Historical","12/07/2020","Municipal (Public)","3,000","31,242","0","1",3,"1","1","2","0","0","0","0","1","0","0","0","0","0",2,0,"0","0","90","100","10","0","0","0","0","0","0","0",100,100,"5","5","4","none","0","689","0","0","0","0","0","0","0","0","0","0","0","0","0","0","0","0","0","0","0","0","0","100","1",0,100,1,0,"0","3","1","0.20",".25","WWTP other agency","Kern Sanitation Authority","5D150105001",1,"No"," "," "," ",0,0,0,0,NA
"5F","5SSO11601","Active","02/14/2023","Municipal (Public)","3,500","58,000","0","1",2,"1","1","2","0","0","0","0","1","0","0","0","0","0",1,0,"0","100","95","0","4","0","1","0","0","0","0","0",100,100,"0","18","7","none","0","1328","0","0","0","0","0","0","0","0","0","0","0","0","0","0","0","20","0","0","70","0","0","10","0",1,100,0,1,"0","5.2","0.85","0.35","0.62","WWTP other agency","City of Bakersfield","will update",2,"No"," "," "," ",0,0,0,0,NA
"5F","5SSO11602","Active","02/14/2023","Municipal (Public)","239","97,886","5,000","1",2,"1","1","2","0","0","0","0","0","0","0","0","0","0",0,0,"0","0","100","0","0","0","0","0","0","0","0","0",100,0,"0","2.3","1","none","0","248","0","0","0","0","0","0","0","0","0","0","0","0","0","0","0","37","0","0","63","0","0","0","0",0,100,0,0,"0","2.3","0","0.07","0.12","WWTP other agency","City of Bakersfield","unknown",1,"No"," "," "," ",0,0,0,0,NA
"5F","5SSO11603","Active","11/01/2022","Municipal (Public)","356","51,819","5,000","1",2,"1","1","1","0","0","0","0","0","0","0","0","0","0",2,0,"0","100","84","0","16","0","0","0","0","0","0","0",100,0,"0.01","1.11","0.75","none","0","127","0","0","0","0","0","0","0","0","0","0","0","0","0","0","0","0","0","0","100","0","0","0","0",0,100,0,0,"0","1.11","0","0.04","0.07","WWTP other agency","City of Bakersfield","unknown",1,"No"," "," "," ",0,0,0,0,NA
"5S","5SSO11604","Active","01/11/2023","Airport","1,000","20,000","0","0",2,"0","0","0","0","0","0","0","0","0","0","0","0","0",0,0,"15","0","75","0","10","0","0","0","0","0","0","0",100,0,"0","1.9","0.4","upperLower","0.4","28","0","0","0","0","0","0","0","0","0","0","0","0","49","0","0","50","0","0","0","0","0","1","0",0,100,0,0,"0","0","0.1","0.02","0.03","WWTP other agency","Sacramento Regional County Santitation District","na",1,"No"," "," "," ",0,0,0,0,NA
"5F","5SSO11656","Active","03/13/2023","Municipal (Public)","6,030","12,000","5,000","0",3,"1","1","0","0","0","0","0","0","0","0","0","0","0",0,0,"15","0","75","0","10","0","0","0","0","0","0","0",100,0,"0","19.9","7.9","lower","7.9","1388","0","0","0","0","0","0","0","0","0","0","0","0","0","0","0","77","0","0","23","0","0","0","0",0,100,0,0,"0","1","2","2",".5","WWTP other agency","City of Fresno","unkown",1,"No"," "," "," ",0,0,0,0,NA
"5S","5SSO11657","Active","02/10/2023","Municipal (Public)","114","6,000","0","0",0,"0","0","0","0","0","0","0","0","0","0","0","0","0",0,0,"0","0","0","0","100","0","0","0","0","0","0","0",100,0,"0","2.1","0.5","upperLower","0.5","1","0","0","0","0","0","0","0","0","0","0","0","0","0","0","0","0","0","0","0","0","0","100","0",1,100,0,1,"0","0","0","0.013",".013","SSS other agency","SASD","5SSO10912",1,"No"," "," "," ",0,0,0,0,NA
"5F","5SSO11675","Active","02/17/2023","Park (w/Campground)","2,900","200,000","10,000","0",2,"1","4","0","0","0","0","0","0","0","0","0","0","0",0,0,"95","0","5","100","0","0","0","0","0","0","0","0",100,100,"2.5","4","0.3","upperLower","0.3","60","0","0","0","0","0","0","0","0","0","5","0","0","5","0","0","40","0","0","50","0","1","0","0",0,100,0,1,"0.2","0.5","0","0.031","0.030","WWTP same agency","Clover Creek WWTF","DWQ-R5342",1,"No"," "," "," ",0,1,1,0,NA
"5F","5SSO11676","Active","02/17/2023","Park (w/Campground)","2,900","100,000","5,000","0",2,"1","4","0","0","0","0","0","0","0","0","0","0","0",0,0,"95","100","5","0","0","0","0","0","0","0","0","0",100,100,"1","8","0.5","upperLower","0.5","40","0","0","0","0","0","0","0","0","0","0","0","0","70","0","0","10","0","0","20","100","80","0","0",0,100,100,80,"0.2","0.5","0","0.042","0.1","WWTP same agency","Grant Grove WWTF","DWQ-R5341",1,"No"," "," "," ",0,0,0,0,NA
"5F","5SSO11677","Active","02/17/2023","Other","2,900","100,000","5,000","0",2,"1","4","0","0","0","0","0","0","0","0","0","0","0",0,0,"100","100","0","0","0","0","0","0","0","0","0","0",100,100,"0.1","1.5","1","upperLower","1","39","0","0","0","0","0","0","0","0","0","0","0","0","75","0","0","20","0","80","0","0","0","5","0",0,100,0,80,"0.2","0.5","0","0.01","0.02","WWTP same agency","Ash Mountain WWTF","5D541003004",1,"No"," "," "," ",0,0,0,0,NA
"5S","5SSO11679","Active","06/09/2023","Park (Day Use)","300","5,000","0","0",0,"0","0","0","0","0","0","0","0","0","0","0","0","0",0,0,"0","100","0","0","0","0","0","0","0","0","0","0",100,100,"1.4","0","0","none","0","0","0","0","0","0","0","0","0","0","0","0","0","0","0","0","0","0","0","0","100","0","1","0","0",0,100,0,1,"0","0","0","0.010","0.016","SSS other agency","Sacramento Area Sewer District","0",1,"No"," "," "," ",0,0,1,0,NA
"5S","5SSO11751","Historical","08/26/2010","Municipal","1,112","900,000","25,000","1",1,"1","1","0","1","0","0","1","0","0","2","0","0","0",NA,NA," "," "," "," "," "," "," "," "," "," "," "," ",NA,NA,"0","1","4.3","lower","1.4","338"," "," "," ","0"," "," ","0"," "," ","0"," "," ","0"," "," ","0"," "," ","0"," "," ","100"," ",NA,NA,NA,NA,"0","1","0.3"," "," "," "," "," ",0," "," "," "," ",0,NA,NA,NA,NA
"5S","5SSO18099","Active","11/08/2022","Prison","3,000","10,000","1","3",35,"6","1","1","1","0","0","0","0","0","0","0","0","0",0,0,"80","0","20","0","0","0","0","0","0","0","0","0",100,0,"0","5","3","upperLower","3","500","0","0","0","0","0","0","0","0","0","0","0","0","0","0","0","0","0","0","0","0","0","100","0",1,100,0,1,"0","1","1",".1",".1","SSS same agency","chcf","5SS018099",1,"No"," "," "," ",0,0,0,0,NA
"5S","5SSO18100","Active","","","","","","",NA,"","","","","","","","","","","","","",NA,NA,"","","","","","","","","","","","",NA,NA,"","","","","","","","","","","","","","","","","","","","","","","","","","","","","",NA,NA,NA,NA,"","","","","","","","",0,"","","","",0,NA,NA,NA,NA
"5F","5SSO18109","Historical","04/06/2016","Hospital","3,100","180,000","0","0",3,"1","3","0","0","0","0","0","0","0","0","0","0","0",0,0,"25","0","25","0","25","0","0","0","0","0","25","0",100,0,"0","2","2","upperLower","2","0","0","0","0","0","0","0","0","0","0","0","0","0","0","0","0","0","0","0","0","0","0","100","0",1,100,0,1,"0","0.5","0",".12",".11","WWTP same agency","DSH-Coalinga Water Trmt Plant","5C10NC00045",1,"No"," "," "," ",0,0,0,0,NA
"5F","5SSO18117","Active","02/10/2023","Municipal (Public)","2,500","1,100,000","0","0",2,"1","1","0","1","0","0","0","0","0","0","1","0","0",0,0,"1","0","80","0","8","0","11","0","0","0","0","0",100,0,"0","8","9.2","lower","4.6","811","0","0","0","0","0","0","0","0","0","0","0","0","0","0","0","0","0","0","0","0","0","100","0",0,100,0,0,"0","2","0","0.045","0.1","WWTP same agency","Tesoro Viejo WWTP","5 B20NC00105",1,"No"," "," "," ",0,3,0,1,NA
"6V","6SSO10459","Active","01/26/2022","Municipal (Public)","450","45,000","20,000","0",0.2,"0","0","0","0","0","0","0","0","0","0","0","0","0",0,0,"0","100","92","0","8","0","0","0","0","0","0","0",100,100,"0.5","4.4","2.4","none","0","208","0","0","0","0","0","0","0","0","0","0","0","0","0","0","0","0","0","0","92","0","2","8","0",0,100,0,2,"0","1.3","0.1","0.04","0.08","WWTP same agency","LA County DPW Lake Hughes zone","6SSO10459",1,"No"," "," "," ",0,0,0,0,NA
"6T","6SSO11101","Active","11/21/2022","Municipal (Public)","2,500","71,000","50,000","1",2,"1","1","0","0","0","0","0","0","0","0","0","0","0",0,0,"70","0","10","0","20","0","0","0","0","0","0","0",100,0,"0","10.4","0.5","lower","0.2","654","0","0","0","0","0","0","0","0","0","0","0","0","0","0","0","55","0","0","45","0","0","0","0",0,100,0,0,"1.5","0","0","089",".200","WWTP other agency","TTSA","na",1,"No"," "," "," ",0,5,0,0,NA
"6T","6SSO11102","Active","02/10/2023","Municipal (Public)","289","50,000","40,000","0",2,"1","1","1","0","0","0","0","0","0","0","0","0","0",1,0,"90","2","10","3","0","0","0","0","0","0","0","0",100,0,"2","4","2","none","0","149","0","0","0","0","0","0","0","0","0","0","0","0","0","0","0","78","0","2","15","0","1","7","1",0,100,1,3,"1","2","1","0,050,757","0,052,026","WWTP same agency","Bridgeport Sewer ponds","6sso11102",1,"No"," "," "," ",0,2,0,0,NA
"6T","6SSO11103","Active","01/05/2023","Prison","6,500","150,000","0","0",3,"4","3","0","0","0","0","0","0","0","0","0","0","0",0,0,"78","0","5","0","15","100","2","0","0","0","0","0",100,100,"0.5","3","2","upperLower","2","110","0","0","0","0","0","0","0","0","0","0","0","0","0","0","0","75","0","0","20","0","0","5","1",0,100,1,0,"0","0","0",".4",".4","WWTP same agency","CDCR, HDSP and CCC at Susanville Wastewater Treatm","6A186000500",1,"No","No"," "," ",1,0,0,0,NA
"6T","6SSO11106","Active","06/02/2022","Park (w/Campground)","100","50,000","10,000","0",0,"1","0","0","0","1","0","0","0","0","0","0","0","0",1,1,"100","100","0","0","0","0","0","0","0","0","0","0",100,100,"26","10","5","upperLower","5","78","0","0","0","0","0","0","0","0","0","0","0","0","0","0","0","90","0","0","0","0","18","10","0",0,100,0,18,"5","0","0",".006",".006","WWTP same agency","Eagle Lake WWTP","6SSO11106",1,"No"," "," "," ",0,0,0,0,NA
"6T","6SSO11108","Active","07/05/2023","Municipal (Public)","950","140,000","5,000","1",2,"5","1","0","0","0","0","0","0","0","0","0","0","0",2,0,"98","100","2","0","0","0","0","0","0","0","0","0",100,100,"0.5","2","3","lower","1","258","0","0","0","0","0","0","0","0","0","0","0","0","0","0","0","50","0","0","50","0","0","0","0",2,100,0,2,"0","0.5","0",".03",".03","SSS same agency","Leavitt Lake CSD","6A180004501",1,"No"," "," "," ",0,1,0,0,NA
"6T","6SSO11109","Active","12/02/2022","Municipal (Public)","69","67,000","69,000","0",1,"0","1","0","0","0","0","0","0","0","0","0","0","0",1,0,"100","0","0","0","0","0","0","0","0","0","0","0",100,0,"0.1","1","0.25","none","0","68","0","0","0","0","0","0","0","0","0","0","0","0","0","0","0","75","0","0","25","0","0","0","0",0,100,0,0,"0","0.2","0.2","24,000","38,000","SSS same agency","holding pond","na",4,"No"," "," "," ",0,2,0,0,NA
"6T","6SSO11110","Active","12/13/2022","Municipal (Public)","10,000","3,841,868","3,997,000","1",12,"4","4","8","0","8","3","1","1","0","0","0","0","0",0,0,"87.2","7.3","6.2","6.7","6.3","14","0.3","72","0","0","0","0",100,100,"6.6","74.8","40","lower","20","5227","0","0","0","0","0","0","0","0","0","0","0","0","35","0","0","50","0","14","10","0","0","5","4",0,100,4,14,"3.9","27","27","0.61","0.6","WWTP other agency","Tahoe Truckee Sanitation Agency","6A290011000",1,"No"," "," "," ",0,0,0,0,NA
"6T","6SSO11111","Active","08/08/2022","Municipal (Public)","2,000","1,888,321","83,531","0",6,"3","2","3","1","2","0","1","2","0","0","0","0","0",0,0,"74","8","19","46","7","46","0","0","0","0","0","0",100,100,"7.3","23.6","11.4","lower","4.6","1558","0","0","0","0","0","0","0","0","0","0","0","0","0","0","0","30","0","2","30","0","0","40","0",1,100,0,3,"2","5","5","100,000","105,000","WWTP other agency","Tahoe Truckee Sanitation Agency","0",2,"No"," "," "," ",0,0,0,2,NA
"6T","6SSO11112","Active","","","","","","",NA,"","","","","","","","","","","","","",NA,NA,"","","","","","","","","","","","",NA,NA,"","","","","","","","","","","","","","","","","","","","","","","","","","","","","",NA,NA,NA,NA,"","","","","","","","",0,"","","","",0,NA,NA,NA,NA
"6T","6SSO11113","Active","01/11/2023","Municipal (Public)","36,679","17,091,450","9,321,700","4",17,"2","1","3","1","4","2","4","4","1","1","0","0","1",14,3,"63","40","10","3","14","57","1","0","0","0","12","0",100,100,"22","314","475","none","0","17830","0","0","0","0","0","0","0","0","0","0","0","0","20","1","0","78","31","7","1","7","0","1","1",0,100,40,7,"10","100","20","3.8","9.4","SSS same agency","South Tahoe PUD","6sso11113",1,"No"," "," "," ",0,24,6,3,NA
"6T","6SSO11114","Active","01/12/2023","Municipal (Public)","924","1,587,541","1,135,000","2",2,"1","2","0","0","3","0","1","0","0","1","1","0","0",4,0,"58","0","18","0","24","0","0","0","0","0","0","0",100,0,"0","19","18.0","lower","8.4","1020","0","0","0","0","0","0","0","0","0","0","0","0","6","0","0","68","0","0","21","0","0","5","0",0,100,0,0,"4","10","5",".218","2.97","WWTP other agency","Tahoe-Truckee Sanitation Agency","6A290011000",1,"No"," "," "," ",0,5,0,2,NA
"6T","6SSO11115","Active","08/03/2020","Municipal (Public)","100","60,000","50,000","2",1,"1","2","0","0","0","0","0","1","0","0","0","0","0",0,1,"100","100","0","0","0","0","0","0","0","0","0","0",100,100,"2","5","6.5","none","0","199","0","0","0","0","0","0","0","0","0","0","0","0","0","0","0","0","0","0","98","0","2","2","0",0,100,0,2,"0.3","0","0",".0068",".0055","WWTP same agency","Stones-Bengard Community Service District","6SSO11115",1,"No"," "," "," ",0,0,0,0,NA
"6T","6SSO11117","Active","05/10/2023","Municipal (Public)","9,960","147,000","0","2",2,"1","1","0","0","1","0","0","0","0","0","0","0","0",0,0,"70","100","15","0","10","0","5","0","0","0","0","0",100,100,"1","61","10","none","10","3705","0","0","0","0","0","0","0","0","0","0","0","0","30","0","1","30","0","5","20","0","1","20","0",0,100,0,7,"0","10","0.1","1.1","1.8","WWTP same agency","Susanville  Sanitary District","6A181554001",1,"No"," "," "," ",0,0,1,1,NA
"6T","6SSO11118","Active","09/30/2022","Municipal (Public)","7,725","1,198,618","3,466,818","1",14,"2","1","2","2","7","2","2","3","0","3","4","0","1",3,2,"75","75","15","15","5","10","5","0","0","0","0","0",100,100,"4","150","110","lower","40","7500","0","0","0","0","0","0","0","0","0","0","0","0","2","0","0","91","6","14","5","0","0","2","1",0,100,7,14,"30","70","34","0.71","1.3","SSS other agency","Tahoe Truckee Sanitation Agency","6SSO11119",1,"Yes","No","North Tahoe Public Utility District","6SSO11110",1,15,6,3,NA
"6T","6SSO11119","Active","02/13/2023","Municipal (Public)","45,000","17,751,000","2,320,000","0",10,"2","1","3","0","1","2","0","0","0","4","0","3","3",0,0,"0","0","0","0","0","0","90","0","10","0","0","0",100,0,"0","19.4","0","none","0","0","0","0","0","0","0","0","0","0","0","0","0","0","0","0","0","85","0","0","11","0","0","4","0",0,100,0,0,"0","0","7.1","3.44","3.29","WWTP same agency","Martis Valley Wastewater Treatment Plant","6A290011000",1,"No"," "," "," ",0,8,0,0,NA
"6T","6SSO11120","Active","01/23/2023","Municipal (Public)","17,131","5,075,000","1,740,000","0",17,"4","2","3","1","6","2","0","8","0","0","5","0","0",0,0,"80","74","11","21","8","5","1","0","0","0","0","0",100,100,"16","215","187","lower","75","13176","0","0","0","0","0","0","0","0","0","0","0","0","1","0","0","44","0","23","21","0","11","34","0",10,100,0,44,"4","185","69","1.72","4.43","WWTP other agency","Tahoe Truckee Sanitation Agency","6A290011000",1,"Yes","No","Northstar CSD","6A31C350665",1,20,5,3,NA
"6V","6SSO11123","Active","06/27/2022","Municipal (Public)","34,238","3,140,321","2,400,000","0",2,"1","1","1","0","0","0","0","2","0","0","0","0","0",2,1,"0","0","90","50","10","50","0","0","0","0","0","0",100,100,"1","55","0","none","0","7863","0","0","0","0","0","0","0","0","0","0","0","0","0","0","0","25","0","0","35","0","1","40","0",0,100,0,1,"10.25","29.4","1.0","2.94","4.39","WWTP same agency","Adelanto WWTP","6B369805001",1,"No"," "," "," ",0,3,1,0,NA
"6V","6SSO11125","Historical","09/02/2021","Municipal (Public)","600","85,000","16,000","0",1,"0","1","1","0","0","0","0","0","0","0","0","0","0",1,0,"0","100","100","0","0","0","0","0","0","0","0","0",100,100,"1.5","5","1","none","0","150","0","0","0","0","0","0","0","0","0","0","0","0","0","0","0","85","1","0","15","0","2","0","0",0,100,1,2,"0","0.5","0.5","0.30","0.30","SSS same agency","Baker CSD","6SSO11125",1,"No"," "," "," ",0,0,0,0,NA
"6V","6SSO11126","Active","01/04/2023","Municipal (Public)","25,442","187,500","0","4",6,"2","1","3","0","4","1","1","0","0","0","0","0","0",3,3,"2","0","70","0","18","0","10","0","0","0","0","0",100,0,"0","123","0","none","0","0","0","0","0","0","0","0","0","0","0","0","0","0","50","0","0","10","0","0","25","0","0","15","0",0,100,0,0,"0.2","0.28","3.03","2.2","7.65","WWTP same agency","Barstow WWTP","6B360101001",1,"No"," "," "," ",0,0,0,1,NA
"6V","6SSO11128","Active","","","","","","",NA,"","","","","","","","","","","","","",NA,NA,"","","","","","","","","","","","",NA,NA,"","","","","","","","","","","","","","","","","","","","","","","","","","","","","",NA,NA,NA,NA,"","","","","","","","",0,"","","","",0,NA,NA,NA,NA
"6V","6SSO11129","Historical","09/08/2012","Municipal","800","22,000","4,000","0.2",0.2,"0.2","0","0","0","0","0","0","0","0","0","0","0","0",NA,NA," "," "," "," "," "," "," "," "," "," "," "," ",NA,NA,"0","5.0","1.2","lower","1.2","315"," "," "," ","0"," "," ","0"," "," ","0"," "," ","0"," "," ","100"," "," ","0"," "," ","0"," ",NA,NA,NA,NA,"0","0.5","0.5"," "," "," "," "," ",0," "," "," "," ",0,NA,NA,NA,NA
"6V","6SSO11130","Historical","12/18/2015","Other","895","66,000","0","0",2,"0","0","1","0","1","0","0","na","na","na","na","na","na",1,0,"0","100","100","0","0","0","0","0","0","0","0","0",100,100,"0.5","4","2","lower","1","9","0","0","0","0","0","0","0","0","0","0","0","0","0","0","0","90","0","1","0","0","0","10","0",0,100,0,1,"0.3","0","0","0.025","0.03","WWTP same agency","Bishop Creek WWTP","6B140705002",1,"No"," "," "," ",0,2,0,0,NA
"6V","6SSO11131","Active","12/15/2022","Municipal (Public)","3,879","1,422,000","500,000","1",5,"1","1","0","3","3","0","0","0","0","0","0","0","0",0,6,"40","0","40","0","20","0","0","0","0","0","0","0",100,0,"0","17","8","none","0","1158","0","0","0","0","0","0","29","0","0","50","0","0","16","0","1","2","0","0","1","0","0","2","0",0,100,0,1,"0","10","6","0.473","1.256","WWTP same agency","City of Bishop","6SSO11131",1,"No"," "," "," ",0,2,0,1,NA
"6V","6SSO11132","Active","01/11/2023","Municipal (Public)","2,253","151,000","50,000","1",1,"1","1","1","1","0","0","0","0","0","0","0","0","0",0,0,"10","0","70","0","20","0","0","0","0","0","0","0",100,0,"0","10.4","2.6","none","0","665","0","0","0","0","0","0","0","0","0","0","0","0","0","0","0","0","0","0","100","0","1","0","0",0,100,0,1,"0","2","0","65,337","34,300","WWTP same agency","Boron Wastewater Treatment Plant","6B150126001",1,"No"," "," "," ",0,0,0,0,NA
"6V","6SSO11135","Active","01/13/2023","Municipal (Public)","14,523","1,700,000","0","1",0,"1","0","0","0","0","0","0","0","0","0","1","0","0",0,0,"1","0","54","0","34","100","11","0","0","0","0","0",100,100,"8.0","42.5","23","none","0","1232","0","0","0","0","0","0","0","0","0","0","0","0","0","0","0","23","0","0","75","0","0","2","0",0,100,0,0,"0","14","1",".631",".658","WWTP same agency","California City WWTP","6B150118001",1,"No"," "," "," ",0,0,0,0,NA
"6V","6SSO11136","Active","10/03/2022","Municipal (Public)","176,892","468,242","230,000","4",12,"2","2","6","0","7","0","0","1","0","0","1","0","0",0,0,"0","0","84","100","15","0","1","0","0","0","0","0",100,100,"0.5","438.33","242.52","none","0","36674","2","0","0","0","0","0","0","0","0","0","0","0","18","0","0","14","0","0","44","1","0","22","0",0,100,1,0,"0.1","98.19","25.95","11.3","11.3","WWTP other agency","Los Angeles County Sanitation District #14","4SS011393",1,"Yes","No","CSMD North County Sanitation District CS","4SSO11370",1,0,0,0,NA
"6V","6SSO11137","Active","10/05/2022","Municipal (Public)","158,600","4,000,000","1,500,000","0",8,"1","1","4","0","4","0","0","0","0","0","0","0","0",4,4,"0","100","86","0","14","0","0","0","0","0","0","0",100,100,"0.5","394.7","250","none","0","40626","0","0","0","0","0","0","0","0","0","0","0","0","9","0","0","5","0","0","63","1","1","23","0",0,100,1,1,"1","170.0","37.0","2.3","2.4","SSS other agency","CSD #20 of LA County","6B190107069",2,"Yes","Yes","LACo DPW Unincorporated North County","4SSO11370",1,0,0,0,NA
"6V","6SSO11138","Historical","12/18/2015","Other","1,300","50,000","0","0",2,"0","0","1","na","1","na","na","na","na","na","na","na","na",1,0,"0","100","100","0","0","0","0","0","0","0","0","0",100,100,"1","2","0.3","upperLower","0.2","13","0","0","0","0","0","0","0","0","0","0","0","0","0","0","0","95","0","1","0","0","0","5","0",0,100,0,1,"0.5","0","0","0.015","0.020","WWTP same agency","Convict Lake WWTP","6B260705001",1,"No"," "," "," ",0,2,0,0,NA
"6V","6SSO11139","Active","02/16/2023","Municipal (Public)","9,351","1,352,810","260,000","1",9,"1","1","4","0","4","0","0","0","0","0","1","0","0",5,2,"15","43","75","11","10","46","0","0","0","0","0","0",100,100,"2","88","24.5","none","0","6478","0","0","0","0","0","0","0","0","0","0","0","0","20","0","0","80","1","2","0","0","0","0","0",0,100,1,2,"1","20.9","6.3",".516",".906","WWTP same agency","Crestline Sanitation District","6B360106001",1,"Yes","No","Pilot Rock Conservation Camp","6B360811001",1,57,1,0,NA
"6V","6SSO11140","Active","04/01/2014","Municipal (Public)","725","142,000","25,000","N/A",1,"N/A","1","N/A","N/A","N/A","N/A","N/A","N/A","N/A","N/A","N/A","N/A","N/A",0,0,"100","0","0","0","0","0","0","0","0","0","0","0",100,0,"N/A","4.3","1.3","none","0","247","0","0","0","N/A","0","0","N/A","0","0","N/A","0","0","100","1","0","N/A","0","0","N/A","0","0","N/A","0",0,100,1,0,"1","2","1","0.69","0.16","SSS same agency","Desert Lake CSD","WDID",1,"No"," "," "," ",0,0,0,0,NA
"6V","6SSO11142","Active","08/18/2020","Park (w/Campground)","550","50,000","98,320","2",1,"1","1","N/A","1","N/A","N/A","1","N/A","N/A","N/A","N/A","N/A","N/A",1,1,"70","100","30","0","0","0","0","0","0","0","0","0",100,100,"1","15","1","upperLower","1","178","0","0","0","N/A","0","0","N/A","0","0","N/A","0","0","80","0","0","20","0","0","N/A","0","1","N/A","0",1,100,0,2,"N/A","15","0","60","100","WWTP same agency","Frunace Creek","6B140706001",1,"No"," "," "," ",0,0,0,0,NA
"6V","6SSO11143","Active","05/18/2023","Municipal (Public)","6,485","30,950","25,000","0",3,"1","0","0","0","1","0","0","0","0","0","0","0","0",0,0,"0","100","77","0","19","0","4","0","0","0","0","0",100,100,"0.15","31.95","0","none","0","2598","0","0","0","0","0","0","0","0","0","0","0","0","0","0","0","25","0","1","0","0","0","75","0",1,100,0,2,"0","10","2","0.430",".563","WWTP same agency","Eastern Sierra CSD","6B140108001",1,"Yes","No","Bishop Paiute Reservation",NA,1,9,0,0,NA
"6V","6SSO11147","Active","06/21/2023","Municipal (Public)","900","450,000","90,000","1",1,"1","0","0","0","0","0","0","0","0","0","0","0","0",0,0,"15","60","85","40","0","0","0","0","0","0","0","0",100,100,"1.08","12","3.4","lower","1.2","450","0","0","0","0","0","0","0","0","0","0","0","0","0","0","0","65","0","0","35","0","1","0","0",0,100,0,1,"0.5","1.41","1.35",".065",".255","WWTP same agency","Hilton Creek C.S.D.","6SSO11147",1,"No"," "," "," ",0,17,3,0,NA
"6V","6SSO11149","Historical","02/01/2023","Municipal (Public)","600","150,000","10,000","1",1,"1","1","0","0","0","0","0","0","0","0","0","0","0",0,0,"100","0","0","0","0","0","0","0","0","0","0","0",100,0,"0","5","1.5","none","0","318","0","0","0","0","0","0","0","0","0","51","0","0","0","0","0","24","0","0","22","0","0","3","0",0,100,0,0,"0","0","0","0.2","0.5","WWTP same agency","Independence WWTP","6SSO11149",1,"No"," "," "," ",0,1,0,0,NA
"6V","6SSO11150","Active","04/22/2014","Municipal (Public)","979","93,000","0","0",1,"1","1","1","0","0","0","0","0","0","0","0","0","0",1,0,"0","0","100","0","0","0","0","0","0","0","0","0",100,0,"0","6","0.5","lower","0.5","305","0","0","0","0","0","0","0","0","0","0","0","0","10","0","0","0","0","0","90","0","1","0","0",0,100,0,1,"0","0","0",".042",".042","WWTP same agency","Inyokern CSD WWTP","Unknown",1,"No"," "," "," ",0,0,0,0,NA
"6V","6SSO11151","Active","05/08/2023","Municipal (Public)","629","419,450","120,000","1",2,"1","1","1","0","0","0","0","0","0","0","0","0","0",0,0,"40","10","50","25","10","65","0","0","0","0","0","0",100,100,"11","13","3","none","0","690","0","0","0","0","0","0","0","0","0","0","0","0","0","0","0","100","0","34","0","0","0","0","0",0,100,0,34,"1","1","1",".187",".192","WWTP same agency","June Lake PUD","6SSO11151",1,"No"," "," "," ",0,1,2,0,NA
"6V","6SSO11152","Active","05/01/2023","Municipal (Public)","14,000","7,263,540","21,194,300","4",14,"3","2","10","1","4","0","0","4","0","4","1","4","1",0,0,"21","49","69","2","7","49","3","0","0","0","0","0",100,100,"4","200","100","none","0","10734","0","0","0","0","0","0","0","0","0","5","0","0","20","0","0","50","2","9","20","8","9","5","1",0,100,11,18,"14","27.8","34.5","0.973","2.295","WWTP same agency","Grass Valley WWTP","6B360107001",1,"No"," "," "," ",0,49,2,3,NA
"6V","6SSO11154","Historical","09/20/2023","Municipal (Public)","398","0","0","2",0,"1","0","1","0","0","0","0","1","0","0","0","0","0",0,0,"0","0","0","0","0","0","0","0","0","0","100","0",100,0,"0","3","0.3","lower","0.3","0.3","0","0","0","0","0","0","0","0","0","0","0","0","40","0","0","40","0","0","20","0","0","0","0",0,100,0,0,"0","2.32","0.25","5","5","SSS same agency","LAHONTAN","6SS011154",1,"No"," "," "," ",0,0,0,0,NA
"6V","6SSO11155","Active","02/05/2023","Other","2,000","280,000","30,000","2",1,"0","2","1","0","0","0","0","0","0","0","1","0","0",2,1,"60","0","30","0","9","0","1","0","0","0","0","0",100,0,"0","15","5","none","0","600","0","0","0","0","0","0","0","0","0","10","0","0","0","0","0","90","1","0","0","0","0","0","0",0,100,1,0,"0","3","3",".2",".2","WWTP same agency","lone pine sewer plant","6B140104001",4,"No"," "," "," ",0,0,0,0,NA
"6V","6SSO11157","Active","01/12/2023","Municipal (Public)","7,191","1,881,710","2,230,155","2",7,"3","2","4","4","3","0","0","3","0","1","0","0","1",4,3,"12","100","74","0","14","0","0","0","0","0","0","0",100,100,"2.9","71.2","24.4","lower","24.4","4014","0","0","0","0","0","0","0","0","0","0","0","0","0","0","0","80","0","10","10","0","1","10","0",1,100,0,12,"7","11.2","16.1","1.1","5.48","SSS same agency","MCWD","6SSO11157",1,"No"," "," "," ",0,6,1,0,NA
"6V","6SSO11158","Active","09/01/2022","Municipal (Public)","4,200","339,500","1,025,000","2",3,"1","1","0","0","2","0","0","0","0","0","0","0","0",0,1,"10","0","70","0","20","0","0","0","0","0","0","0",100,0,"0","23.5","17.3","lower","6.5","1134","0","0","0","0","0","0","0","0","0","0","0","0","75","0","0","15","0","0","10","0","1","0","0",0,100,0,1,"0","12","0",".320",".352","WWTP same agency","Mojave PUD","6sso11158",1,"No"," "," "," ",0,0,0,0,NA
"6V","6SSO11160","Historical","12/06/2010","Military","1,060","131,400","7,215","1",3,"1","0","0","0","3","0","0","1","0","0","0","0","0",NA,NA," "," "," "," "," "," "," "," "," "," "," "," ",NA,NA,"0.2","14","2","upperLower","2","326"," "," "," ","0"," "," ","0"," "," ","0"," "," ","70"," "," ","10"," "," ","10"," "," ","10"," ",NA,NA,NA,NA,"0","0","0"," "," "," "," "," ",0," "," "," "," ",0,NA,NA,NA,NA
"6V","6SSO11164","Historical","12/18/2015","Other","1,565","40,000","0","na",2,"na","na","1","na","1","na","na","na","na","na","na","na","na",1,0,"0","100","100","0","0","0","0","0","0","0","0","0",100,100,"0.5","9","2","upperLower","2","26","0","0","0","0","0","0","0","0","0","0","0","0","0","0","0","95","0","2","5","0","0","0","0",0,100,0,2,"1","0","0","0.020","0.025","WWTP same agency","Rock Creek WWTP","6B260705002",1,"No"," "," "," ",0,5,1,0,NA
"6V","6SSO11165","Active","06/22/2023","Municipal (Public)","20,000","100,000","na","1",2,"2","1","0","0","0","0","0","0","0","0","0","0","0",0,0,"3","100","59","0","24","0","12","0","1","0","1","0",100,100,"1","74","0","none","65","5100","0","0","0","0","0","0","0","0","0","0","0","0","20","0","0","20","0","0","20","0","1","40","0",0,100,0,1,"0","20","6","1.2","1.8","WWTP same agency","Rosamond CSD","6B150112001",1,"No"," "," "," ",0,0,0,0,NA
"6V","6SSO11168","Active","05/23/2023","Municipal (Public)","2,267","298,530","125,000","0",8,"2","1","5","0","2","0","0","1","0","0","0","0","0",1,1,"0","0","0","0","0","0","0","0","0","0","100","0",100,0,"0","9.9","4","none","0","588","0","0","0","0","0","0","0","0","0","0","0","0","0","0","0","100","0","0","0","0","0","0","0",0,100,0,0,"3.5","0.17","0.29",".175",".25","WWTP same agency","County of San Bernardino","6B360115010",1,"No"," "," "," ",0,0,0,0,NA
"6V","6SSO11169","Active","08/22/2023","Municipal (Public)","110,000","120,000","2,500,000","2",20,"3","3","1","5","1","0","3","0","0","0","1","1","0",8,3,"0","0","2","0","51","100","38","0","9","0","0","0",100,100,"2","42","0","none","0","0","0","0","0","0","0","0","0","0","0","0","0","0","0","0","0","80","0","0","10","2","0","10","2",0,100,4,0,"2","5","5","10.63","15.59","WWTP same agency","VVWRA","6B360109001",1,"Yes","No","City of Victorville","6SSO11425",5,6,0,1,NA
"6V","6SSO11171","Historical","12/06/2010","Military","1,289","131,400","4,900","1",3,"1","0","0","0","3","0","0","1","0","0","0","0","0",NA,NA," "," "," "," "," "," "," "," "," "," "," "," ",NA,NA,"0","9","1","upperLower","1","108"," "," "," ","0"," "," ","0"," "," ","0"," "," ","70"," "," ","10"," "," ","10"," "," ","10"," ",NA,NA,NA,NA,"0","0","0"," "," "," "," "," ",0," "," "," "," ",0,NA,NA,NA,NA
"6V","6SSO11182","Active","09/12/2022","Prison","3,550","1,500,000","1,500,000","1",1,"1","1","0","0","0","0","0","1","0","0","0","0","0",1,0,"50","0","20","0","30","0","0","0","0","0","0","0",100,0,"0","4","2","upperLower","2","181","0","0","0","0","0","0","0","0","0","0","0","0","0","0","0","0","0","0","99","0","0","1","0",0,100,0,0,"0","0","0","0.30","0.32","WWTP other agency","L.A. County Sanitation Districts","6B19017017",1,"No"," "," "," ",0,0,0,0,NA
"6T","6SSO11193","Active","03/14/2023","Prison","3,200","75,000","15,000","0",7,"4","2","0","0","0","0","0","0","0","0","0","0","0",0,0,"65","0","10","0","25","0","0","0","0","0","0","0",100,100,"0","6","3","upperLower","2","125","0","0","0","0","0","0","0","0","0","0","0","0","0","0","0","0","0","0","100","0","0","0","0",0,100,0,0,"0","0","0",".45",".65","WWTP same agency","CCC","6A18102156",1,"No"," "," "," ",0,0,0,0,NA
"6V","6SSO11376","Active","05/23/2023","Municipal (Public)","357","241,405","25,000","0",8,"2","1","5","0","2","0","0","1","0","0","0","0","0",1,1,"0","0","0","0","0","0","0","0","0","0","100","0",100,0,"0","1.4","0.2","none","0","135","0","0","0","0","0","0","0","0","0","0","0","0","0","0","0","100","0","0","0","0","0","0","0",0,100,0,0,"0.3","0","2.86",".2",".3","WWTP other agency","VVWRA","0",1,"No"," "," "," ",0,1,0,0,NA
"6V","6SSO11377","Active","05/23/2023","Municipal (Public)","870","140,772","0","0",8,"2","1","5","0","2","0","0","1","0","0","0","0","0",1,1,"0","0","0","0","0","0","0","0","0","0","100","0",100,0,"0","1.5","0.2","none","0","508","0","0","0","0","0","0","0","0","0","0","0","0","0","0","0","0","0","0","100","0","0","0","0",0,100,0,0,"0.3","0.33","3.93",".1",".2","WWTP other agency","VVWRA","0",1,"No"," "," "," ",0,0,0,0,NA
"6V","6SSO11378","Active","05/23/2023","Municipal (Public)","3,544","23,920","0","0",8,"2","1","5","0","2","0","0","1","0","0","0","0","0",1,1,"0","0","0","0","0","0","0","0","0","0","100","0",100,0,"0","9.6","6","none","0","623","0","0","0","0","0","0","0","0","0","0","0","0","0","0","0","0","0","0","0","0","0","100","0",0,100,0,0,"0.2","4.4","0",".1",".15","WWTP other agency","Barstow","0",1,"No"," "," "," ",0,0,0,0,NA
"6V","6SSO11379","Active","05/23/2023","Municipal (Public)","14,268","1,851,196","1,180,925","0",8,"2","1","5","0","2","0","0","1","0","0","0","0","0",1,1,"0","2","0","0","0","0","0","0","0","0","100","98",100,100,"0.5","35.6","15","none","0","3856","0","0","0","0","0","0","0","0","0","0","0","0","0","0","0","90","2","0","0","0","0","10","1",0,100,3,0,"5","2.89","10.6",".4",".6","WWTP other agency","VVWRA","0",1,"No"," "," "," ",0,0,2,0,NA
"6V","6SSO11380","Historical","06/15/2022","Municipal (Public)","3,931","1,025,850","0","1",10,"2","1","7","0","2","0","0","1","0","0","1","0","0",1,1,"0","100","0","0","0","0","0","0","0","0","100","0",100,100,"1","35","17","none","0","1222","0","0","0","0","0","0","0","0","0","0","0","0","0","0","0","100","3","1","0","0","0","0","0",0,100,3,1,"8","0","0",".2",".3","WWTP other agency","Running Springs","0",1,"No"," "," "," ",0,1,0,0,NA
"6V","6SSO11393","Active","07/15/2022","Municipal (Public)","214,644","567,865.55","500,000","3",34,"4","2","0","0","0","0","0","0","0","0","0","0","0",0,0,"0","0","2","0","52","0","28","0","18","0","0","0",100,0,"0.0","75.3","0","none","0","339","0","0","0","0","0","0","0","0","0","0","0","0","33","0","0","8","0","0","40","0","0","19","0",0,100,0,0,"0.0","41.9","13.5","12.9","30.9","WWTP same agency","Lancaster WRP","6B190107017",2,"Yes","No","Lancaster","6SSO11136",3,2,0,0,NA
"6V","6SSO11399","Active","07/15/2022","Municipal (Public)","138,119","448,889.36","1,400,000","3",34,"4","2","0","0","0","0","0","0","0","0","0","0","0",0,0,"0","0","2","0","59","0","27","0","12","0","0","0",100,0,"0.0","48.5","0","none","0","183","0","0","0","0","0","0","0","0","0","0","0","0","38","0","0","23","0","0","19","0","0","20","0",0,100,0,0,"0.0","17","10.6","8.3","19.9","WWTP same agency","Palmdale WRP","6B190107069",1,"Yes","No","Palmdale","6SSO11137",2,0,0,0,NA
"6V","6SSO11416","Historical","07/23/2007"," ","6,000","700,000","500,000","1",6,"1","1","0"," ","0"," "," ","0"," "," ","0"," "," ",NA,NA," "," "," "," "," "," "," "," "," "," "," "," ",NA,NA,"3","85","17","upperLower","17","31"," "," "," ","0"," "," ","0"," "," ","0"," "," ","55"," "," ","15"," "," ","25"," "," ","5"," ",NA,NA,NA,NA,"5","0","10"," "," "," "," "," ",0," "," "," "," ",0,NA,NA,NA,NA
"6V","6SSO11425","Active","04/24/2023","Municipal (Public)","98,312","17,531,791","742,777","3",14,"1","1","3","0","4","0","0","3","0","0","0","0","0",2,1,"1","6","75","92","18","2","6","0","0","0","0","0",100,100,"1.2","454","238","lower","238","30247","12","0","0","0","0","0","0","0","0","0","0","0","3","0","0","15","0","5","42","0","1","28","0",2,100,0,8,"2","164","24","9.107","12.102","WWTP other agency","VVWRA","6B360109001",2,"No"," "," "," ",0,0,1,1,NA
"6V","6SSO11427","Active","06/07/2023","Municipal (Public)","21,098","6,952,613","5,984,200","1",4,"1","2","1","0","1","0","0","1","0","0","2","0","0",0,0,"1","100","62","0","36","0","1","0","0","0","0","0",100,100,"1","134","70","lower","60","5864","0","0","0","0","0","0","0","0","0","0","0","0","0","0","0","0","0","0","60","0","1","40","0",0,100,0,1,"0","20","15","2.2","2.3","WWTP other agency","Victor Valley Wastewater Reclamation Authority","6B360109001",1,"Yes","No","County of San Bernardino-Oak Hills","6SSO11377",1,5,0,1,NA
"6V","6SSO11489","Active","12/21/2022","Municipal (Public)","22,500","3,904,750","5,300,000","3",3,"2","0","1","0","4","0","0","0","0","0","0","0","0",0,0,"8","31","71","1","19","68","2","0","0","0","0","0",100,100,"6.3","145","130","none","0","9429","0","0","0","0","0","0","0","0","0","0","0","0","0","0","0","0","0","0","53","3","3","47","0",1,100,3,4,"0.5","56.64","15.17","2","2","WWTP other agency","Victor Valley Wastewater Reclamation Authority","6B360109001",1,"No"," "," "," ",0,0,0,0,NA
"6V","6SSO11493","Active","09/06/2022","Municipal (Public)","1,396","502,511","123,370","2",0,"1","1","0","0","0","0","0","1","0","0","0","0","0",0,0,"0","0","100","100","0","0","0","0","0","0","0","0",100,100,"1","12.5","1","none","0","923","0","0","0","0","0","0","0","0","0","0","0","0","0","0","0","100","1","0","0","0","0","0","0",0,100,1,0,"0","3.1","3.1",".059",".096","WWTP other agency","Running Springs Water District","8 360113001",1,"No"," "," "," ",0,0,0,1,NA
"6V","6SSO11506","Active","09/09/2022","Municipal (Public)","7,500","415,000","42,000","1",1,"0","1","0","0","0","0","0","0","0","0","0","0","0",1,0,"0","0","25","50","59","50","16","0","0","0","0","0",100,100,"3","28","8.5","lower","4.5","2792","0","0","0","0","0","0","0","0","0","0","0","0","0","0","0","95","0","0","0","3","0","5","0",1,100,3,1,"1","5","3.0",".422","1.2","WWTP same agency","Helendale WWTP","6B361111001",1,"No"," "," "," ",0,1,0,0,NA
"6T","6SSO11517","Active","10/11/2022","Landfill","0","10,300","0","0",2.79,"0.44","0.15","1.91","0","0.05","0","0","0.29","0.15","0.15","0","0","0",0.29,0,"92","100","8","0","0","0","0","0","0","0","0","0",100,100,"1.3","0.29","0.1","upperLower","0.1","5","0","0","0","0","0","0","0","0","0","0","0","0","0","0","0","0","0","0","72","0","0","28","0",1,100,0,1,"0","0","0","0.01","0.037","SSS other agency","Tahoe Truckee Sanitation Agency","6A290011000",1,"No"," "," "," ",0,0,0,0,NA
"6V","6SSO11523","Active","01/16/2023","Park (w/Campground)","278,288","35,000","750,000","2",1,"1","1","0","0","0","0","0","0","0","0","0","0","0",0,0,"90","100","10","0","0","0","0","0","0","0","0","0",100,100,"2.5","4.5","4","upperLower","4","31","0","0","0","0","0","0","0","0","0","0","0","0","0","0","0","100","0","0","0","0","0","0","0",0,100,0,0,"0.5","1","1","10,000","5,000","WWTP other agency","Crestline Santation","6B360106001",1,"No","No"," "," ",5,1,2,6,NA
"6T","6SSO11538","Active","05/25/2016","Municipal (Public)","2,000","97,790","0","0",1,"0","1","1","0","0","0","0","0","0","0","0","0","0",0,0,"80","0","20","0","0","0","0","0","0","0","0","0",100,0,"6","19","6","lower","1","644","0","0","0","0","0","0","0","0","0","0","0","0","0","0","0","0","0","0","0","0","0","100","0",0,100,0,0,"0","0","0","11,000","13,000","SSS same agency","Spalding Community Services District","6SSO11538",1,"No"," "," "," ",0,1,0,4,NA
"6V","6SSO14497","Active","04/18/2023","Municipal (Public)","28,973","1,196,250","8,770,000","2",36,"1","1","4","0","0","0","0","0","0","0","0","0","0",4,0,"6","0","73","0","13","0","8","0","0","0","0","0",100,0,"0","125","35","none","0","10197","0","0","0","0","0","0","0","0","0","0","0","0","10","0","0","30","0","0","50","0","0","10","0",0,100,0,0,"0","16.69","0","2.25","2.75","WWTP same agency","City of Ridgecrest","6B150116001",1,"No"," "," "," ",0,0,0,0,NA
"6T","6SSO18093","Active","02/14/2023","Park (w/Campground)","1,000","5,000","5,000","2",3,"1","0","0","0","0","0","0","0","0","0","0","0","0",0,0,"100","100","0","0","0","0","0","0","0","0","0","0",100,100,"1.2","0.5","0.2","upperLower","0.2","9","0","0","0","0","0","0","0","0","0","0","0","0","0","0","0","95","0","0","0","0","0","5","0",4,100,0,4,"0.1","0.5","0.5","0.01","0.010","SSS other agency","South Tahoe Public Utilities District","Unknown",2,"No"," "," "," ",0,0,0,0,NA
"6T","6SSO18094","Active","02/14/2023","Park (w/Campground)","1,000","5,000","5,000","2",3,"1","0","0","0","0","0","0","0","0","0","0","0","0",0,0,"90","100","10","0","0","0","0","0","0","0","0","0",100,100,"0.4","2.7","0.2","upperLower","0.2","15","0","0","0","0","0","0","0","0","0","0","0","0","0","0","0","95","0","0","0","0","0","5","0",2,100,0,2,"0.5","2.7","2.7","0.005","0.005","SSS other agency","Tahoe City Public Utilities District","Unknown",2,"No"," "," "," ",0,0,0,0,NA
"6T","6SSO18095","Active","02/14/2023","Park (w/Campground)","1,000","5,000","5,000","2",3,"1","0","0","0","0","0","0","0","0","0","0","0","0",0,0,"75","0","25","0","0","0","0","0","0","0","0","0",100,0,"0","2.0","0.5","upperLower","0.5","30","0","0","0","0","0","0","0","0","0","0","0","0","0","0","0","95","0","0","0","0","0","5","0",4,100,0,4,"0.5","2.0","2.0","0.015","0.015","SSS other agency","Tahoe City PUD","Unknown",2,"No"," "," "," ",0,0,0,0,NA
"6V","6SSO18103","Active","05/23/2023","Municipal (Public)","100","1,000,000","0","0",8,"2","1","5","0","2","0","0","1","0","0","0","0","0",1,1,"0","0","0","0","0","0","0","0","0","0","100","100",100,100,"0","1.8","0","none","0","0","0","0","0","0","0","0","0","0","0","0","0","0","10","0","0","80","0","0","8","0","0","2","0",0,100,0,0,"0.5","0","0.57","0","0","WWTP same agency","Septic Tank","6SSO18103",1,"No"," "," "," ",0,0,0,0,NA
"6V","6SSO18104","Active","05/23/2023","Municipal (Public)","0","1,000,000","0","0",8,"2","1","5","0","2","0","0","1","0","0","0","0","0",1,1,"0","0","0","0","0","0","0","0","0","0","100","100",100,100,"0","2.4","0","none","0","0","0","0","0","0","0","0","0","0","0","0","0","0","10","0","0","80","0","0","8","0","0","2","0",0,100,0,0,"0","0.33","0","0","0","WWTP other agency","VVWRA","unknown",1,"No"," "," "," ",0,0,0,0,NA
"6V","6SSO18105","Active","05/23/2023","Municipal (Public)","0","1,000,000","0","0",8,"2","1","5","0","2","0","0","1","0","0","0","0","0",1,1,"0","0","0","0","0","0","0","0","0","0","100","100",100,100,"0","1.4","0","none","0","0","0","0","0","0","0","0","0","0","0","0","0","0","10","0","0","80","0","0","8","0","0","2","0",0,100,0,0,"0","0","0.55","0","0","WWTP same agency","Septic Tank","6SSO18105",1,"No"," "," "," ",0,0,0,0,NA
"6T","6SSO18106","Active","05/30/2023","Municipal (Public)","2,400","924,500","75,000","1",0,"1","1","1","0","0","0","0","0","0","0","0","0","0",1,0,"10","0","10","0","74","0","6","0","0","0","0","0",100,0,"0","5.71","2.0","lower","1.0","277","0","0","0","0","0","0","0","0","0","0","0","0","22","0","0","21","0","0","0","0","0","57","0",0,100,0,0,"0","0.","0",".285",".3","WWTP same agency","Herlong Public Utility District","6A180208004",1,"No"," "," "," ",0,0,0,0,NA
"7","7SSO10506","Active","07/27/2022","Municipal (Public)","32,620","6,766,000","781,000","1",4,"2","1","1","0","5","0","0","0","0","0","1","0","0",6,5,"0","0","79","0","17","0","4","0","0","0","0","0",100,0,"1.2","120","62.19","none","0","7981","0","0","0","0","0","0","0","0","0","0","0","0","0","0","0","43","0","0","12","0","0","45","1",0,100,1,0,"0","62.5","4.2","1.94","2.27","WWTP same agency","Alan L. Horton","7A330109012",1,"No"," "," "," ",0,0,0,0,NA
"7","7SSO10507","Historical","01/12/2023","Municipal (Public)","6,026,885","1,280,000","764,000","1",1,"1","2","7","0","1","0","0","0","0","0","1","0","0",0,0,"06","87","75","0","16","13","3","0","0","0","0","0",100,100,"1.6","121","175","none","0","10867","0","0","0","0","0","0","0","0","0","17","0","0","26","0","0","22","0","0","17","2","2","18","0",0,100,2,2,"1","82","17","2.0","4.2","WWTP same agency","City of Banning - WWTP","7A330100015",1,"No"," "," "," ",0,0,0,1,NA
"7","7SSO10508","Active","03/21/2023","Municipal (Public)","0","25,000","0","1",3,"1","1","1","0","0","0","0","0","0","0","0","0","0",0,0,"65","0","35","0","0","0","0","0","0","0","0","0",100,0,"0","2.8","0","none","0","15","0","0","0","0","0","0","0","0","0","0","0","0","0","0","0","100","0","0","0","0","0","0","0",0,100,0,0,"0","1","1",".014",".014","WWTP same agency","RIVERSIDE COUNTY AREA 122","7B330118011",1,"No"," "," "," ",0,0,0,0,NA
"7","7SSO10509","Active","03/07/2023","Municipal (Public)","12,155","3,875,700","0","0",8,"2","1","0","0","0","0","0","0","0","0","0","0","0",0,0,"2","1","64","0","28","0","6","0","0","0","0","0",100,100,"14.1","44.8","0","none","0","3200","0","0","0","0","0","0","0","0","0","0","0","0","15","0","0","45","0","0","20","0","0","20","0",0,100,2,19,"0","25","0","1.1","3.6","WWTP same agency","Blythe Regional Wastewater Reclamtion Facilities","7SSO10509",1,"No"," "," "," ",0,3,1,1,NA
"7","7SSO10511","Historical","","","","","","",NA,"","","","","","","","","","","","","",NA,NA,"","","","","","","","","","","","",NA,NA,"","","","","","","","","","","","","","","","","","","","","","","","","","","","","",NA,NA,NA,NA,"","","","","","","","",0,"","","","",0,NA,NA,NA,NA
"7","7SSO10512","Historical","","","","","","",NA,"","","","","","","","","","","","","",NA,NA,"","","","","","","","","","","","",NA,NA,"","","","","","","","","","","","","","","","","","","","","","","","","","","","","",NA,NA,NA,NA,"","","","","","","","",0,"","","","",0,NA,NA,NA,NA
"7","7SSO10513","Historical","05/22/2023","Municipal (Public)","833","124,000","500,000","1",1,"1","1","0","0","1","0","0","1","0","0","0","0","0",0,0,"0","0","40","0","60","100","0","0","0","0","0","0",100,100,"2.8","12.5","5.4","lower","1.6","279","0","0","0","0","0","0","0","0","0","0","0","0","0","0","0","0","0","0","85","0","0","15","1",0,100,1,0,"0.3","0","0","51,607","363,847","WWTP same agency","Rams Hill WWTP","7SSO10513",1,"No"," "," "," ",0,0,0,0,NA
"7","7SSO10514","Active","02/18/2023","Municipal (Public)","26,928","4,102,389","508,800","2",12,"3","1","0","0","0","0","0","0","0","0","0","0","0",0,0,"3","28","59","0","28","72","9","0","0","0","1","0",100,100,"2","77","70","none","0","5532","0","0","0","0","0","0","0","0","0","10","0","0","35","0","0","35","1","0","10","1","0","10","0",1,100,2,1,"0","10","12","3.6","16","WWTP same agency","City of Brawley","7SSO10514",1,"No"," "," "," ",0,0,0,0,NA
"7","7SSO10515","Active","06/01/2023","Municipal (Public)","40,000","726,430","5,890,560","0",5,"1","0","1","1","3","0","0","1","0","0","0","0","0",0,0,"0","0","0","0","0","0","0","0","0","0","0","0",100,100,"4.5","73.1","75.9","none","0","8560","0","0","0","0","0","0","14","0","0","0","0","0","4","0","0","22","0","0","37","0","0","23","0",0,100,0,0,"0","20","1","2.148","2.414","WWTP same agency","Calexico Wasterwater Plant","7A130101011",1,"No"," "," "," ",0,0,0,0,NA
"7","7SSO10516","Active","04/26/2023","Municipal (Public)","10,000","600,000","50,000","0",3,"1","1","2","0","0","0","0","1","0","0","0","0","0",1,0,"20","05","60","10","20","0","0","0","0","0","0","0",100,0,"2","1","0","lower","0","500","0","0","0","0","0","0","0","0","0","10","0","0","30","0","0","30","0","0","20","0","0","10","0",0,100,0,0,"0","1.0","0","0.645","1.046","WWTP same agency","Calipatria Wastwater Treatment Plant","7SSO10516",1,"No"," "," "," ",0,0,0,0,NA
"7","7SSO10519","Active","04/20/2023","Municipal (Public)","21,017","1,220,500","1,101,000","2",3,"1","1","0","0","0","0","0","0","0","0","0","0","0",0,0,"4","80","80","00","9","20","7","0","0","0","0","0",100,100,"6.5","43","0","none","0","6011","23","0","0","0","0","0","0","0","0","0","0","0","0","0","0","0","0","0","13","0","3","64","0",13,100,0,16,"0","7","0.3","1.3","2","WWTP same agency","City of Imperial WWTP","7SSO10519",1,"No"," "," "," ",0,0,7,1,NA
"7","7SSO10520","Active","03/14/2023","Municipal (Public)","45,407","3,553,000","11,286,000","0",5,"2","1","1","0","2","1","0","0","0","0","2","0","0",2,0,"3","0","59","0","29","0","7","0","2","0","0","0",100,0,"1.5","90","36","lower","28","8000","0","0","0","0","0","0","0","0","0","0","0","0","3","0","0","30","0","0","30","0","0","37","0",0,100,0,0,"20","55.51","3.09","2.88","2.88","WWTP same agency","Coachella Sanitary District CSD","7A330104012",1,"No"," "," "," ",0,0,0,0,NA
"7","7SSO10523","Active","07/27/2022","Municipal (Public)","1,710","588,000","156,000","1",4,"2","1","1","0","5","0","0","0","0","0","1","0","0",6,5,"5","0","95","0","0","0","0","0","0","0","0","0",100,0,"0","5.1","2.4","none","0","682","0","0","0","0","0","0","0","0","0","0","0","0","0","0","0","80","0","0","20","0","0","0","0",0,100,0,0,"0","5.1","0.25","0.043","0.075","WWTP same agency","Desert Crest WWTP","7A330109021",1,"No"," "," "," ",0,0,0,0,NA
"7","7SSO10524","Historical","09/11/2020","Municipal (Public)","982","1,476,085","121,489","3",4,"1","1","0","2","0","0","1","0","0","0","0","0","0",4,1,"85","30","10","70","5","0","0","0","0","0","0","0",100,100,"4","60","2.6","none","0","939","0","0","0","0","0","0","0","0","0","0","0","0","0","00","0","100","1","4","0","0","0","0","0",0,100,1,4,"35","6","1.5",".1",".135","WWTP same agency","Desert Shores WWTP","7A130110031",1,"No"," "," "," ",0,0,0,5,NA
"7","7SSO10525","Active","05/02/2023","Municipal (Public)","44,311","469,620","500,000","0",2,"1","1","2","0","1","0","0","0","0","0","0","0","0",0,0,"0","50","60","0","35","0","5","50","0","0","0","0",100,100,"2","120","150","lower","75","10000","0","0","0","0","0","0","20","0","0","20","1","0","25","0","0","20","2","2","10","0","2","5","11",4,100,14,8,"1","30","1","3.5","5.0","WWTP same agency","El Centro WWTP","7A130103011",1,"No"," "," "," ",0,0,0,0,NA
"7","7SSO10526","Historical","04/29/2021","Municipal (Public)","2,500","328,500","60,000","0",5,"1","2","N/A","N/A","1","N/A","N/a","0","N/A","N/A","0","N/A","N/A",0,0,"8","100","40","0","40","0","0","0","0","0","12","0",100,100,"0.5","3.5","N/A","none","0","38","0","0","0","0","0","0","0","0","0","0","0","0","0","0","0","0","0","0","0","0","0","100","0",3,100,0,3,"4","0","0",".08",".08","WWTP same agency","Gateway of the Americas 99-042 CS","7sso10526",1,"No"," "," "," ",0,0,0,0,NA
"7","7SSO10527","Active","10/06/2022","Municipal (Public)","6,900","1,010,800","103,000","1",4,"2","1","0","0","0","0","0","0","0","0","0","0","0",0,0,"38","100","38","0","16","0","8","0","0","0","0","0",100,100,"0.1","26","10","none","0","1718","0","0","0","0","0","0","0","0","0","0","0","0","0","0","0","16","0","0","32","0","0","52","3",3,100,3,3,"0","2.0","0",".6",".6","WWTP same agency","Heber Public Utility DIstrict WWTP","7A130104011",1,"No"," "," "," ",0,0,0,0,NA
"7","7SSO10528","Historical","05/09/2023","Municipal (Public)","6,034","949,022","250,745","1",8,"2","1","1","0","2","0","0","0","0","0","1","0","0",2,1,"10","25","30","75","60","0","0","0","0","0","0","0",100,100,"1","17","8","lower","4","1372","0","0","0","0","0","0","0","0","0","47","0","0","47","0","0","1","0","2","1","0","1","4","0",0,100,0,3,"1","1","1","500,000","700,000","WWTP same agency","Holtville Waste Water Plant","7A130150011",1,"No","No","na","na",1,0,0,0,NA
"7","7SSO10530","Active","03/21/2023","Municipal (Public)","400","68,000","1,000","1",2,"0","1","2","0","0","0","0","0","0","0","0","0","0",0,0,"75","0","20","0","5","0","0","0","0","0","0","0",100,0,"0","3.1","0","none","0","230","0","0","0","0","0","0","0","0","0","0","0","0","0","0","0","100","0","0","0","0","0","0","0",0,100,0,0,"0","0","0",".025",".025","WWTP same agency","RIVERSIDE COUNTY LAKE TAMARISK","7A330118022",1,"No"," "," "," ",0,0,0,0,NA
"7","7SSO10531","Historical","08/03/2022","Municipal (Public)","4,847","1,039,561","25,000","0",1,"1","1","1","0","0","0","0","0","0","0","0","0","0",1,0,"5","100","70","0","20","0","2","0","0","0","3","0",100,100,"3.6","19.2","19","none","0","1569","0","0","0","0","0","0","0","0","0","0","0","0","70","0","0","10","0","0","10","0","67","10","2",4,100,2,71,"0","12","0.1",".3",".3","WWTP same agency","Needles WWTP","7361024248",1,"No"," "," "," ",0,0,0,0,NA
"7","7SSO10532","Historical","05/09/2018","Municipal (Public)","1,287","325,000","0","2",1,"1","1","0","0","0","0","0","0","0","0","0","0","0",1,0,"0","0","0","0","100","0","0","0","0","0","0","0",100,0,"0","12","0","upperLower","0","545","0","0","0","0","0","0","0","0","0","0","0","0","95","0","0","3","0","0","2","0","0","0","0",0,100,0,0,"1","0","0","0.065","0.120","WWTP same agency","Niland Sanitary District WWTP","R7-2014-0001",2,"No"," "," "," ",0,0,0,0,NA
"7","7SSO10535","Active","11/09/2022","Municipal (Public)","236,965","54,173,466","35,161,876","13",11,"4","4","5","3","0","0","7","3","0","1","1","0","0",1,0,"1","4","73","4","19","91","6","1","1","0.1","0","0",100,100,"70.34","1,164.70","444","none","0","94937","0","0","0","0","0","0","0","0","0","0","0","0","0","0","0","2","6","4","60","3","1","38","9",5,100,18,10,"0","256.64","82.84","16.66","21.17","WWTP same agency","Water Reclamation Plant #4   7A","330105091",4,"No"," "," "," ",0,8,16,2,NA
"7","7SSO10536","Active","07/05/2023","Municipal (Public)","45,912","834,996","1,575,000","1",10,"1","3","3","2","0","1","0","1","0","1","0","0","0",4,0,"3","0","71","0","18","0","6","0","2","0","0","0",100,0,"3","262","429","none","0","28470","0","0","0","0","0","0","0","0","0","2","0","0","40","0","0","30","0","3","14","2","0","14","0",0,100,2,3,"0","179","36","4.6","21","WWTP same agency","City of Palm Springs","7SSO10536",1,"No"," "," "," ",0,0,0,4,NA
"7","7SSO10538","Active","10/11/2022","Municipal (Public)","4,745","1,730,450","158,000","2",3,"1","1","0","2","0","0","1","0","0","0","0","0","0",3,1,"70","25","25","5","5","70","0","0","0","0","0","0",100,100,"6","340","5.3","none","0","1867","0","0","0","0","0","0","0","0","0","0","0","0","0","0","0","80","4","5","0","0","5","20","1",3,100,5,13,"0","80","7",".250",".280","WWTP same agency","Thomas R. Cannell WWTP","7A130117001",2,"No"," "," "," ",0,0,0,0,NA
"7","7SSO10540","Active","11/10/2022","Municipal (Public)","88,488","983,201","10,212,007","5",10,"3","1","3","6","4","1","2","0","0","0","2","1","0",0,0,"1","41","73","59","22","0","3","0","1","0","0","0",100,100,"0.1","254","270","none","0","28478","0","0","0","0","0","0","0","0","0","1","0","0","11","0","0","20","0","2","22","0","0","46","1",1,100,1,3,"0.4","123","35","5.7","10.2","WWTP same agency","Valley SD WWTP","7A33012202",1,"No"," "," "," ",0,6,0,8,NA
"7","7SSO10541","Active","11/30/2022","Municipal (Public)","2,240","275,823","255,307","0",3,"1","1","0","0","0","0","0","0","0","0","0","0","0",0,0,"20","0","65","0","15","100","0","0","0","0","0","0",100,100,"1/16","6.8","5.15","none","0","485","0","0","0","2","0","0","3","0","0","30","0","0","20","0","0","20","0","0","20","0","0","5","1",0,100,1,0,"0","2","0.5",".190",".200","WWTP same agency","City of Westmorland WWTP","7A 13 0112 012",1,"No"," "," "," ",0,0,0,0,NA
"7","7SSO11186","Active","06/21/2022","Prison","3,200","80,000","50,000","0",8,"3","2","0","0","0","0","0","0","0","0","0","0","0",0,0,"50","0","30","0","20","100","0","0","0","0","0","0",100,100,"1","4","1","upperLower","1","337","0","0","0","0","0","0","0","0","0","0","0","0","0","0","0","0","0","0","100","0","0","0","0",0,100,0,0,"0","0.2","0.0","425,000","470,000","WWTP other agency","City of Calipatria","N/A",1,"No"," "," "," ",0,0,0,0,NA
"7","7SSO11187","Active","06/03/2022","Prison","4,153","75,000","75,000","0",12,"5","1","0","0","0","0","0","0","0","0","0","0","0",0,0,"8","0","42","0","50","0","0","0","0","0","0","0",100,0,"0","2.5","1","upperLower","1","100","0","0","0","0","0","0","0","0","0","0","0","0","0","0","0","0","0","0","90","0","0","10","1",0,100,1,0,"0","0.2","0",".386",".569","WWTP same agency","Centinela State Prison",NA,1,"No"," "," "," ",0,0,0,0,NA
"7","7SSO11189","Active","04/05/2023","Prison","2,600","267,116","121,429","0",5,"1","1","0","0","0","0","0","0","0","0","0","0","0",0,0,"5","0","85","0","10","100","0","0","0","0","0","0",100,100,"1","2.3","2","upperLower","2","104","0","0","0","0","0","0","0","0","0","0","0","0","0","0","0","0","0","0","100","2","0","0","0",0,100,2,0,"0","3","0","0.40","0.52","WWTP same agency","Chuckawalla Valley State Prison","7B330809001",1,"No"," "," "," ",0,0,0,0,NA
"7","7SSO11194","Active","04/12/2023","Prison","3,045","50,000","50,000","700",8,"4","1","0","0","0","0","0","0","0","0","0","0","0",0,0,"20","0","20","0","50","100","10","0","0","0","0","0",100,100,"1","3.0","0.6","upperLower","0.6","2232","0","0","0","0","0","0","0","0","0","0","0","0","0","0","0","0","0","0","100","0","100","0","0",0,100,0,100,"0","0.2","0","0.5","0.5","WWTP same agency","CVSP/ISP","7A33008090001",1,"No"," "," "," ",0,0,0,0,NA
"7","7SSO11440","Active","01/30/2023","Municipal (Public)","6,000","1,493,000","133,500","0",14,"2","2","0","0","0","0","0","0","0","0","0","0","0",0,0,"0","50","98","0","1","50","1","0","0","0","0","0",100,100,"0.5","23","18","lower","9","1720","0","0","0","0","0","0","0","0","0","0","0","0","0","0","0","0","0","0","10","0","0","90","0",0,100,0,0,"0","23","0","0","0","WWTP other agency","CVWD","na",2,"No"," "," "," ",0,0,0,0,NA
"7","7SSO11476","Historical","09/10/2008","Military","50,000","10,000","20,000","0",5,"1","1","0","0","0","0","0","0","0","0","0","0","0",NA,NA," "," "," "," "," "," "," "," "," "," "," "," ",NA,NA,"5","35","4","upperLower","4","1000"," "," "," ","0"," "," ","0"," "," ","20"," "," ","20"," "," ","16"," "," ","40"," "," ","4"," ",NA,NA,NA,NA,"0","2","0"," "," "," "," "," ",0," "," "," "," ",0,NA,NA,NA,NA
"7","7SSO11498","Historical","","","","","","",NA,"","","","","","","","","","","","","",NA,NA,"","","","","","","","","","","","",NA,NA,"","","","","","","","","","","","","","","","","","","","","","","","","","","","","",NA,NA,NA,NA,"","","","","","","","",0,"","","","",0,NA,NA,NA,NA
"7","7SSO11515","Active","06/29/2023","Municipal (Public)","2,124","601,158","4,499,258","1",3,"1","1","0","0","0","0","0","0","0","0","0","0","0",1,0,"18","0","55","100","27","0","0","0","0","0","0","0",100,100,"0.1","4.5","2.0","none","0","531","0","0","0","0","0","0","0","0","0","0","0","0","0","0","0","73","0","0","20","0","0","7","0",0,100,0,0,"0","0.6","0.1","0.1006","0.1087","WWTP same agency","SEELEY CWD WWTP","7SSO11515",1,"No"," "," "," ",0,0,0,0,NA
"7","7SSO18102","Active","05/23/2023","Municipal (Public)","0","1,000,000","0","0",8,"2","1","5","0","2","0","0","1","0","0","0","0","0",1,1,"0","0","0","0","0","0","0","0","0","0","100","100",100,100,"0","3.1","0","none","0","0","0","0","0","0","0","0","0","0","0","0","0","0","10","0","0","80","0","0","8","0","0","2","0",0,100,0,0,"0","0.85","0","0","0","WWTP same agency","Lagoon","7SSO18102",1,"No"," "," "," ",0,0,0,0,NA
"7","7SSO18114","Active","09/21/2022","Municipal (Public)","25,000","4,000,000","150,000","0",4,"1","1","3","0","0","0","0","0","0","0","1","0","0",4,1,"1","100","88","0","9","0","2","0","0","0","0","0",100,100,"1.8","74","33.8","lower","0.9","1387","0","0","0","0","0","0","0","0","0","0","0","0","0","0","0","0","0","0","0","0","0","100","3",0,100,3,0,"0","0","0","0.577","0.600","WWTP same agency","Hi Desert WRF","7SSO18114",1,"No"," "," "," ",0,0,0,0,NA
"8","8SSO10290","Historical","","","","","","",NA,"","","","","","","","","","","","","",NA,NA,"","","","","","","","","","","","",NA,NA,"","","","","","","","","","","","","","","","","","","","","","","","","","","","","",NA,NA,NA,NA,"","","","","","","","",0,"","","","",0,NA,NA,NA,NA
"8","8SSO10539","Active","01/12/2023","School","35,122",NA,NA,"0",5,"1","1","0","0","0","0","0","0","0","0","0","0","0",0,0,"44","0","50","0","6","0","0","0","0","0","0","0",100,0,"0","7.53",NA,"none","0",NA,"0","0","0","0","0","0","2","0","0","0","0","0","15","0","0","38","0","0","19","0","0","26","0",0,100,0,0,"0.5","1.5","0.5","1.7","1.7","SSS other agency","City of Riverside Regional Water Quality Control P","8SSO10560",1,"Yes","No","City of Riverside Regional Water Quality Control P","8SSO10560",1,0,0,0,NA
"8","8SSO10542","Active","01/06/2023","Municipal (Public)","345,940","8,946,750","10,000,000","3",8,"2","3","3","0","2","0","0","1","0","0","1","0","0",0,0,"25","0","25","0","25","0","25","0","0","0","0","0",100,0,"0","568","890","none","0","94000","0","0","0","0","0","0","1","0","0","3","0","0","30","0","0","40","0","0","22","0","0","4","0",0,100,0,0,"0","540","50","35","35","SSS other agency","Orange County Sanitation District","0",4,"Yes","No","City of Fullerton","0",2,0,0,140,NA
"8","8SSO10543","Active","09/21/2022","Municipal (Public)","55,349","950,000","940,000","1",2,"1","0.5","2","1","0","0","0","1","0","0","0","0","0",2,0,"1","2","82","50","15","48","2","0","0","0","0","0",100,100,"20","175","40","none","0","18138","0","0","0","0","0","0","5","0","0","5","0","0","6","0","0","5","0","0","11","0","0","68","12",0,100,12,0,"5","85","1","3.7","6","WWTP same agency","City of Beaumont, CA","8 330 101001",1,"No"," "," "," ",0,17,11,0,NA
"8","8SSO10544","Active","09/08/2022","Municipal (Public)","5,779","5,669,453","411,667","1",3,"3","2","1","0","2","0","0","4","0","0","1","0","0",7,2,"0","100","90","0","10","0","0","0","0","0","0","0",100,100,"0.9","115","177","lower","44.3","11700","0","0","0","0","0","0","0","0","0","0","0","0","0","0","0","80","0","7","15","0","0","5","0",0,100,0,7,"1","28.84","3.96",".8","1.5","WWTP other agency","Big Bear Area Regional Wastewater Agency",NA,1,"No"," "," "," ",0,0,0,0,NA
"8","8SSO10545","Active","05/10/2023","Municipal (Public)","47,589","1,807,855","1,080,000","2",6,"2","1","1","0","0","0","0","0","0","0","0","0","0",0,0,"5","0","86","0","8","0","1","0","0","0","0","0",100,0,"0.04","134","200","none","0","11540","0","0","0","0","0","0","0","0","0","5","0","0","10","0","0","50","0","1","20","0","0","15","0",2,100,0,3,"1","108","108","0.6308","0.7885","SSS same agency","City of Brea","8SSO10545",3,"No"," "," "," ",0,4,0,1,NA
"8","8SSO10546","Active","01/18/2023","Municipal (Public)","83,347","1,249,880","1,550,000","1",2,"2","2","1","0","1","0","0","1","0","0","2","0","0",0,0,"15","0","65","0","15","0","5","0","0","0","0","0",100,0,"0","168","160","none","0","18921","0","0","0","0","0","0","0","0","0","15","0","0","55","0","0","15","0","0","10","0","0","5","0",0,100,0,0,"10","84","48","1","1","WWTP other agency","Orange County Sanitation","Unknown",1,"Yes","No","City of Anaheim",NA,2,0,0,8,NA
"8","8SSO10547","Historical","06/22/2016","School","18,000","9,000","9,000","0",0,"0","0","0","0","0","0","0","0","0","0","0","0","0",0,0,"50","0","50","0","0","0","0","0","0","0","0","0",100,0,"0","3","1","upperLower","1","65","0","0","0","0","0","0","0","0","0","0","0","0","0","0","0","25","0","0","45","0","0","30","0",0,100,0,0,"0","0","0.5",".083",".077","SSS other agency","San Bernardino Municipal Water","Unknown",1,"No"," ","N/A","N/A",0,0,0,0,NA
"8","8SSO10548","Active","04/20/2023","School","43,000","50,000","0","0",8,"1","2","0","0","0","0","0","0","0","0","00","0","0",0,0,"70","0","30","0","0","0","0","0","0","0","0","0",100,0,"0.1","1.5","3","upperLower","3","0","0","0","0","0","0","0","0","0","0","0","0","0","0","0","0","70","0","0","20","0","0","10","0",0,100,0,0,"0","2","0.5",".5","0","SSS other agency","Orange County Sanitation Dist","na",1,"No"," "," "," ",0,0,0,0,NA
"8","8SSO10549","Historical","09/22/2016","Municipal (Public)","5,094","5,136,000","350,000","0",5.5,"1.9","1.6","3","0","4","0","0","0","0","0","0","0","0",0,0,"0","0","90","0","0","90","0","0","0","0","10","10",100,100,"5.5","250","68","lower","17.4","9281","0","0","0","0","0","0","0","0","0","0","0","0","10","0","2","40","0","2","40","0","2","10","0",4,100,0,10,"15","20","20","400","600","WWTP other agency","Big Bear Area Regional Wastewater Agency","7A360100011",1,"No"," "," "," ",0,5,5,0,NA
"8","8SSO10551","Active","08/03/2022","Municipal (Public)","85,081","7,324,800","2,613,840","1",7,"1","1","4","0","0","0","0","0","0","0","3","0","0",2,1,"0","0","70","25","12","75","6","0","0","0","12","0",100,100,"4.3","198.66","188","none","0","20583","0","0","0","0","0","0","0","0","0","0","0","0","0","0","0","20","0","0","75","2","0","5","2",6,100,4,6,"0","89","35","4.67","11.8","WWTP other agency","Inland Empire Utilities Agency","8332818001",1,"No"," "," "," ",0,4,3,7,NA
"8","8SSO10552","Active","07/05/2022","Municipal (Public)","49,600","480,000","1,100,000","2",2,"1","2","2","0","2","0","0","0","0","0","0","0","0",0,0,"1","0","97","100","1","0","1","0","0","0","0","0",100,100,"0.1","102","0","none","0","12000","0","0","0","0","0","0","0","0","0","0","0","0","11","0","0","65","0","1","19","0","0","5","0",0,100,0,1,"2","75","24","Not Availa","Not Availa","WWTP other agency","Orange County Sanitation District","N/A",1,"Yes","Yes","City Of Cypress","8SSO10552",1,0,0,9,NA
"8","8SSO10554","Active","03/15/2023","Municipal (Public)","25,250","5,105,200","7,100","0",2,"1","1","0","0","1","0","0","0","0","0","0","0","0",0,0,"1","0","80","0","18","0","1","0","0","0","0","0",100,0,"0.1","72.63","21.7","none","0","5500","1","0","0","0","0","0","0","0","0","0","0","0","6","0","0","56","0","0","16","0","1","21","0",0,100,0,1,"0.7","52","8","6.10","6.40","WWTP other agency","City of San Bernardino","8360114002",1,"No"," "," "," ",0,0,0,0,NA
"8","8SSO10556","Active","04/05/2023","Municipal (Public)","27,000","8,100,000","4,500,000","0",2,"2","1","0","0","1","0","0","2","0","0","1","0","0",0,0,"0","100","88","0","9","0","3","0","0","0","0","0",100,100,"7","90","42","none","0","7475","0","0","0","0","0","0","0","0","0","0","0","0","0","0","0","10","2","0","65","10","0","25","0",0,100,12,0,"0.5","11","11","1.9","1.9","WWTP other agency","Western Riverside County Regional Wastewater Autho","WRCRWA",1,"No"," "," "," ",0,1,0,2,NA
"8","8SSO10557","Active","01/04/2023","Municipal (Public)","9,000","110,000","100,000","5",5,"1","1","3","0","0","0","0","1","0","0","0","0","0",2,0,"40","0","50","0","10","0","0","0","0","0","0","0",100,0,"0","35","10","none","0","2350","0","0","0","0","0","0","0","0","0","5","0","0","25","0","0","20","0","2","25","0","0","25","0",0,100,0,2,"0","15","35","0.75","1.0","WWTP other agency","EMWD",NA,4,"No"," "," "," ",0,0,0,0,NA
"8","8SSO10558","Active","07/14/2023","Municipal (Public)","73,288","9,107,155","3,940,000","3",4,"1","1","1","3","3","0","0","0","0","0","1","0","0",0,0,"3","16","78","1","15","83","4","0","0","0","0","0",100,100,"3.48","246","81.46","none","0","14845","1","0","0","0","0","0","0","0","0","3","0","0","12","0","0","36","0","0","30","1","0","18","0",0,100,1,0,"5.1","158.65","45.80","5.7","7.1","WWTP same agency","City fo Redlands","8 36I005758",1,"No"," "," "," ",0,3,0,3,NA
"8","8SSO10560","Active","05/04/2023","Municipal (Public)","327,728","7,309,293","3,357,000","7",76,"7","7","6","4","2","0","2","3","0","1","7","0","1",0,0,"6","32","76","0","12","15","4","53","1","0","1","0",100,100,"11","782","413","lower","356","76595","0","0","0","10","0","0","0","0","0","0","0","0","50","0","0","20","1","2","0","1","6","20","1",7,100,3,15,"11","566.9","25.9","26.2","30.86","WWTP same agency","Riverside City WWRF","8330117003",1,"Yes","No","Jurupa CSD","8SSO10582",3,220,0,21,NA
"8","8SSO10561","Active","10/20/2022","Municipal (Public)","207,500","2,426,319","3,940,000","1",17,"4","3","2","3","3","0","0","1","0","1","2","0","3",0,0,"1","0","72","100","15","0","9","0","1","0","2","0",100,100,"1","477","450","none","0","0","0","0","0","1","0","0","2","0","0","5","0","0","30","0","0","24","6","0","30","5","1","8","0",0,100,11,1,"1","460","30","22","33","WWTP same agency","City Of San Bernardino","8SSO10561",1,"Yes","No","East Valley Water","8SSO10569",2,4,0,18,NA
"8","8SSO10562","Active","08/01/2022","Municipal (Public)","56,000","2,420,226","210,000","1",7,"1","1","5","0","3","0","0","1","0","0","0","0","0",1,1,"10","100","80","0","10","0","0","0","0","0","0","0",100,100,"1","206","0","none","0","11092","0","0","0","10","0","0","10","0","0","10","0","0","10","0","0","20","0","0","20","0","0","20","0",0,100,0,0,"0","55.70","19.17","0","0","WWTP other agency","EMWD","0",1,"No"," "," "," ",0,0,0,1,NA
"8","8SSO10564","Active","08/16/2022","Municipal (Public)","79,139","2,496,977","500,000","1",3,"1","1","2","0","0","0","0","1","0","0","0","0","0",2,1,"0","0","84","0","12","0","4","0","0","0","0","0",100,0,"0","258","139","none","0","17314","0","0","0","0","0","0","0","0","0","7","0","0","11","0","0","37","0","0","34","0","0","11","0",0,100,0,0,"4","147.8","16.9","5.036","10.886","WWTP other agency","IEUA","8 362918001",1,"No"," "," "," ",0,0,0,0,NA
"8","8SSO10565","Active","12/29/2022","Municipal (Public)","169,868","3,065,253","6,897,588","3",15,"1","1","0","0","2","0","0","0","0","0","0","0","0",1,0,"2","40","82","8","14","32","1","20","1","0","0","0",100,100,"24","441","8","none","0","1003","26","0","0","0","0","0","0","0","0","0","0","0","6","0","0","16","1","0","48","3","4","4","3",2,100,7,6,"0","90.5","90.5","12.0","14.5","WWTP same agency","Water Reclamation Facility No. 1","8SSO10565",3,"Yes","No","City of Norco","8SSO10556",1,19,6,5,NA
"8","8SSO10566","Active","11/16/2022","Municipal (Public)","118,300","4,900,000","1,800,000","1",6,"2","2","2","0","2","0","0","1","0","0","3","0","0",0,0,"0","24","85","30","14","46","1","0","0","0","0","0",100,100,"4.8","219.4","109.3","none","0","24955","0","0","0","0","0","0","0","0","0","0","0","0","49","0","0","46","4","0","3","16","0","2","1",0,100,21,0,"2.8","172","1.5","8.4","15.1","SSS same agency","OCSD","8SSO10591",1,"Yes","Yes","City of Newport Beach","8SSO10590",1,0,0,8,NA
"8","8SSO10568","Active","10/10/2022","Municipal (Public)","35,000","170,000","00","0",5,"1","1","0","0","2","0","0","0","0","0","5","0","0",1,0,"0","0","80","10","10","90","10","0","0","0","0","0",100,100,"5.4","7.4","0","none","0","0","0","0","0","0","0","0","0","0","0","0","0","0","0","0","0","0","0","0","100","1","3","0","1",6,100,2,9,"3","3","0","2.8","2.8","WWTP same agency","WRCRWA","0",1,"No"," "," "," ",0,5,1,8,NA
"8","8SSO10569","Active","05/05/2023","Municipal (Public)","104,000","780,000","200,000","0",4,"2","2","6","0","1","0","0","0","0","0","1","0","0",0,0,"15","0","69","0","13","0","3","0","0","0","0","0",100,0,"0","230","154","none","0","20860","0","0","0","0","0","0","0","0","0","0","0","0","31","0","0","33","0","0","29","0","0","7","0",0,100,0,0,"0","182","57","6.5","17.3","SSS same agency","San Bernardino Water Reclamation Plant","N/A",1,"No"," "," "," ",0,2,0,7,NA
"8","8SSO10570","Active","01/20/2023","Municipal (Public)","58,821","9,321,250","2,554,800","3",27,"7","3","1","0","2","0","0","0","0","0","3","0","0",0,0,"13","6","70","22","13","72","4","0","0","0","0","0",100,100,"6","114","38","lower","38","9549","0","0","0","0","0","0","0","0","0","0","0","0","0","0","0","90","7","3","7","0","0","3","1",0,100,8,3,"4","11.4","1.6","3.528","7.92","SSS same agency","EL TORO WATER DISTRICT","8SSO10570",4,"No","No"," "," ",5,12,1,9,NA
"8","8SSO10572","Active","07/11/2022","Municipal (Public)","57,000","566000","1,300,000","0",4,"1","4","3","0","1","0","0","1","0","0","2","0","0",0,0,"0","0","85","0","10","0","5","0","0","0","0","0",100,0,"0","133","312","none","0","16500","0","0","0","0","0","0","0","0","0","0","0","0","0","0","0","95","1","0","5","0","0","0","0",0,100,1,0,"1","133","11","6","7","WWTP other agency","OCSD","8SS010640",1,"No"," "," "," ",0,7,0,11,NA
"8","8SSO10573","Historical","10/11/2022","Municipal (Public)","141,061","2,987,241","1,900,000","5",7,"1","1","4","1","0","0","0","1","0","0","2","0","0",3,2,"6.1","0","78","0","13.9","0","2","0","0","0","0","0",100,0,"0.2","324","520","none","0","55000","0","0","0","0","0","0","0","0","0","5","0","0","35","0","0","38","0","0","8","0","0","14","0",1,100,0,1,"5.2","248.2","60.5","19.1","45.7","WWTP other agency","Orange County Sanitation District","sso10640",3,"Yes","No","Brea City","sso10545",3,28,0,33,NA
"8","8SSO10574","Active","11/17/2022","Municipal (Public)","172,652","8,388,939","14,579,258","0",11,"3","1","4","0","4","0","0","1","0","0","2","0","0",11,11,"2","10","80","90","14","0","4","0","0","0","0","0",100,100,"2.5","317.5","492","none","0","37100","0","0","0","0","0","0","0","0","0","5","0","0","67","0","0","20","0","0","2","0","0","6","3",0,100,3,0,"0.9","132","105","22","30.8","WWTP other agency","OCSD","n/a",1,"No"," "," "," ",0,0,0,60,NA
"8","8SSO10575","Historical","04/26/2016","Municipal (Public)","12,100","342,225","100,000","4",2,"1","2","2","0","2","0","1","1","0","0","0","0","0",0,0,"1","0","92","0","6","0","1","0","0","0","0","0",100,0,"0","33","32.7","lower","16","4736","0","0","0","0","0","0","0","0","0","0","0","0","0","0","0","94","0","0","6","0","0","0","0",0,100,0,0,"0","15.3","0","1.2","1.6","SSS other agency","City of Colton","8SSO10636",2,"No"," "," "," ",0,0,0,0,NA
"8","8SSO10577","Active","09/01/2022","Municipal (Public)","8,000","779,335","640,849","0",1,"1","1","0","0","0","0","0","0","0","0","0","0","0",0,0,"0","0","77","0","23","0","0","0","0","0","0","0",100,0,"0","15.8","14.3","none","0","1547","0","0","0","0","0","0","0","0","0","0","0","0","0","0","0","87","0","0","8","0","0","5","0",0,100,0,0,"0","15.8","1.0","0.57","0.65","WWTP same agency","WRCRWA","8332353001",1,"No"," "," "," ",0,0,0,1,NA
"8","8SSO10578","Active","02/22/2023","Municipal (Public)","201,000","9,864,062","8,245,000","6",14,"5","1","5","1","3","0","1","2","0","0","3","0","0",1,1,"1","90","84","10","14","0","1","0","0","0","0","0",100,100,"2.9","363","630","lower","300","52000","0","0","0","0","0","0","1","0","0","2","0","0","3","0","0","67","7","10","24","1","0","3","2",7,100,10,17,"81","451.08","71.8","14.5","18.0","SSS other agency","Orange County Sanitation District","8SS010640",2,"Yes","No","City of Seal Beach","8SS010604",3,31,8,37,NA
"8","8SSO10579","Historical","11/05/2015","Municipal (Public)","1,200","385,000","475,000","2",9,"4","2","0","0","0","0","0","0","0","0","0","0","0",0,0,"0","0","75","0","25","0","0","0","0","0","0","0",100,0,"0","11.3","0","none","0","576","0","0","0","0","0","0","0","0","0","0","0","0","0","0","0","100","0","0","0","0","0","0","0",0,100,0,0,"1.1","1.1","0.02",".135",".185","WWTP same agency","Idyllwild water District Effluent Disposal Ponds",NA,1,"No"," "," "," ",0,0,6,3,NA
"8","8SSO10580","Active","05/03/2023","Municipal (Public)","863,000","1,635,132","882,000","8",65,"7","6","2","0","2","6","2","1","9","9","6","1","1",0,0,"1","7","7","4","20","58","55","31","17","0","0","0",100,100,"14.0","147.1","0","none","0","0","0","0","0","0","0","0","0","0","0","0","0","0","6","0","0","43","2","0","36","0","0","15","2",0,100,4,0,"0","31.5","27.2","50.0","60.8","WWTP same agency","Inland Empire Utilities Agency","8332818001",3,"No"," "," "," ",0,29,1,41,NA
"8","8SSO10582","Active","04/07/2023","Municipal (Public)","140,147","15,685,233","14,613,930","1",8,"2","2","16","3","1","1","1","0","0","1","7","0","1",4,2,"3","7","74","7","18","39","4","47","1","0","0","1",100,100,"8.61","381.77","0","none","0","30905","6","0","0","0","0","0","0","0","0","0","0","0","8","0","0","14","0","1","19","0","2","53","3",4,100,3,7,"3.5","206","270","9.98","12","WWTP other agency","City of Riverside POTW","330117003",3,"No"," "," "," ",0,1,1,3,NA
"8","8SSO10583","Active","06/15/2023","Municipal (Public)","63,118","1,701,188","420,000","2",1,"1","1","0","0","3","0","0","0","0","0","0","0","0",0,0,"2","0","87","0","10","0","1","0","0","0","0","0",100,0,"0","125","0","none","0","13600","0","0","0","0","0","0","0","0","0","1","0","0","55","0","0","40","0","0","3","0","0","1","0",0,100,0,0,"5","37","27","8","0","SSS other agency","Orange County Sanitation Dist.",NA,1,"No"," "," "," ",0,0,0,23,NA
"8","8SSO10584","Historical","05/06/2019","Municipal (Public)","15,568","447,025","525,000","4",2,"1","1","1","0","0","0","0","1","0","0","0","0","0",0,0,"1","0","83","0","16","0","0","0","0","0","0","0",100,0,"0","28.3","40.7","none","0","4300","0","0","0","0","0","0","0","0","0","0","0","0","0","0","0","80","0","0","19","0","0","1","0",0,100,0,0,"0","28.3","5.1","1,950","2,431","SSS other agency","OCSD","8SSO10640",1,"No"," "," "," ",0,0,0,0,NA
"8","8SSO10585","Active","06/07/2023","Municipal (Public)","50,250","274,600","0","0",5,"1","1","1","0","0","0","0","1","0","0","0","0","0",1,0,"17","0","78","0","5","0","0","0","0","0","0","0",100,0,"0.5","120","137","lower","69","12130","0","0","0","0","0","0","0","0","0","0","0","0","0","0","0","69","0","1","20","0","0","11","0",0,100,0,1,"1","46","3.8","2.1","3.1","SSS other agency","Eastern Municipal Water District","n/a",1,"No","No"," "," ",1,0,0,0,NA
"8","8SSO10587","Active","09/30/2022","Municipal (Public)","314,792","3,916,112","10,843,930","1",13,"1","1","4","0","4","2","1","3","1","2","1","4","0",1,1,"6","7","76","2","13","89","3","2","2","0","0","0",100,100,"11","878","170","none","0","34937","0","0","0","0","0","0","0","0","0","0","0","0","0","0","0","18","0","0","33","2","0","49","2",1,100,4,1,"7","427.54","36.56","20.77","25.48","WWTP same agency","Michelson WRP","8 302006002",1,"Yes","Yes","UC Irvine","8SSO10630",1,524,16,11,NA
"8","8SSO10588","Active","11/01/2022","Municipal (Public)","103,000","1,757,500","850,000","1",3,"1","1","4","0","1","0","0","0","0","0","0","0","0",0,0,"0","0.5","93.7","26.5","7.3","74","0","0","0","0","0","0",100,100,"2","169","260","none","0","34435","0","0","0","0","0","0","0","0","0","0","0","0","50","0","0","45","0","0","4","0","0","1","4",0,100,4,0,"1","165","2","5","6","WWTP other agency","Orange County Sanitation District","n/a",1,"Yes","No","Garden Grove","n/a",1,5,1,32,NA
"8","8SSO10590","Active","04/03/2023","Municipal (Public)","100,000","3,502,620","500,000","2",8,"1","1","3","0","4","0","0","1","0","0","1","0","0",0,0,"10","100","88","0","2","0","0","0","0","0","0","0",100,100,"5","197","121","lower","121","25525","0","0","0","0","0","0","0","0","0","3","0","0","20","0","0","56","0","2","12","2","6","9","4",7,100,6,15,"10","250","25","8","12.2","WWTP other agency","Orange County Sanatation District","8SSO10640",1,"No"," "," "," ",0,3,5,3,NA
"8","8SSO10591","Active","01/13/2023","Municipal (Public)","137,300","3,615,661","5,449,792","9",10,"5","3","15","0","0","0","0","2","0","0","0","0","0",0,0,"8","100","77","0","13","0","2","0","0","0","0","0",100,100,"0.1","313","615","none","0","33010","0","0","0","0","0","0","3","0","0","5","0","0","16","0","0","51","0","0","20","0","0","5","0",0,100,0,0,"0","113","40","15.1","16.8","WWTP other agency","Orange County Sanitary District","8SS010640",1,"Yes","No","Villa Park Collection System","8SS010635",1,0,1,5,NA
"8","8SSO10592","Active","06/26/2023","Hospital","4,500","50,000","50,000","0",8,"2","1","0","0","0","0","0","0","0","0","0","0","0",0,0,"50","0","25","0","25","0","0","0","0","0","0","0",100,0,"0","4.5","3.0","upperLower","3.0","108","0","0","0","0","0","0","0","0","0","40","0","0","50","0","0","0","0","0","0","0","0","10","0",0,100,0,0,"0","2","1",".201",".212","SSS same agency","East Valley Water District","8SSO10592",1,"No"," "," "," ",0,0,0,0,NA
"8","8SSO10593","Active","01/12/2023","Municipal (Public)","44,400","375,000","410,000","3",3,"2","1","0","0","0","0","0","0","0","0","0","0","0",0,0,"5","0","90","0","5","0","0","0","0","0","0","0",100,0,"0","76","214","none","0","14000","0","0","0","0","0","0","0","0","0","3","0","0","10","0","0","65","0","0","20","0","0","2","0",0,100,0,0,"0","65","46","100","100","SSS same agency","City of Placentia","8SSO10593",2,"No","No"," "," ",1,7,0,9,NA
"8","8SSO10594","Active","08/10/2022","Municipal (Public)","104,062","300,000","250,000","0",4,"1","1","2","0","2","0","0","0","0","0","0","0","0",2,2,"1","0","75","0","18","0","5","0","1","0","0","0",100,0,"1.62","257.85","150","none","0","21535","0","0","0","0","0","0","0","0","0","0","0","0","20","0","0","25","0","0","50","0","2","5","4",1,100,4,3,"2","53.62","26.48","6.75","11.7","WWTP same agency","Rialto WWTP","0",1,"No"," "," "," ",0,0,0,0,NA
"8","8SSO10596","Active","04/01/2023","Municipal (Public)","24,204","629,186","286,000","1",1,"1","1","1","0","1","0","0","1","0","0","1","0","0",0,0,"0","0","90","0","10","0","0","0","0","0","0","0",100,0,"0","56.5","0","none","0","8000","0","0","0","0","0","0","0","0","0","0","0","0","0","0","0","72","0","0","27","0","0","1","0",0,100,0,0,"0","56.5","56.5","4.97","8.39","SSS other agency","OCSD","0",1,"No"," "," "," ",0,0,0,0,NA
"8","8SSO10597","Active","03/08/2023","Municipal (Public)","5,568","1,167,960","85,000","2",2,"2","2","2","0","2","1","6","2","0","0","2","0","0",7,0,"4","75","90","10","6","15","0","0","0","0","0","0",100,100,"3.8","90.7","40","none","0","4097","0","0","0","0","0","0","0","0","0","0","0","0","0","0","0","99","0","3","0","0","0","1","2",4,100,2,7,"2","15","15",".400","1.2","WWTP same agency","Running Springs WWTP","87-8",1,"Yes","No","Arrowbear Park County Water","6SSO11493",3,2,0,2,NA
"8","8SSO10600","Active","05/23/2023","Municipal (Public)","3,583","1,003,328","1,527,883","0",8,"2","1","5","0","2","0","0","1","0","0","0","0","0",1,1,"0","0","0","0","0","0","0","0","0","0","100","0",100,0,"2","17.5","8","none","0","1443","0","0","0","0","0","0","0","0","0","0","0","0","0","0","0","100","0","3","0","0","0","0","0",0,100,0,3,"8","0.81","4.6",".2",".3","WWTP other agency","BARWA","0",1,"No"," "," "," ",0,0,0,0,NA
"8","8SSO10601","Active","11/02/2022","School","12,000","55,000","85,000","0",0,"0","0","0","0","0","0","0","0","0","0","0","0","0",0,0,"38","0","38","0","24","0","0","0","0","0","0","0",100,0,"0","2.5","0.9","upperLower","0.9","3","5","0","0","0","0","0","0","0","0","0","0","0","0","0","0","0","0","0","10","0","0","85","0",0,100,0,0,"0","0","0","0.601","1.5","SSS same agency","City of San Bernardino Municipal Sewer System",NA,1,"No"," "," "," ",0,0,0,0,NA
"8","8SSO10602","Active","12/19/2022","Municipal (Public)","310,227","8,968,140","3,810,000","3",10,"1.5","1","2","0","7","1","0","2","0","0","1","0","0",0,0,"21","0","57","0","20","0","2","0","0","0","0","0",100,0,"0","389","455","lower","272","45901","1","0","0","0","0","0","2","0","0","13","0","0","31","0","0","44","2","0","6","0","0","3","0",0,100,2,0,"1","128","40","22.4","44.8","SSS other agency","Orange County Sanitation District (OCSD)","N/A",1,"Yes","No","City of Orange","N/A",2,2,0,45,NA
"8","8SSO10603","Active","11/03/2022","Municipal (Public)","3,215,059","9,594,154","1,772,064","0",3,"1","1","1","0","1","0","0","1","0","0","0","0","1",0,0,"0","0","0","0","9","0","36","100","55","0","0","0",100,100,"22.9","49","0","none","0","36","0","0","0","0","0","0","0","0","0","0","0","0","0","0","0","4","0","0","50","0","0","46","0",0,100,0,0,"1","2.6","2.6","11.1","11.1","WWTP other agency","Orange County Sanitation District","R8-2012-00035",1,"No"," "," "," ",0,7,21,13,NA
"8","8SSO10604","Active","01/11/2023","Municipal (Public)","15,986","1,094,500","2,650,000","5",1,"1","1","4","0","0","0","0","0","0","0","0","0","0",0,0,"12","70","74","0","8","30","6","0","0","0","0","0",100,100,"2.7","31.2","0","none","0","4387","0","0","0","0","0","0","0","0","0","15","0","0","0","0","0","50","4","0","15","0","1","20","2",0,100,6,1,"0","21","19","1,160,000","1,500,000","SSS other agency","Orange County Sanitation District",NA,4,"No"," "," "," ",0,0,0,1,NA
"8","8SSO10605","Active","09/12/2018","Municipal (Public)","40,000","114,000","250,000","0",5,"1","1","0","0","0","0","0","0","0","0","0","0","0",0,0,"1","0","80","0","18","0","1","0","0","0","0","0",100,0,"0","51","95","none","0","4000","0","0","0","0","0","0","0","0","0","0","0","0","15","0","0","60","0","0","15","0","0","10","0",0,100,0,0,"0","51","27","5.69","7.97","WWTP other agency","OCSD","000000000000000",1,"No","No"," "," ",1,10,0,14,NA
"8","8SSO10608","Active","02/01/2023","Municipal (Public)","62,500","6,248,857","644,978","0",6,"1","1","2","2","3","0","2","0","0","0","0","0","0",8,4,"0","1","7","0","33","99","60","0","0","0","0","0",100,100,"10.6","4.8","0","none","0","25001","0","0","0","0","0","0","0","0","0","0","0","0","0","0","0","99","0","3","0","0","0","1","1",0,100,1,3,"6.0","0","0","2.12","8.39","WWTP same agency","Big Bear Area Regional Wastewater Agency","7A360100011",1,"No"," "," "," ",0,1,1,0,NA
"8","8SSO10610","Historical","12/13/2010","Municipal","1404","149,160","200,000","0",2,"1","1","1","0","0","0","0","1","0","0","0","0","0",NA,NA," "," "," "," "," "," "," "," "," "," "," "," ",NA,NA,"0.5","2.3","2.0","none"," ","351"," "," "," ","0"," "," ","0"," "," ","0"," "," ","0"," "," ","0"," "," ","100"," "," ","0"," ",NA,NA,NA,NA,"0","2","0.5"," "," "," "," "," ",0," "," "," "," ",0,NA,NA,NA,NA
"8","8SSO10611","Active","05/31/2023","Prison","1,601","264,435","0","0",8,"2","1","5","0","1","0","0","2","0","0","0","0","0",1,1,"100","0","0","0","0","0","0","0","0","0","0","0",100,0,"0","1","0.5","upperLower","0.5","20","0","0","0","0","0","0","0","0","0","0","0","0","30","0","0","60","0","0","10","0","0","0","0",0,100,0,0,"0.5","36","0",".01",".02","WWTP other agency","Lytle Creek North WWTP","0",1,"No"," "," "," ",0,0,0,0,NA
"8","8SSO10613","Active","06/28/2022","Municipal (Public)","7,834","38,843","0","5",13,"2","2","7","1","4","1","3","1","0","1","2","0","2",0,0,"0","100","95","0","5","0","0","0","0","0","0","0",100,0,"0.6","18.1","N/A","none","0","2054","0","0","0","0","0","0","0","0","0","0","0","0","0","0","0","0","0","0","69","0","1","31","0",1,100,0,2,"0","5","20","400,000","600,000","WWTP same agency","Horsethief WWTP","8SSO10613",1,"No"," "," "," ",0,0,10,2,NA
"8","8SSO10614","Active","05/23/2023","Municipal (Public)","1,466","449,316","0","0",8,"2","1","7","0","2","0","0","1","0","0","0","0","0",1,1,"0","0","0","0","0","0","0","0","0","0","100","100",100,100,"0.5","10.7","5","none","0","622","0","0","0","0","0","0","0","0","0","0","0","0","0","0","0","0","0","0","100","0","3","0","0",0,100,0,3,"3.5","2.43","0",".2",".4","WWTP same agency","County of San bernardino","95-32",1,"No"," "," "," ",0,2,1,0,NA
"8","8SSO10615","Historical","12/13/2010","Municipal","772","132,198","34,000","0",2,"1","1","1","0","0","0","0","1","0","0","0","0","0",NA,NA," "," "," "," "," "," "," "," "," "," "," "," ",NA,NA,"0.5","2","1.7","none"," ","309"," "," "," ","0"," "," ","0"," "," ","0"," "," ","0"," "," ","0"," "," ","100"," "," ","0"," ",NA,NA,NA,NA,"0","2","0.5"," "," "," "," "," ",0," "," "," "," ",0,NA,NA,NA,NA
"8","8SSO10617","Active","08/27/2022","Municipal (Public)","567,615","3,879,411","9,430,207","2",24,"3","3","1","5","2","6","1","2","1","0","0","2","0",0,0,"3","28","71","21","18","27","7","24","1","0","0","0",100,100,"74","1,111","na","none","0","102752","0","0","0","0","0","0","0","0","0","0","0","0","0","0","0","15","1","2","45","3","7","40","1",22,100,5,31,"1","400","10","51","56.1","WWTP same agency","Eastern Municipal Water District","8SSO010617",1,"Yes","No","City of Hemet","8SSO11418",4,0,1,0,NA
"8","8SSO10620","Active","06/28/2022","Municipal (Public)","133,189","660,340","2,930,000","5",13,"2","2","7","1","4","1","3","1","0","1","2","0","2",0,0,"3","32","77","5","13","63","4","0","3","0","0","0",100,100,"16.72","401.24","N/A","none","0","27065","5","0","0","0","0","0","0","0","0","0","0","0","0","0","0","16","4","9","39","8","4","40","2",8,100,14,21,"10","85","15","5.5","7.0","WWTP same agency","Regional WWTP","na",2,"No"," "," "," ",0,5,0,4,NA
"8","8SSO10621","Active","01/12/2023","Municipal (Public)","16,000","260,000","250,000","0",4,"1","1","0","0","0","0","0","0","0","0","0","0","0",0,0,"0","0","50","075","25","25","25","0","0","0","0","0",100,100,"0.96","25.1","33","none","0","6227","0","0","0","0","0","0","0","0","0","0","0","0","0","0","0","0","0","0","55","0","0","45","0",6,100,0,6,"1","20","5","1.15","1.35","WWTP same agency","Temescal Valley Water Reclamation Facility","8ss010621",1,"No"," "," "," ",0,0,0,0,NA
"8","8SSO10625","Active","06/02/2023","Municipal (Public)","1,500","793,735","580,000","1",1,"1","1","0","0","0","0","0","0","0","0","0","0","0",0,0,"5","0","85","0","10","0","0","0","0","0","0","0",100,0,"1","5","6","none","0","1239","0","0","0","0","0","0","0","0","0","85","0","0","0","0","0","0","0","0","10","0","0","5","1",0,100,1,0,"0","5","5",".1072",".1975","SSS other agency","City of Huntington Beach","na",2,"No"," "," "," ",0,1,0,1,NA
"8","8SSO10630","Active","11/07/2022","School","49,800","65,524","65,524","0",11,"2","2","0","0","0","0","0","0","0","0","0","0","0",0,0,"0","0","56","0","43","0","0","0","0","0","1","0",100,0,"0","9.2","9.2","upperLower","9.2","150","0","0","0","0","0","0","0","0","0","0","0","0","0","0","0","88","0","0","2","0","0","10","0",0,100,0,0,"0","4.6","4.0","1","1","WWTP other agency","Irvine Ranch Water District",NA,1,"No"," "," "," ",0,0,0,0,NA
"8","8SSO10632","Historical","11/29/2006"," ","85","800","5000","0",0,"0","0","0"," ","0"," "," ","0"," "," ","0"," "," ",NA,NA," "," "," "," "," "," "," "," "," "," "," "," ",NA,NA,"0",".3",".2","upperLower",".2","0"," "," "," ","0"," "," ","0"," "," ","0"," "," ","0"," "," ","100"," "," ","0"," "," ","0"," ",NA,NA,NA,NA,"0","0",".5"," "," "," "," "," ",0," "," "," "," ",0,NA,NA,NA,NA
"8","8SSO10635","Active","03/30/2023","Municipal (Public)","6,200","120,000","300,000","8",4,"2","1","0","0","0","0","0","0","0","0","0","0","0",0,0,"0","0","87","0","1","0","12","0","0","0","0","0",100,0,"0.1","29","19","none","0","2000","0","0","0","0","0","0","0","0","0","0","0","0","10","0","0","80","0","0","10","0","0","0","0",0,100,0,0,"2","15","4","10","10","SSS other agency","City Of Orange","8SSO10591",1,"No"," "," "," ",0,0,0,0,NA
"8","8SSO10636","Active","12/14/2022","Municipal (Public)","64,194","9,873,042","4,957,906","2",4,"6","6","2","1","3","0","0","1","0","1","1","0","0",0,0,"1","35","70","65","25","0","4","0","0","0","0","0",100,100,"4","180","447","lower","30","14457","0","0","0","0","0","0","0","0","0","0","0","0","0","0","0","94","0","0","6","0","0","0","0",0,100,0,0,"0","170","30","5","6.5","WWTP same agency","City of Colton","8SSO10636",2,"No"," "," "," ",0,1,0,1,NA
"8","8SSO10637","Active","10/10/2022","Municipal (Public)","15000","573,892","225,000","0",5,"1","1","0","0","2","0","0","0","0","0","5","0","0",1,0,"5","0","70","0","0","1","25","0","0","0","0","0",100,100,"183","132","15","upperLower","15","6000","0","0","0","0","0","0","0","0","0","0","0","0","20","0","0","20","0","1","50","1","6","10","7",7,100,8,14,"5","10","2",".520",".520","WWTP same agency","Western Water Recycling Facility","0",1,"No"," "," "," ",0,0,0,1,NA
"8","8SSO10640","Active","12/20/2022","Municipal (Public)","2,600,000","18,900,000","45,000,000","0",19,"3","1","2","1","6","0","1","9","0","0","6","1","0",1,0,"0","4","1","4","17","4","40","66","42","22","0","0",100,100,"28","388","0","none","0","37000","0","0","0","0","0","0","0","0","0","1","0","0","29","1","0","29","4","0","24","4","0","17","6",0,100,15,0,"0","41.9","112.2","181.9","349","WWTP same agency","Orange County Sanitation District","8SSO10640",1,"No"," "," "," ",0,30,6,102,NA
"8","8SSO10641","Active","04/11/2023","Municipal (Public)","75,000","2,913,747","0","6",12,"4","2","1","0","8","0","0","0","0","0","2","0","0",0,0,"1","0","77","0","21","0","1","0","0","0","0","0",100,0,"0.18","267","0","none","0","24391","0","0","0","0","0","0","0","0","0","0","0","0","0","0","0","70","0","0","20","0","1","10","0",1,100,0,2,"0","150","66","0.5","0.8","WWTP other agency","OC San District",NA,1,"Yes","No","Placentia",NA,2,100,0,95,NA
"8","8SSO10642","Historical","02/24/2011","Municipal","23,000","400,000","94,000","0",0,"1","1","0","0","0","0","0","0","0","0","0","0","0",NA,NA," "," "," "," "," "," "," "," "," "," "," "," ",NA,NA,"0","82.4","0","none"," ","6175"," "," "," ","0"," "," ","0"," "," ","0"," "," ","0"," "," ","14"," "," ","81"," "," ","5"," ",NA,NA,NA,NA,"2","73","15"," "," "," "," "," ",0," "," "," "," ",0,NA,NA,NA,NA
"8","8SSO10643","Active","03/06/2023","Municipal (Public)","49,000","1,355,298","0","10",33,"11","9","9","3","3","0","0","2","0","0","4","0","0",1,1,"0","37","86","0","13","63","1","0","0","0","0","0",100,100,"2.2","205.4","180","none","0","16000","0","0","0","0","0","0","0","0","0","0","0","0","0","0","0","0","0","0","79","1","3","21","0",1,100,1,4,"2","110","25.5","4","8","SSS same agency","Wochholz Regional Water Recycling Facility","N/A",1,"No"," "," "," ",0,10,0,0,NA
"8","8SSO11146","Active","05/23/2023","Municipal (Public)","8,078","1,386,773","1,249,900","0",8,"2","1","5","0","2","0","0","1","0","0","0","0","0",1,1,"0","0","0","0","0","0","0","0","0","0","100","0",100,0,"0.1","8.1","4","none","0","2086","0","0","0","0","0","0","0","0","0","0","0","0","0","0","0","0","0","0","0","0","0","100","0",0,100,0,0,"2","3.6","6.6",".2",".3","WWTP same agency","LCNRP","0",1,"No"," "," "," ",0,0,0,0,NA
"8","8SSO11178","Active","12/22/2022","Prison","4,000","40,000","40,000","0",7,"7","1","0","0","0","0","0","0","0","0","0","0","0",0,0,"50","0","40","0","10","0","0","0","0","0","0","0",100,0,"0","75","50","upperLower","100","1474","0","0","0","0","0","0","0","0","0","0","0","0","70","0","0","10","0","0","10","0","0","10","0",0,100,0,0,"0","10","0",".6",".8","WWTP same agency","California Institution for Men","18SSO11178",4,"No","No","na","0",4,0,0,0,NA
"8","8SSO11179","Active","08/15/2022","Prison","1,675","30,000","30,000","0",4,"2","1","0","0","0","0","0","0","0","0","0","0","0",0,0,"70","0","20","0","10","0","0","0","0","0","0","0",100,0,"3","2","4","upperLower","4","1600","0","0","0","0","0","0","0","0","0","0","0","0","70","0","0","0","0","0","10","0","0","20","0",2,100,0,2,"0","0","0","368,859","420,645","SSS other agency","Santa Ana","D1007-2.1",1,"No"," "," "," ",0,0,0,0,NA
"8","8SSO11181","Active","04/06/2023","Prison","3,700","200,000","400,000","0",5,"2","3","0","0","0","0","0","0","0","0","0","0","0",0,0,"50","0","30","0","20","0","0","0","0","0","0","0",100,0,"2.5","5","2.5","upperLower","2.5","32","0","0","0","0","0","0","0","0","0","35","0","0","65","0","0","0","0","0","0","0","0","0","0",0,100,0,0,"0","1","1","0.57","0.83","SSS other agency","City Of Norco","0",1,"No"," "," "," ",0,0,0,0,NA
"8","8SSO11381","Active","01/03/2023","Prison","9","0","0","0",3,"0","1","0","0","0","0","0","0","0","0","0","0","0",0,0,"35","0","25","0","15","0","0","0","0","0","25","0",100,0,"0","2.7","2.7","upperLower","2.7","1","0","0","0","0","0","0","0","0","0","0","0","0","40","0","0","55","0","0","05","0","0","0","0",0,100,0,0,"0","0","0","0.0001","0.0001","SSS other agency","City of Chino","8SSO11385",1,"No"," "," "," ",0,0,0,0,NA
"8","8SSO11382","Active","09/23/2022","Municipal (Public)","186,600","17,917,400","2,608,883","4",6,"1","1","4","0","4","0","0","2","0","0","3","0","0",0,0,"1","16","74","13","19","61","5","10","1","0","0","0",100,100,"7.6","427","206","lower","206","32881","0","0","0","4","0","0","3","0","0","4","0","0","24","0","0","32","0","1","29","1","0","4","1",1,100,2,2,"0","310","22","12.7","17.9","WWTP other agency","Inland Empire Utilities Agency","na",1,"No"," "," "," ",0,0,0,9,NA
"8","8SSO11383","Active","08/01/2023","Municipal (Public)","173,946","10,662,789","1,552,621","0",9,"1","1","0","0","0","0","0","4","0","0","5","0","1",2,2,"1","100","56","0","33","0","10","0","0","0","0","0",100,100,"0.5","430","278","lower","2","37553","0","0","0","0","0","0","0","0","0","0","0","0","5","0","0","45","0","1","20","0","1","30","0",0,100,0,2,"5","421","51","4.35","4.35","WWTP other agency","Inland Empire Utilities Agency","0",1,"No"," "," "," ",0,0,0,6,NA
"8","8SSO11385","Historical","05/08/2023","Municipal (Public)","91,000","215,000","906,000","0",3,"1","1","0","0","2","0","0","0","0","0","0","0","0",0,0,"1","50","75","0","22","50","2","0","0","0","0","0",100,100,"1","225","169","none","0","20963","0","0","0","0","0","0","0","0","0","9","0","0","12","0","0","39","0","0","25","0","0","15","1",2,100,1,2,"3","16","16","6","10","WWTP other agency","IEUA Regional Plant - 1","8 332818001",3,"No"," "," "," ",0,6,0,5,NA
"8","8SSO11418","Active","01/11/2023","Municipal (Public)","32,400","1,132,962","220,227","2",5,"2","1","3","0","2","0","0","0","0","0","0","0","0",0,0,"7","0","80","0","12","0","1","0","0","0","0","0",100,0,"0","140","129","none","0","13555","0","0","0","0","0","0","0","0","0","0","0","0","30","0","0","60","0","0","10","0","0","0","0",0,100,0,0,"2","60","17","1","1","SSS other agency","Eastern Municipal Water District","SSO",1,"Yes","Yes","Lake Hemet Municipal Water District","8SSO10585",1,0,0,0,NA
"8","8SSO11424","Active","01/27/2023","Municipal (Public)","36,827","3,145,500","1,298,700","0",13,"3","1","3","0","0","0","0","0","0","0","0","0","0",0,0,"2","10","70","10","25","40","3","40","0","0","0","0",100,100,"3.5","50","58","none","0","6200","0","0","0","0","0","0","0","0","0","0","0","0","15","0","0","65","0","0","15","0","2","5","2",2,100,2,4,"0","40","5","1.7","2.3","WWTP other agency","City of Riverside","????",1,"No"," "," "," ",0,1,2,4,NA
"8","8SSO11477","Active","12/01/2022","Municipal (Public)","219,573","20,469,120","635,000","0",16,"1","1","0","0","1","0","0","2","0","0","0","0","0",0,0,"1","20","75","30","17","30","6","20","1","0","0","0",100,100,"2","468","345","lower","210","45900","0","0","0","0","0","0","0","0","0","0","0","0","16","0","0","10","1","1","51","3","0","23","0",1,100,4,2,"0","246","8","11.09","11.09","WWTP other agency","Inland Empire Utilities Agency","N/A",2,"No"," "," "," ",0,0,0,2,NA
"8","8SSO11501","Historical","10/27/2020","Municipal (Public)","38,799","4,073,291","35,000","2",1,"0","1","3","0","0","0","0","0","0","0","0","0","0",0,0,"0","0","85","0","10","0","5","0","0","0","0","0",100,0,"0","86","66.4","none","0","9182","0","0","0","0","0","0","0","0","0","0","0","0","4","0","0","68","0","0","18","0","0","10","0",0,100,0,0,"0","86","20","3.4","3.4","WWTP other agency","Inland Empire Utilities Agency CCWRF","8 332818001",1,"No"," "," "," ",0,0,0,1,NA
"8","8SSO11502","Active","05/05/2023","Municipal (Public)","6,000","450,000","1,200,000","0",0,"0","1","0","0","0","0","0","0","0","0","0","0","0",0,0,"15","0","67","0","14","0","0","0","0","0","4","0",100,0,"0","16.8","8","lower","4","1054","4","0","0","0","0","0","0","0","0","0","0","0","69","0","0","11","0","0","6","0","0","10","0",0,100,0,0,"0","16.7","0","0.52",".65","WWTP other agency","City of Riverside","NPDES CA0105350",4,"No"," "," "," ",0,0,0,0,NA
"8","8SSO11513","Active","09/30/2022","Municipal (Public)","19,198","3,916,112","10,843,930","1",13,"1","1","4","0","4","2","1","3","1","2","1","4","0",1,1,"1","1","46","0","42","99","9","0","2","0","0","0",100,100,"4","65","12.37","none","0","2611","0","0","0","0","0","0","0","0","0","0","0","0","0","0","0","28","0","0","12","0","0","60","2",2,100,2,2,"3","37.58","0.97","4.87","6.88","WWTP other agency","OCSD Plant 1","8 300110002",1,"No"," "," "," ",0,17,2,3,NA
"8","8SSO11518","Active","09/30/2022","Municipal (Public)","14,484","3,916,112","10,843,930","1",13,"1","1","4","0","4","2","1","3","1","2","1","4","0",1,1,"4","35","85","0","11","65","0","0","0","0","0","0",100,100,"5","62","3","none","0","597","0","0","0","0","0","0","0","0","0","0","0","0","0","0","0","0","0","0","61","1","0","39","0",0,100,1,0,"3","1.28","0.93","0.98","1.35","WWTP other agency","OCSD Plant 2","8 300110002",1,"No"," "," "," ",0,55,2,0,NA
"8","8SSO11525","Active","10/05/2021","Park (w/Campground)","550,000","65,000","0","92",0,"6","2","0","0","0","0","0","0","0","0","0","0","0",0,0,"80","30","20","70","0","0","0","0","0","0","0","0",100,100,"2.2","6.3","2.0","lower","2.0","282","0","0","0","0","0","0","0","0","0","0","0","0","0","0","0","30","0","0","60","0","0","10","0",0,100,0,0,"0","0.3","0.3","7,000","9,000","SSS other agency","Eastern municipal","8SSO11525",1,"No"," "," "," ",0,0,0,0,NA
"8","8SSO11543","Historical","02/23/2022","Park (w/Campground)","6,250","29,480","0","1",2,"0","1","0","0","0","0","0","0","0","0","0","0","0",0,0,"100","100","0","0","0","0","0","0","0","0","0","0",100,100,"1.1","2.1","1.9","upperLower","1.9","87","0","0","0","0","0","0","0","0","0","0","0","0","0","0","0","0","0","0","34","3","0","66","14",0,100,17,0,"3.2","0.5","0.5","15,000","1,000","WWTP other agency","Irvine Water District","0",1,"No"," "," "," ",0,0,0,0,NA
"8","8SSO11546","Historical","06/03/2022","Park (w/Campground)","25,000","6,988","0","2",2,"1","1","0","0","0","0","0","0","0","0","0","0","0",0,0,"15","100","15","0","70","0","0","0","0","0","0","0",100,100,"1.1","1.4","0.4","upperLower","0.4","41","0","0","0","0","0","0","0","0","0","0","0","0","0","0","0","70","0","0","5","0","0","25","0",0,100,0,0,"0","0","0","0.063","0.063","SSS other agency","Orange County Sanitation District","8SS011546",4,"No"," "," "," ",0,0,0,0,NA
"8","8SSO11606","Active","07/03/2023","Airport","650","160,000","175,000","0",2,"1","3","0","0","0","0","0","0","0","0","0","0","0",0,0,"19","0","39","0","42","0","0","0","0","0","0","0",100,0,"0","4","1","upperLower","1","55","0","0","0","0","0","0","0","0","0","0","0","0","49","0","0","10","0","0","40","0","0","1","0",0,100,0,0,"1","4","4",".01",".04","WWTP other agency","Inland empire utilities agency","8SS011606",1,"No"," "," "," ",0,0,0,0,NA
"8","8SSO11753","Active","05/31/2023","Hospital","3,000","97,983","0","0",8,"2","1","5","0","2","0","0","1","0","0","0","0","0",1,1,"4","0","55","0","41","0","0","0","0","0","0","0",100,0,"0","2","0.38","upperLower","0.38","25","000","000","000","0","000","000","0","000","000","0","000","000","0","000","000","0","000","000","90","000","000","10","000",0,100,0,0,"0","0.90","0","16.2","16.2","SSS other agency","City of Colton Wastewater Treatment Plant",NA,1,"No"," "," "," ",0,0,0,0,NA
"8","8SSO18106","Active","05/23/2023","Municipal (Public)","0","1,000,000","0","0",8,"2","1","5","0","2","0","0","1","0","0","0","0","0",1,1,"0","0","0","0","0","0","0","0","0","0","100","100",100,100,"0","4.9","0","none","0","0","0","0","0","0","0","0","0","0","0","0","0","0","10","0","0","80","0","0","8","0","0","2","0",0,100,0,0,"0","1.27","0","0","0","SSS other agency","City of Yucapai","unknown",1,"No"," "," "," ",0,0,0,0,NA
"8","8SSO18107","Active","05/23/2023","Municipal (Public)","0","1,000,000","0","0",8,"2","1","5","0","2","0","0","1","0","0","0","0","0",1,1,"0","0","0","0","0","0","0","0","0","0","100","100",100,100,"0","0.8","0","none","0","0","0","0","0","0","0","0","0","0","0","0","0","0","10","0","0","80","0","0","8","0","0","2","0",0,100,0,0,"0","0.22","0","0","0","WWTP same agency","Septic tank","8SSO18107",1,"No"," "," "," ",0,0,0,0,NA
"8","8SSO18108","Active","05/23/2023","Municipal (Public)","0","1,000,000","0","0",8,"2","1","5","0","2","0","0","1","0","0","0","0","0",1,1,"0","0","0","0","0","0","0","0","0","0","100","100",100,100,"0","2.9","0","none","0","0","0","0","0","0","0","0","0","0","0","0","0","0","10","0","0","80","0","0","8","0","0","2","0",0,100,0,0,"0","0.23","0.21","0","0","SSS other agency","Chino","unknown",1,"No"," "," "," ",0,0,0,1,NA
"8","8SSO18109","Active","03/22/2023","Municipal (Public)","72,550","1,653,900","11,520,400","1",5,"1","3","4","0","3","0","0","0","0","0","1","0","0",0,0,"1","0","92","0","6","0","1","0","0","0","0","0",100,0,"0","175","200","none","0","17955","0","0","0","0","0","0","0","0","0","0","0","0","1","0","0","91","0","0","5","0","0","3","0",0,100,0,0,"0","208.9","39.7","6.1","10.2","WWTP other agency","Orange County Sanitation District","8SSO10640",1,"No"," "," "," ",0,20,0,10,NA
"9","9SSO10570","Active","01/20/2023","Municipal (Public)","58,821","9,321,250","2,554,800","3",27,"7","3","1","0","2","0","0","0","0","0","3","0","0",0,0,"13","6","70","22","13","72","4","0","0","0","0","0",100,100,"6","114","38","lower","38","9549","0","0","0","0","0","0","0","0","0","0","0","0","0","0","0","90","7","3","7","0","0","3","1",0,100,8,3,"4","11.4","1.6","3.528","7.92","SSS same agency","EL TORO WATER DISTRICT","9SSO10570",1,"No"," "," "," ",0,12,1,9,NA
"9","9SSO10644","Active","05/24/2023","Municipal (Public)","15,000","700,000","2,000,000","0",7,"1","1","4","0","2","0","1","0","0","0","0","0","0",0,0,"40","0","60","10","0","90","0","0","0","0","0","0",100,100,"20","65","20","none","0","2600","0","0","0","0","0","0","0","0","0","0","0","0","0","0","0","0","0","0","25","1","0","75","10",0,100,11,0,"10","10","10","0.95","1.1","WWTP same agency","Olivenhian Mun. Water District","9SSO10644",1,"No"," "," "," ",0,1,3,0,NA
"9","9SSO10645","Active","04/04/2023","School","15,000","13,000","0","65",14,"9","5","0","0","0","0","0","0","0","0","0","0","0",0,0,"24","0","57","0","19","0","0","0","0","0","0","0",100,0,"0","1.8","0","none","0","0","0","0","0","0","0","0","0","0","0","0","0","0","0","0","0","0","0","0","10","0","0","90","0",0,100,0,0,"0","1.8","1.8","0.2","0.2","SSS other agency","Vallecitos","9SSO10676",1,"No"," "," "," ",0,0,0,0,NA
"9","9SSO10646","Active","03/01/2023","Municipal (Public)","280,284","8,622,402","2,754,000","2",46,"6","1","5","0","4","0","0","0","0","0","3","0","0",0,0,"1","93","81","0","14","7","2","0","2","0","0","0",100,100,"3.4","511","400","lower","10","49532","0","0","0","0","0","0","0","0","0","0","0","0","17","0","0","26","0","1","32","0","2","25","0",8,100,0,11,"1","567.27","55.24","16.77","17.02","WWTP other agency","City of San Diego","9SSO10658",1,"No"," "," "," ",0,20,0,1,NA
"9","9SSO10647","Active","03/30/2023","Municipal (Public)","20,627","5,346,820","10,432,000","0",10,"1","10","1","2","0","0","0","1","0","0","3","0","1",0,0,"43","10","32","15","15","68","6","7","0","0","4","0",100,100,"8.47","42.8","40","none","0","10000","0","0","0","5","0","0","10","0","0","25","0","0","30","0","0","25","1","4","3","1","4","2","1",5,100,3,13,"2","1","3","3.2","3.5","SSS other agency","City of San Diego","na",1,"Yes","No","Navy","na",1,0,1,0,NA
"9","9SSO10648","Active","12/02/2022","Municipal (Public)","3,929","3,717,000","125,000","2",5,"1","2","2","0","5","0","0","1","0","0","0","0","0",0,0,"0","0","78","0","20","100","2","0","0","0","0","0",100,100,"3.8","29","25","none","0","1670","0","0","0","0","0","0","0","0","0","0","0","0","22","0","0","36","0","1","37","0","0","5","1",0,100,1,1,"0","20.89","0",".411",".565","WWTP other agency","City of San Diego - Point Loma WWTP","N/A",2,"No"," "," "," ",0,0,2,0,NA
"9","9SSO10649","Active","03/14/2023","Municipal (Public)","101,709","19,500,000","400,000","2",3,"1","4","0","0","0","0","0","0","0","0","1","0","0",0,0,"4","0","79.5","0","12.3","0","3.7","0","0.5","0","0","0",100,0,"0","195","226","none","0","17100","0","0","0","0","0","0","0","0","0","0","0","0","10","0","0","79","0","0","8","0","0","3","0",0,100,0,0,"0.5","249.87","14.15","6.83","16.0","SSS other agency","City of San Diego",NA,3,"Yes","No","County of San Diego",NA,1,16,0,12,NA
"9","9SSO10650","Active","03/06/2023","Municipal (Public)","36,200","5,584,177","17,617,737","1",5,"1","1","0","0","2","0","1","2","0","0","2","0","0",0,0,"8","1","84","0","8","99","0","0","0","0","0","0",100,100,"4.5","124",NA,"none","0","10183","0","0","0","0","0","0","0","0","0","0","0","0","30","0","0","50","0","1","15","1","0","5","2",0,100,3,1,"6.5","165","11","2.2","4.5","WWTP other agency","SAN ELIJO WTPF","9-00000125",2,"Yes","No","RANCHO SANTA FE COMMUNITY SERVICES DISTRICT","9SSO10696",1,3,1,1,NA
"9","9SSO10651","Active","03/06/2023","Municipal (Public)","26,059","5,167,518","1,361,529","2",3,"1","1","4","0","0","0","0","1","0","0","0","0","0",1,0,"22","0","69","4.4","9.2","89","0.7","7.1","0","0","0","0",100,100,"4.6","39.5","103","none","0","10909","0","0","0","0","0","0","0","0","0","0","0","0","79","2","2","16","3","0","1","3","0","4","1",0,100,9,2,"2.6","20","3","2.1","2.5","WWTP other agency","Point Loma Wastewater TP","9 000000275",1,"No"," "," "," ",0,0,0,0,NA
"9","9SSO10652","Active","03/30/2023","Municipal (Public)","58,244","8,248,000","750,000","1",3,"1","1","0","0","0","0","0","0","0","0","0","0","0",0,0,"28","0","62","0","8","0","1","0","0","0","1","0",100,0,"0","155","73","none","0","13000","0","0","0","0","0","0","10","0","0","35","0","0","35","0","0","10","0","0","5","0","0","5","0",0,100,0,0,"10","206","6.4","4","11","WWTP other agency","Point Loma","0",1,"Yes","No","El Cajon","0",2,0,0,0,NA
"9","9SSO10653","Active","03/06/2023","Municipal (Public)","18,000","6,116,000","4,062,000","4",3,"3","1","4","0","2","1","1","0","0","0","0","0","0",0,0,"2","90","80","0","13","0","3","10","0","0","2","0",100,100,"9","92","102","none","0","6650","0","0","0","0","0","0","0","0","0","10","0","3","40","1","6","5","4","5","25","0","2","20","3",1,100,8,17,"3","125","24","2","2.2","WWTP other agency","SOCWA","8302798001",1,"No"," "," "," ",0,0,0,5,NA
"9","9SSO10654","Active","07/13/2023","Municipal (Public)","25,800","7,334,962","7,867,796","1",2,"1","1","0","0","1","0","0","0","0","0","0","0","0",0,0,"13","0","78","0","9","0","0","0","0","0","0","0",100,0,"0.04","68","0","none","0","0","0","0","0","0","0","0","1","0","0","4","0","0","74","0","0","12","0","0","5","0","0","4","0",1,100,0,1,"0","27.5","5.9","2.3","3.03","SSS other agency","City of San Diego","Unknown",2,"No"," "," "," ",0,0,0,0,NA
"9","9SSO10655","Active","07/27/2022","Municipal (Public)","58,967","7,234,300","2,000,000","1",2,"1","0.5","2","0","0","0","0","0","0","0","0","0","0",0,0,"37","0","46","0","14","100","3","0","0","0","0","0",100,100,"1","105","48","none","0","8000","0","0","0","0","0","0","5","0","0","10","0","0","45","0","0","20","0","0","15","0","0","5","2",0,100,2,0,"1","46","15","5","13","SSS other agency","San Diego Metro","0000",1,"No"," "," "," ",0,30,0,0,NA
"9","9SSO10656","Active","01/31/2023","Municipal (Public)","43,216","6,118,117","1,074,000","2",8,"2","1","2","0","2","0","0","1","0","0","2","0","0",0,0,"1","65","79","0","17","35","3","0","0","0","0","0",100,100,"3.5","185","149","lower","74","12290","0","0","0","0","0","0","0","0","0","1","0","0","6","0","0","37","2","0","44","2","0","12","1",0,100,5,0,"0","52","13","2.170","2.118","SSS other agency","City of San Diego","9000000759",1,"Yes","No","City of San Diego","9000000759",1,95,5,3,NA
"9","9SSO10658","Active","01/10/2023","Municipal (Public)","2,380,000","51,588,236","270,615,618","50",146,"37","3","1","0","3","3","5","1","1","3","10","3","2",1,1,"4","13","70","14","18","43","5","13","3","17","0","0",100,100,"112.20","2,944.92","3,340","none","0","267188","1","0","0","0","0","0","0","0","0","1","1","0","14","4","8","27","4","13","18","14","20","39","8",2,100,31,43,"218","1,245","177","157","207","WWTP same agency","Point Loma TP","R9-2009-0001",2,"Yes","No","El Cajon","9SSO10649",5,0,1,30,NA
"9","9SSO10659","Historical","08/05/2021","Municipal (Public)","40,000","5,615,000","8,415,000","2",6,"1","1","2","0","4","0","0","0","0","0","0","0","0",0,0,"2","71","84","29","12","0","2","0","0","0","0","0",100,100,"0.4","124","59","none","0","10280","1","0","0","0","0","0","0","0","0","2","0","0","0","0","0","52","1","0","31","0","0","14","0",1,100,1,1,"0","85","28","3.0","7.5","WWTP other agency","SOCWA","9SSO00175",1,"Yes","No","South Coast Water Dist. Sewer","9SSO10703",2,6,0,7,NA
"9","9SSO10660","Active","11/30/2022","Municipal (Public)","90,000","2,925,372","8,536,288","1",5,"1","1","5","0","2","0","0","1","0","0","0","0","0",0,0,"8","0","74","0","12","13","4","74","0","0","2","13",100,100,"0.3","214.5","153.4","none","0","17109","0","0","0","0","0","0","0","0","0","0","0","0","0","0","0","38","0","0","41","2","0","21","0",0,100,2,0,"10","153.09","16.31","5.45","14.28","SSS other agency","City of Carlsbad","9SSO11209",3,"Yes","No","City of Oceanside","unknown",4,1,1,1,NA
"9","9SSO10662","Active","11/05/2022","Municipal (Public)","199,000","27,325,000","28,440,000","11",19,"5","5","0","0","5","0","0","0","0","4","2","0","0",0,0,"4","21","80","0","10","51","4","28","2","0","0","0",100,100,"5.3","422","0","none","0","35888","0","0","0","0","0","0","0","0","0","0","0","0","20","0","0","67","1","0","10","2","4","3","1",0,100,4,4,"0","288","5.25","11","25","WWTP other agency","METRO to Point Loma facility","9SSO10662",1,"Yes","No","City of Chula Vista","0",5,50,1,2,NA
"9","9SSO10664","Historical","03/21/2022","Municipal (Public)","1,500","759,000","771,000","0",0,"0","1","0","0","0","0","0","0","0","0","0","0","0",0,0,"33","0","67","0","0","0","0","0","0","0","0","0",100,0,"0.5","6.2","7.5","none","0","535","0","0","0","0","0","0","0","0","0","20","0","0","40","0","1","40","0","5","0","0","0","0","0",1,100,0,7,"1.3","6.2","6.2","0.065","0.12","WWTP other agency","South Orange County Wastewater Authority",NA,1,"No"," "," "," ",0,0,0,0,NA
"9","9SSO10666","Active","01/25/2023","Municipal (Public)","1,498","680,000","110,000","0",1,"2","2","1","0","0","0","0","0","2","0","0","0","0",0,0,"5","100","95","0","0","0","0","0","0","0","0","0",100,100,"0.7","15","11.5","none","0","617","0","0","0","0","0","0","0","0","0","0","0","0","0","0","0","0","0","0","100","0","1","0","0",0,100,0,1,"1.5","5.1","1",".130",".204","WWTP same agency","Fairbanks Ranch WWTP","9000000257",1,"No"," "," "," ",0,0,0,0,NA
"9","9SSO10667","Active","08/11/2022","Municipal (Public)","23,000","853,042","400,000","1",5,"1","3","2","3","3","0","0","1","0","0","0","0","0",0,0,"48","47","45","4","6","49","1","0","0","0","0","0",100,100,"4.6","78.6","18.5","none","0","4699","0","0","0","0","0","0","0","0","0","0","0","0","35","0","0","35","2","3","25","1","0","5","0",0,100,3,3,"4.2","64","17.8","1.4","3.2","WWTP same agency","Fallbrook Water Reclamation Plant","9 000000115",1,"No"," "," "," ",0,28,1,0,NA
"9","9SSO10668","Active","02/07/2023","Municipal (Public)","148,000","5,878,850","12,396,107","3",20,"4","4","1","0","7","1","1","4","0","1","3","4","2",0,0,"11","36","70","25","11","39","7","0","1","0","0","0",100,100,"8.33","376.2","83.2","none","0","27497","0","0","0","0","0","0","0","0","0","2","0","0","12","0","0","39","0","0","37","5","2","10","4",0,100,9,2,"11","271","35.7","13","31.4","WWTP same agency","Hale Ave. Resource Recovery Facility","9SS010668",1,"No","No"," "," ",1,57,0,16,NA
"9","9SSO10669","Active","09/30/2022","Municipal (Public)","52,407","3,916,112","10,843,930","1",13,"1","1","4","0","4","2","1","3","1","2","1","4","0",1,1,"1","0","65","7","32","2","2","91","0","0","0","0",100,100,"5","155","70","none","0","11918","1","0","0","0","0","0","0","0","0","0","0","0","0","0","0","43","0","0","38","0","0","18","1",0,100,1,0,"1.5","31.62","6.98","3.31","4.72","WWTP same agency","Los Alisos WRP","8 302006002",1,"Yes","No","Santa Margarita WD","9SSO10697",1,114,2,4,NA
"9","9SSO10673","Active","04/28/2022","Municipal (Public)","159","98,510","0","11",19,"5","5","0","0","5","0","0","0","0","4","2","0","0",0,0,"46","100","54","0","0","0","0","0","0","0","0","0",100,100,"0.6","3","0","none","0","97","0","0","0","0","0","0","0","0","0","0","0","0","60","0","0","27","0","0","0","0","1","13","0",0,100,0,1,"0","3","3","0.025","0.059","WWTP same agency","Julian Water Polluion Faciliaty","9SSO10673",1,"No"," "," "," ",0,4,0,0,NA
"9","9SSO10674","Active","10/10/2022","Municipal (Public)","175,464","4,008,173","89,000,000","11",31,"2","1","2","7","4","0","4","5","0","0","4","0","2",0,0,"13","8","58","5","11","53","3","30","15","4","0","0",100,100,"37.7","456.1","195","none","0","42040","0","0","0","0","0","0","1","0","0","3","0","0","10","3","0","34","8","6","41","7","3","11","3",1,100,21,10,"4","318.78","22.49","12","14.5","WWTP same agency","San Luis Rey WWTP","9sso10674",2,"No"," "," "," ",0,22,6,3,NA
"9","9SSO10675","Active","11/15/2022","Municipal (Public)","4,625","419,498","72,800","2",4,"1","1","2","1","1","0","0","2","0","0","0","0","0",3,0,"20","100","70","0","10","0","0","0","0","0","0","0",100,100,"5","50","14","none","0","2361","0","0","0","0","0","0","0","0","0","0","0","0","0","0","0","60","0","1","30","0","0","10","0",2,100,0,3,"0","4","100",".3",".4","WWTP same agency","Lower Moosa Canyon","95-32",1,"No"," "," "," ",0,0,0,0,NA
"9","9SSO10676","Active","12/28/2022","Municipal (Public)","108,392","8,018,000","22,035,490","1",19,"2","1","2","0","4","1","3","6","0","0","1","0","1",1,1,"2","16","83","29","10","55","4","0","1","0","0","0",100,100,"7.64","260.04","0","none","0","20756","0","0","0","0","0","0","0","0","0","0","0","0","4","0","0","26","1","0","37","1","1","33","0",1,100,2,2,"1.5","258","25","6.54","19.28","WWTP same agency","Meadowlark Reclamation Facility","9SSO10676",2,"No"," "," "," ",0,2,0,4,NA
"9","9SSO10678","Active","10/31/2022","Municipal (Public)","170,236","3,842,771","21,562,361","2",17,"3","3","4","1","6","2","2","3","2","0","7","1","1",0,0,"1","18","83","17","11","44","4","21","1","0","0","0",100,100,"13.4","487.4","0","none","0","50619","0","0","0","0","0","0","0","0","0","0","0","0","0","0","0","44","0","0","53","10","6","3","0",1,100,10,7,"0","396","56.32","10.76","20.99","SSS same agency","Plant 3A","901028139",3,"Yes","No","Santa Margarita Water District","930I005771",3,20,0,10,NA
"9","9SSO10679","Active","01/17/2023","Municipal (Public)","19,700","428,200","734,000","5",12,"5","3","0","0","1","0","1","1","0","0","0","0","0",1,0,"1","75","83","2","14","23","2","0","0","0","0","0",100,100,"2.4","81.4","27.6","none","0","4721","21","0","0","0","0","0","0","0","0","0","0","0","0","0","0","16","1","1","53","0","2","10","1",0,100,2,3,"5","67","9.86","1.049","1.621","WWTP same agency","Otay Water District","9SSO10679",2,"No"," "," "," ",0,0,0,0,NA
"9","9SSO10680","Active","05/03/2023","Municipal (Public)","69,641","12,202,287","1,256,320","6",21,"6","2","9","9","7","0","1","6","0","1","4","0","0",7,0,"49","11","35","0","11","20","5","69","0","0","0","0",100,100,"4.64","164.44","90.89","none","0","15568","0","0","0","0","0","0","0","0","0","0","0","0","13","0","0","51","1","1","20","1","1","16","0",1,100,2,3,"3","170.02","27.60","3.67","11.2","SSS other agency","City of San Diego","9SSO10658",1,"Yes","No","County of San Diego","9SSO10662",1,8,0,4,NA
"9","9SSO10681","Active","04/06/2023","Municipal (Public)","800","30,000","0","0",0,"1","1","0","0","2","0","0","0","0","0","0","0","0",0,0,"20","100","70","0","10","0","0","0","0","0","0","0",100,100,"0.2","8.1","3.2","none","0","386","0","0","0","0","0","0","0","0","0","0","0","0","0","0","0","50","0","0","0","0","0","50","0",0,100,0,0,"0","4","4","047","063","WWTP same agency","Pauma Valley Community Services District",NA,1,"No"," "," "," ",0,4,0,0,NA
"9","9SSO10682","Historical","11/29/2010","Municipal","150","79,184","0","0",13,"2","1","1","0","4","0","0","2","0","0","1","0","0",NA,NA," "," "," "," "," "," "," "," "," "," "," "," ",NA,NA,"0","0.5","0","none"," ","48"," "," "," ","0"," "," ","0"," "," ","0"," "," ","0"," "," ","83"," "," ","17"," "," ","0"," ",NA,NA,NA,NA,"0","0.1","0.1"," "," "," "," "," ",0," "," "," "," ",0,NA,NA,NA,NA
"9","9SSO10687","Active","12/27/2022","Municipal (Public)","7,983","4,319","10,791","0",3,"0","1","0","1","1","0","1","2","1","0","1","0","0",0,4,"1","17","69","2","26","81","4","0","0","0","0","0",100,100,"3","87","27","none","0","3402","0","0","0","0","0","0","0","0","0","0","0","0","0","0","0","34","1","1","32","1","1","34","2",1,100,4,3,"0.25","54","1.50","0.42","0.43","WWTP other agency","Oceanside","N/A",1,"No"," "," "," ",0,8,4,1,NA
"9","9SSO10689","Active","04/28/2022","Municipal (Public)","705","77,100","0","11",19,"5","5","0","0","5","0","0","0","0","4","2","0","0",0,0,"4","0","49","0","47","0","0","0","0","0","0","0",100,0,"0","7","0","none","0","250","0","0","0","0","0","0","0","0","0","0","0","0","75","0","0","0","0","0","0","0","0","25","0",0,100,0,0,"0","7","7","0.055","0.09","WWTP same agency","Rancho Del Campo Pollution Facilty","9SSO10689",1,"No"," "," "," ",0,0,0,0,NA
"9","9SSO10690","Active","01/25/2023","Municipal (Public)","3,550","1,750,000","700,000","1",2,"1","1","1","0","0","0","0","0","0","1","1","0","1",0,0,"10","65","85","35","5","0","0","0","0","0","0","0",100,100,"6","35","45","none","0","1773","0","0","0","0","0","0","0","0","0","5","0","0","5","0","0","21","0","0","50","2","14","19","1",0,100,3,14,"2","10","0.5",".290",".410","WWTP same agency","Rancho Santa Fe WWTP","9000000177",2,"No"," "," "," ",0,0,1,0,NA
"9","9SSO10691","Active","04/06/2023","Municipal (Public)","51,339","11,070,460","5,250,000","0",12,"2","3","1","1","2","1","1","1","1","2","4","1","1",1,2,"1","35","80","30","4","8","1","11","0","0","14","16",100,100,"3.7","177.6","0","none","0","17558","3","0","0","0","0","0","0","0","0","26","0","0","2","0","0","27","0","1","37","3","0","5","4",3,100,7,4,"2","50","32","3.686","6.48","WWTP same agency","City of San Clemente WRP","9SSO10691",1,"No","No"," "," ",1,15,2,0,NA
"9","9SSO10692","Active","01/26/2023","School","40,000","700,000","0","0",8,"1","1","0","0","0","0","0","0","0","0","0","0","0",0,0,"0","0","0","0","0","0","0","0","0","0","100","0",100,0,"0","6","4","upperLower","4","24","0","0","0","0","0","0","0","0","0","10","0","0","25","0","0","30","0","0","25","0","0","10","0",3,100,0,3,"1.5","0.75","0.5",".28",".28","SSS other agency","City of San Diego","unk",1,"No"," "," "," ",0,0,0,0,NA
"9","9SSO10695","Active","04/26/2023","Municipal (Public)","10,395","439,067","400,000","0",2,"1","1","0","1","1","0","0","1","0","0","1","1","0",2,0,"1","0","95","0","4","0","0","0","0","0","0","0",100,0,"0.48","43","63.95","lower","29.52","5196","0","0","0","0","00","0","0","0","0","0","0","0","0","0","0","71","0","0","24","0","0","5","0",1,100,0,1,"0","0.34","19.95",".307",".405","WWTP same agency","San Vicente Water Reclamation Pla","9 000000076",1,"No"," "," "," ",0,0,0,1,NA
"9","9SSO10696","Active","01/25/2023","Municipal (Public)","2,400","175,000","400,000","1",0,"0.5","1","1","0","0","0","0","0","0","1","0","0","0.5",0,0,"0","0","90","0","10","100","0","0","0","0","0","0",100,100,"2","19.7","8.9","none","0","1081","0","0","0","0","0","0","0","0","0","0","0","0","0","0","0","0","0","0","0","0","0","100","1",0,100,1,0,"1","4","0.5",".157",".190","WWTP same agency","Santa Fe Valley WWTP","9000000899",1,"No"," "," "," ",0,1,1,0,NA
"9","9SSO10697","Active","02/24/2023","Municipal (Public)","170,000","24,058,559","6,038,896","5",8,"1","1","8","0","3","0","9","1","4","3","3","4","2",3,8,"1","0","85","6","10","90","4","4","0","0","0","0",100,100,"14","638.9","366","lower","0","52857","0","0","0","0","0","0","0","0","0","0","0","0","0","0","0","5","0","0","70","14","4","25","3",4,100,17,8,"0","300","96","6.4","7.2","WWTP same agency","Santa Margarita Water District","9SSO10697",4,"No"," "," "," ",0,6,4,6,NA
"9","9SSO10698","Active","04/26/2023","Municipal (Public)","21,468","452,225","840,000","0",2,"1","1","0","1","1","0","0","1","0","0","1","1","0",2,0,"10","100","75","0","10","0","5","0","0","0","0","0",100,100,"5.29","32.28","19.91","lower","9.05","1913","0","0","0","0","0","0","0","0","0","0","0","0","30","0","0","45","0","0","15","0","0","10","0",4,100,0,4,"0","36.24","9.45",".817","1.07","WWTP same agency","Santa Maria Water Reclamation Plant","9 000000077",1,"No"," "," "," ",0,0,0,1,NA
"9","9SSO10699","Active","04/04/2023","Municipal (Public)","21,504","408,855","20,500","0",8,"2","1","0","0","0","0","1","0","0","0","2","0","1",1,1,"0","19","85","19","14","62","1","0","0","0","0","0",100,100,"2.5","51.1","66.5","lower","16.6","8881","0","0","0","0","0","0","0","0","0","0","0","0","0","0","0","0","0","0","94","1","1","6","0",0,100,1,1,"0","32.75","4.7","0.82","2.1","WWTP other agency","Santa Rosa WRF","9SSO10699",1,"No","No","Western Municipal",NA,2,0,0,0,NA
"9","9SSO10700","Active","11/23/2022","Municipal (Public)","41,000","1,837,697","5,880,291","1",4,"2","1","5","0","2","0","0","1","0","0","0","0","0",0,0,"3","0","84","0","10","50","3","50","0","0","0","0",100,100,"3.3","93.4","54","none","0","6495","0","0","0","0","0","0","0","0","0","0","0","0","0","0","0","26","0","0","43","0","0","31","2",0,100,2,0,"3","93.83","9.99","1.89","4.89","WWTP same agency","Encina Water Pollution Control Facility","N/A",2,"Yes","No","City of Carlsbad","9SSO11209",3,2,0,1,NA
"9","9SSO10703","Active","05/01/2023","Municipal (Public)","42,174","18,700,000","28,600,000","1",7,"1","3","3","0","0","0","1","2","0","0","4","0","0",0,0,"10","20","77","27","10","19","3","34","0","0","0","0",100,100,"3","138","150","none","0","14770","0","0","0","0","0","0","0","0","0","14","0","0","22","0","0","40","1","2","12","2","0","12","2",6,100,5,8,"2.8","150","33","2.81","3.81","WWTP other agency","SOCWA Coastal TP","9 000000117",2,"No"," "," "," ",0,1,2,2,NA
"9","9SSO10706","Active","08/27/2022","Municipal (Public)","258,132","1,905,003","6,984,487","2",24,"3","3","1","5","2","6","2","2","1","0","0","2","0",0,0,"3","28","71","21","18","27","7","24","1","0","0","0",100,100,"30","609","na","none","0","57153","0","0","0","0","0","0","0","0","0","0","0","0","0","0","0","5","1","0","38","3","0","57","3",11,100,7,11,"2","250","5","18","19.8","WWTP same agency","Eastern Municipal Water District","9SSO10706",1,"Yes","No","City of Murrieta","9SSO11213",1,0,1,0,NA
"9","9SSO10707","Active","12/14/2022","Municipal (Public)","12,921","2,294,150","2,122,750","1",3,"1","1","2","0","1","0","1","1","0","2","1","0","0",0,0,"0","28","90","42","10","30","0","0","0","0","0","0",100,100,"9","46.5","24","none","0","3200","0","0","0","0","0","0","0","0","0","0","0","0","0","0","0","0","0","0","95","8","1","5","1",0,100,9,1,"0","46.5","0",".620","1.00","WWTP same agency","Robison Ranch Wastewater facility","9SS010707",2,"No"," "," "," ",0,3,0,0,NA
"9","9SSO10709","Active","02/01/2023","School","58,000","350,000","450,000","20",24,"7","4","0","0","0","0","0","0","0","0","0","0","0",0,0,"31","70","42","0","26","30","0","0","0","0","1","0",100,100,"0.5","26.5","3.2","upperLower","3","710","0","0","0","0","0","0","0","0","0","5","0","0","5","0","0","50","0","0","20","0","2","20","1",0,100,1,2,"2","5.59","8.94",".8",".8","WWTP other agency","E.W. Blom Point Loma WWTP","9000000759",1,"No"," "," "," ",0,0,0,0,NA
"9","9SSO10710","Active","11/01/2022","Military","83,340","7,400,000","5,300,000","9",30,"2","1","0","0","0","0","0","0","0","0","0","0","0",0,0,"9","5","62","7","28","62","0","0","0","0","1","26",100,100,"39.2","125","79.5","lower","79.5","4400","0","0","0","0","0","0","0","0","0","0","0","0","45","0","0","0","0","1","23","0","14","32","8",47,100,8,62,"0","56.2","44","3.1","4.8","WWTP same agency","SRTTP","9SSO10710",4,"Yes","Yes","Caltrans Aliso Creek North/South Bound Rest Stops","9SSO10710",5,3,3,2,NA
"9","9SSO10712","Active","01/25/2023","Municipal (Public)","2,901","800,000","100,000","1",1,"1","1","1","0","0","0","0","1","0","1","0","0","1",0,0,"5","100","85","0","10","0","0","0","0","0","0","0",100,100,"1","26","23","none","0","1300","0","0","0","0","0","0","0","0","0","0","0","0","0","0","0","15","0","0","71","0","1","14","0",0,100,0,1,"2","8","1",".250",".434","WWTP same agency","Whispering Palms WWTP","9000000157",1,"No"," "," "," ",0,0,0,1,NA
"9","9SSO11172","Active","01/12/2023","Municipal (Public)","14,000","1,888,872","5,300,000","0",2,"2","1","0","0","0","0","0","0","0","0","0","0","0",0,0,"8","11","83","45","7","44","2","0","0","0","0","0",100,100,"2","49","28","none","0","5000","0","0","0","0","0","0","0","0","0","0","0","0","76","0","0","9","0","0","10","0","0","5","0",1,100,0,0,"0.5","49","10","1.2","0","WWTP other agency","San Elijo Water Reclamation Facility","9000000125",1,"No"," "," "," ",0,0,1,1,NA
"9","9SSO11197","Active","02/14/2023","Prison","4,000","20,000","20,000","0",8,"3","1","0","0","0","0","0","0","0","0","0","0","0",0,0,"50","0","25","0","25","0","0","0","0","0","0","0",100,0,"0","4.0","0","none","0","0","0","0","0","0","0","0","0","0","0","0","0","0","0","0","0","0","0","0","85","0","0","15","0",0,100,0,0,"4.0","0.5","1.5","0","0","WWTP other agency","City of San Diego Metropolitan Sewer","9SSO11197",1,"No"," "," "," ",0,0,0,0,NA
"9","9SSO11203","Active","11/15/2022","Municipal (Public)","810","120,350","23,150","2",4,"1","1","2","1","1","0","0","2","0","0","0","0","0",3,0,"0","99","100","1","0","0","0","0","0","0","0","0",100,100,"2","8.0","5","none","0","310","0","0","0","0","0","0","0","0","0","0","0","0","0","0","0","0","0","0","0","0","0","100","0",2,100,0,2,"0","0","6","55,000","60,000","WWTP same agency","Woods Valley Ranch Reclamation Facility","R9-2015-0104",1,"No"," "," "," ",0,0,0,0,NA
"9","9SSO11209","Active","02/03/2023","Municipal (Public)","85,000","16,999,586","9,022,521","1",10,"1","2","0","2","2","1","2","2","0","0","2","0","1",0,0,"15","6","66.4","20","13","64","3","10","3","0","0","0",100,100,"3.9","282",NA,"none","0","24025","0","0","0","0","0","0","0","0","0","0","0","0","6","0","0","35","0","0","49","5","4","10","1",1,100,6,5,"30","166","35.5","5.8","6.0","WWTP other agency","Encina Wastewater Authroity",NA,4,"No"," "," "," ",0,1,1,3,NA
"9","9SSO11210","Active","07/11/2022","Municipal (Public)","62,607","4,879,676","7,421,446","2",8,"1","4","0","2","1","0","0","6","0","0","3","0","1",0,0,"0.8","10.5","90.0","0.1","9.8","4.1","0.8","86.3","0.0","0.0","1.7","0.0",100,100,"16.67","205","300","none","0","20716","0","0","0","0","0","0","0","0","0","0","0","0","0","0","0","50","3","6","40","0","1","10","0",0,100,3,7,"10","182","65","3.73","7.0","WWTP other agency","Encina Wastewater Authority","9-0000030",1,"Yes","No","City Of Encinitas Wastewater","9SS010650",2,4,5,0,NA
"9","9SSO11213","Active","10/10/2022","Municipal (Public)","7,200","55,000","15,000","7",5,"1","1","2","0","2","0","0","0","0","0","5","0","0",1,0,"10","0","80","0","10","0","0","0","0","0","0","0",100,0,"0","200","50","none","0","2100","0","0","0","0","0","0","0","0","0","0","0","0","0","0","0","0","0","0","10","0","0","90","0",0,100,0,0,"0","0","0",".250",".250","WWTP other agency","Rancho Water District","0",1,"No"," "," "," ",0,0,0,1,NA
"9","9SSO11384","Active","08/08/2022","Military","8,000","300,000","0","0",4,"3","3","0","0","0","0","0","0","0","0","0","0","0",0,0,"65","0","30","0","3","0","0","0","2","0","0","100",100,100,"0","4","2.5","upperLower","2.7","240","0","0","0","0","0","0","0","0","0","75","0","0","0","0","0","20","0","0","5","0","0","0","0",0,100,0,0,"0","5","5","9,200","9,220","WWTP other agency","City of San Diego WWTP","08-0016",1,"No"," "," "," ",0,0,0,0,NA
"9","9SSO11438","Active","01/11/2023","Municipal (Public)","175","490,000","0","1",1,"1","1","0","0","0","0","0","0","0","0","0","0","0",0,0,"80","75","20","25","0","0","0","0","0","0","0","0",100,100,"0.7","1.6","1.5","upperLower","1.5","12","0","0","2","0","0","0","0","0","0","20","0","0","25","0","0","16","0","0","30","1","0","9","0",0,100,1,2,"0.0","2.5","1.0",".620",".650","SSS other agency","City of Del Mar","unknown",2,"No"," "," "," ",0,0,1,0,NA
"9","9SSO11461","Historical","08/10/2020","Municipal (Public)","0","0","0","0",0,"0","0","0","0","0","0","0","0","0","0","0","0","0",0,0,"0","0","0","0","0","0","0","0","0","0","100","100",100,100,"0","0","0","none","0","0","100","0","0","0","0","0","0","0","0","0","0","0","0","00","0","0","00","0","0","0","0","0","00",0,100,0,0,"0","0","0",".1",".1","SSS same agency",NA,NA,4,"No"," "," "," ",0,0,0,0,NA
"9","9SSO11499","Historical","11/29/2010","Prison","0","0","0","0",0,"0","0","0","0","0","0","0","0","0","0","0","0","0",NA,NA," "," "," "," "," "," "," "," "," "," "," "," ",NA,NA,"0","0","0","none"," ","1"," "," "," ","0"," "," ","0"," "," ","0"," "," ","0"," "," ","100"," "," ","0"," "," ","0"," ",NA,NA,NA,NA,"0","1","1"," "," "," "," "," ",0," "," "," "," ",0,NA,NA,NA,NA
"9","9SSO11500","Historical","11/29/2010","Park","0","106,200","0","0",13,"2","1","1","0","4","0","0","2","0","0","1","0","0",NA,NA," "," "," "," "," "," "," "," "," "," "," "," ",NA,NA,"1","1","1","none"," ","0"," "," "," ","0"," "," ","0"," "," ","0"," "," ","0"," "," ","100"," "," ","0"," "," ","0"," ",NA,NA,NA,NA,"0","1","1"," "," "," "," "," ",0," "," "," "," ",0,NA,NA,NA,NA
"9","9SSO11514","Active","09/30/2022","Municipal (Public)","8,461","3,916,112","10,843,930","1",13,"1","1","4","0","4","2","1","3","1","2","1","4","0",1,1,"0","0","88","0","12","0","0","0","0","0","0","0",100,0,"0","4","3","none","0","443","0","0","0","0","0","0","0","0","0","0","0","0","0","0","0","0","0","0","100","0","0","0","0",0,100,0,0,"0.0","38","0","0.11","0.16","WWTP other agency","Trabuco Water District","9 000000785",1,"No"," "," "," ",0,1,0,1,NA
"9","9SSO11530","Active","06/28/2022","Municipal (Public)","15,669","77,687","0","5",13,"2","2","7","1","4","1","3","1","0","1","2","0","2",0,0,"0","0","86","0","14","0","0","0","0","0","0","0",100,0,"0","35","N/A","none","0","4577","0","0","0","0","0","0","0","0","0","0","0","0","0","0","0","0","0","0","80","0","0","20","0",0,100,0,0,"0","10","5","1.0","1.2","SSS other agency","Rancho Water District","9SSO10699",1,"No"," "," "," ",0,0,0,0,NA
"9","9SSO11541","Active","02/01/2023","Park (w/Campground)","1,350","20,000","0","2",3,"1","1","0","0","0","0","0","0","0","0","0","0","0",0,0,"100","100","0","0","0","0","0","0","0","0","0","0",100,100,"1.2","0.6","0.1","upperLower","0.1","15","0","0","0","0","0","0","0","0","0","0","0","0","0","0","0","0","0","0","100","0","2","0","0",0,100,0,2,"0.5","0","0","0.015","0.015","SSS other agency","City of San Clemente",NA,1,"No"," "," "," ",0,0,0,0,NA
"9","9SSO11542","Active","01/11/2023","Park (w/Campground)","6,690","6,988","0","1",2,"1","1","0","0","0","0","0","0","0","0","0","0","0",0,0,"100","0","0","0","0","0","0","0","0","0","0","0",100,0,"0","2.1","0.9","upperLower","0.9","133","0","0","0","0","0","0","0","0","0","0","0","0","0","0","0","25","0","0","75","0","0","0","0",0,100,0,0,"0","0.5","0.5","0","0","SSS other agency","City of San Clemente","N/A",1,"No"," "," "," ",0,0,0,0,NA
"9","9SSO11544","Active","02/01/2023","Park (w/Campground)","23,000","35,450","0","0",2,"1","1","0","0","0","0","0","0","0","0","0","0","0",0,0,"100","100","0","0","0","0","0","0","0","0","0","0",100,100,"0.1","2","1.5","upperLower","1.5","35","0","0","0","0","0","0","0","0","0","0","0","0","0","0","0","100","0","1","0","0","0","0","0",1,100,0,2,"0","3.5","3.5","1,000","7,500","SSS other agency","SCRPS","N/A",1,"No"," "," "," ",0,0,1,0,NA
"8","9SSO11545","Historical","","","","","","",NA,"","","","","","","","","","","","","",NA,NA,"","","","","","","","","","","","",NA,NA,"","","","","","","","","","","","","","","","","","","","","","","","","","","","","",NA,NA,NA,NA,"","","","","","","","",0,"","","","",0,NA,NA,NA,NA
"9","9SSO11546","Active","04/04/2023","Municipal (Public)","43,628","198,711","32,000","0",8,"2","1","0","0","0","0","1","0","0","0","2","0","1",1,1,"0","0","8","68","42","32","35","0","15","0","0","0",100,100,"0.1","17.0","0","none","0","0","0","0","0","0","0","0","0","0","0","0","0","0","0","0","0","0","0","0","71","1","0","29","0",0,100,1,0,"0","7.86","2.5","2.75","8.5","WWTP same agency","Santa Rosa WRF","9SSO11546",1,"Yes","No","Rancho CA Water Dist","9SSO10699",3,2,1,0,NA
"9","9SSO18116","Active","04/25/2023","Municipal (Public)","1,850","705,526","75,000","0",0,"1","0","0","0","0","0","0","0","0","0","0","0","0",0,0,"0","100","99","0","1","0","0","0","0","0","0","0",100,100,"0.5","4.8","2","none","0","740","0","0","0","0","0","0","0","0","0","0","0","0","0","0","0","0","0","0","0","0","0","100","1",0,100,1,0,"0","0","0","0.96","0.155","WWTP same agency","Harmony Grove WRP","9000002490",1,"No"," "," "," ",0,0,0,0,NA
